Tipo de jornada;Comunidades y Ciudades Autonómas;Decil;Periodo;Total
Total;Total Nacional;Total;2024;2.385,6
Total;Total Nacional;Total;2023;2.273,0
Total;Total Nacional;Total;2022;2.118,8
Total;Total Nacional;Total;2021;2.076,5
Total;Total Nacional;Total;2020;2.038,6
Total;Total Nacional;Total;2019;1.982,3
Total;Total Nacional;Total;2018;1.944,4
Total;Total Nacional;Total;2017;1.889,0
Total;Total Nacional;Total;2016;1.878,1
Total;Total Nacional;Total;2015;1.893,7
Total;Total Nacional;Total;2014;1.881,3
Total;Total Nacional;Total;2013;1.869,1
Total;Total Nacional;Total;2012;1.850,3
Total;Total Nacional;Total;2011;1.841,8
Total;Total Nacional;Total;2010;1.838,8
Total;Total Nacional;Total;2009;1.815,2
Total;Total Nacional;Total;2008;1.774,3
Total;Total Nacional;Total;2007;1.643,5
Total;Total Nacional;Total;2006;1.572,6
Total;Total Nacional;1;2024;710,2
Total;Total Nacional;1;2023;645,0
Total;Total Nacional;1;2022;619,7
Total;Total Nacional;1;2021;566,3
Total;Total Nacional;1;2020;521,3
Total;Total Nacional;1;2019;532,3
Total;Total Nacional;1;2018;479,9
Total;Total Nacional;1;2017;464,3
Total;Total Nacional;1;2016;462,7
Total;Total Nacional;1;2015;420,1
Total;Total Nacional;1;2014;411,2
Total;Total Nacional;1;2013;414,5
Total;Total Nacional;1;2012;425,6
Total;Total Nacional;1;2011;464,5
Total;Total Nacional;1;2010;482,4
Total;Total Nacional;1;2009;495,9
Total;Total Nacional;1;2008;501,3
Total;Total Nacional;1;2007;501,7
Total;Total Nacional;1;2006;474,2
Total;Total Nacional;2;2024;1.280,9
Total;Total Nacional;2;2023;1.209,6
Total;Total Nacional;2;2022;1.132,2
Total;Total Nacional;2;2021;1.033,9
Total;Total Nacional;2;2020;1.006,6
Total;Total Nacional;2;2019;994,5
Total;Total Nacional;2;2018;904,9
Total;Total Nacional;2;2017;863,9
Total;Total Nacional;2;2016;856,9
Total;Total Nacional;2;2015;829,0
Total;Total Nacional;2;2014;819,6
Total;Total Nacional;2;2013;812,2
Total;Total Nacional;2;2012;840,2
Total;Total Nacional;2;2011;863,8
Total;Total Nacional;2;2010;893,1
Total;Total Nacional;2;2009;875,9
Total;Total Nacional;2;2008;888,7
Total;Total Nacional;2;2007;852,2
Total;Total Nacional;2;2006;800,7
Total;Total Nacional;3;2024;1.488,5
Total;Total Nacional;3;2023;1.434,1
Total;Total Nacional;3;2022;1.338,8
Total;Total Nacional;3;2021;1.256,8
Total;Total Nacional;3;2020;1.237,0
Total;Total Nacional;3;2019;1.222,5
Total;Total Nacional;3;2018;1.156,5
Total;Total Nacional;3;2017;1.121,9
Total;Total Nacional;3;2016;1.118,3
Total;Total Nacional;3;2015;1.102,1
Total;Total Nacional;3;2014;1.100,9
Total;Total Nacional;3;2013;1.103,3
Total;Total Nacional;3;2012;1.121,7
Total;Total Nacional;3;2011;1.128,9
Total;Total Nacional;3;2010;1.142,0
Total;Total Nacional;3;2009;1.120,0
Total;Total Nacional;3;2008;1.113,4
Total;Total Nacional;3;2007;1.060,7
Total;Total Nacional;3;2006;1.006,0
Total;Total Nacional;4;2024;1.681,5
Total;Total Nacional;4;2023;1.631,6
Total;Total Nacional;4;2022;1.523,1
Total;Total Nacional;4;2021;1.455,0
Total;Total Nacional;4;2020;1.423,4
Total;Total Nacional;4;2019;1.418,1
Total;Total Nacional;4;2018;1.357,4
Total;Total Nacional;4;2017;1.323,0
Total;Total Nacional;4;2016;1.325,4
Total;Total Nacional;4;2015;1.311,0
Total;Total Nacional;4;2014;1.315,5
Total;Total Nacional;4;2013;1.318,7
Total;Total Nacional;4;2012;1.322,1
Total;Total Nacional;4;2011;1.310,0
Total;Total Nacional;4;2010;1.316,3
Total;Total Nacional;4;2009;1.290,2
Total;Total Nacional;4;2008;1.267,3
Total;Total Nacional;4;2007;1.203,8
Total;Total Nacional;4;2006;1.144,2
Total;Total Nacional;5;2024;1.888,7
Total;Total Nacional;5;2023;1.834,0
Total;Total Nacional;5;2022;1.708,7
Total;Total Nacional;5;2021;1.652,7
Total;Total Nacional;5;2020;1.606,9
Total;Total Nacional;5;2019;1.595,3
Total;Total Nacional;5;2018;1.546,7
Total;Total Nacional;5;2017;1.497,7
Total;Total Nacional;5;2016;1.498,2
Total;Total Nacional;5;2015;1.497,7
Total;Total Nacional;5;2014;1.503,0
Total;Total Nacional;5;2013;1.503,0
Total;Total Nacional;5;2012;1.492,7
Total;Total Nacional;5;2011;1.484,8
Total;Total Nacional;5;2010;1.478,5
Total;Total Nacional;5;2009;1.443,6
Total;Total Nacional;5;2008;1.411,7
Total;Total Nacional;5;2007;1.337,1
Total;Total Nacional;5;2006;1.270,4
Total;Total Nacional;6;2024;2.130,0
Total;Total Nacional;6;2023;2.059,5
Total;Total Nacional;6;2022;1.913,1
Total;Total Nacional;6;2021;1.865,7
Total;Total Nacional;6;2020;1.816,8
Total;Total Nacional;6;2019;1.793,6
Total;Total Nacional;6;2018;1.752,6
Total;Total Nacional;6;2017;1.698,0
Total;Total Nacional;6;2016;1.703,9
Total;Total Nacional;6;2015;1.703,7
Total;Total Nacional;6;2014;1.715,1
Total;Total Nacional;6;2013;1.703,7
Total;Total Nacional;6;2012;1.685,4
Total;Total Nacional;6;2011;1.678,8
Total;Total Nacional;6;2010;1.667,4
Total;Total Nacional;6;2009;1.627,3
Total;Total Nacional;6;2008;1.577,7
Total;Total Nacional;6;2007;1.491,6
Total;Total Nacional;6;2006;1.418,5
Total;Total Nacional;7;2024;2.448,0
Total;Total Nacional;7;2023;2.356,7
Total;Total Nacional;7;2022;2.181,8
Total;Total Nacional;7;2021;2.148,0
Total;Total Nacional;7;2020;2.107,4
Total;Total Nacional;7;2019;2.058,5
Total;Total Nacional;7;2018;2.017,4
Total;Total Nacional;7;2017;1.970,3
Total;Total Nacional;7;2016;1.969,4
Total;Total Nacional;7;2015;1.960,4
Total;Total Nacional;7;2014;1.996,7
Total;Total Nacional;7;2013;1.979,2
Total;Total Nacional;7;2012;1.943,5
Total;Total Nacional;7;2011;1.926,5
Total;Total Nacional;7;2010;1.916,6
Total;Total Nacional;7;2009;1.869,8
Total;Total Nacional;7;2008;1.795,6
Total;Total Nacional;7;2007;1.703,2
Total;Total Nacional;7;2006;1.629,4
Total;Total Nacional;8;2024;2.914,7
Total;Total Nacional;8;2023;2.781,8
Total;Total Nacional;8;2022;2.592,8
Total;Total Nacional;8;2021;2.558,2
Total;Total Nacional;8;2020;2.541,4
Total;Total Nacional;8;2019;2.446,6
Total;Total Nacional;8;2018;2.422,0
Total;Total Nacional;8;2017;2.363,2
Total;Total Nacional;8;2016;2.355,0
Total;Total Nacional;8;2015;2.363,6
Total;Total Nacional;8;2014;2.386,3
Total;Total Nacional;8;2013;2.364,5
Total;Total Nacional;8;2012;2.304,2
Total;Total Nacional;8;2011;2.291,5
Total;Total Nacional;8;2010;2.291,4
Total;Total Nacional;8;2009;2.240,0
Total;Total Nacional;8;2008;2.144,9
Total;Total Nacional;8;2007;2.043,0
Total;Total Nacional;8;2006;1.960,3
Total;Total Nacional;9;2024;3.567,3
Total;Total Nacional;9;2023;3.390,6
Total;Total Nacional;9;2022;3.172,8
Total;Total Nacional;9;2021;3.142,9
Total;Total Nacional;9;2020;3.160,3
Total;Total Nacional;9;2019;3.035,5
Total;Total Nacional;9;2018;3.006,2
Total;Total Nacional;9;2017;2.955,5
Total;Total Nacional;9;2016;2.921,9
Total;Total Nacional;9;2015;2.964,2
Total;Total Nacional;9;2014;2.946,6
Total;Total Nacional;9;2013;2.915,8
Total;Total Nacional;9;2012;2.851,6
Total;Total Nacional;9;2011;2.847,5
Total;Total Nacional;9;2010;2.842,3
Total;Total Nacional;9;2009;2.818,5
Total;Total Nacional;9;2008;2.695,8
Total;Total Nacional;9;2007;2.570,1
Total;Total Nacional;9;2006;2.447,8
Total;Total Nacional;10;2024;5.741,0
Total;Total Nacional;10;2023;5.386,7
Total;Total Nacional;10;2022;5.002,0
Total;Total Nacional;10;2021;5.083,8
Total;Total Nacional;10;2020;4.964,0
Total;Total Nacional;10;2019;4.725,5
Total;Total Nacional;10;2018;4.799,6
Total;Total Nacional;10;2017;4.631,2
Total;Total Nacional;10;2016;4.568,7
Total;Total Nacional;10;2015;4.784,5
Total;Total Nacional;10;2014;4.616,9
Total;Total Nacional;10;2013;4.574,9
Total;Total Nacional;10;2012;4.515,0
Total;Total Nacional;10;2011;4.418,4
Total;Total Nacional;10;2010;4.356,5
Total;Total Nacional;10;2009;4.370,1
Total;Total Nacional;10;2008;4.346,3
Total;Total Nacional;10;2007;3.670,8
Total;Total Nacional;10;2006;3.573,7
Total;01 Andalucía;Total;2024;2.146,5
Total;01 Andalucía;Total;2023;2.100,7
Total;01 Andalucía;Total;2022;1.906,8
Total;01 Andalucía;Total;2021;1.864,5
Total;01 Andalucía;Total;2020;1.837,3
Total;01 Andalucía;Total;2019;1.773,0
Total;01 Andalucía;Total;2018;1.749,0
Total;01 Andalucía;Total;2017;1.681,3
Total;01 Andalucía;Total;2016;1.686,4
Total;01 Andalucía;Total;2015;1.653,9
Total;01 Andalucía;Total;2014;1.645,5
Total;01 Andalucía;Total;2013;1.645,4
Total;01 Andalucía;Total;2012;1.639,0
Total;01 Andalucía;Total;2011;1.677,0
Total;01 Andalucía;Total;2010;1.658,8
Total;01 Andalucía;Total;2009;1.659,9
Total;01 Andalucía;Total;2008;1.601,8
Total;01 Andalucía;Total;2007;1.512,7
Total;01 Andalucía;Total;2006;1.444,0
Total;01 Andalucía;1;2024;727,1
Total;01 Andalucía;1;2023;662,5
Total;01 Andalucía;1;2022;627,7
Total;01 Andalucía;1;2021;566,8
Total;01 Andalucía;1;2020;533,0
Total;01 Andalucía;1;2019;535,1
Total;01 Andalucía;1;2018;495,0
Total;01 Andalucía;1;2017;451,9
Total;01 Andalucía;1;2016;460,2
Total;01 Andalucía;1;2015;432,9
Total;01 Andalucía;1;2014;402,1
Total;01 Andalucía;1;2013;406,3
Total;01 Andalucía;1;2012;428,0
Total;01 Andalucía;1;2011;471,8
Total;01 Andalucía;1;2010;489,1
Total;01 Andalucía;1;2009;511,1
Total;01 Andalucía;1;2008;504,4
Total;01 Andalucía;1;2007;504,8
Total;01 Andalucía;1;2006;472,8
Total;01 Andalucía;2;2024;1.278,3
Total;01 Andalucía;2;2023;1.200,2
Total;01 Andalucía;2;2022;1.136,3
Total;01 Andalucía;2;2021;1.031,6
Total;01 Andalucía;2;2020;998,4
Total;01 Andalucía;2;2019;992,5
Total;01 Andalucía;2;2018;899,3
Total;01 Andalucía;2;2017;863,0
Total;01 Andalucía;2;2016;852,3
Total;01 Andalucía;2;2015;827,0
Total;01 Andalucía;2;2014;821,2
Total;01 Andalucía;2;2013;807,8
Total;01 Andalucía;2;2012;834,6
Total;01 Andalucía;2;2011;860,8
Total;01 Andalucía;2;2010;894,9
Total;01 Andalucía;2;2009;871,2
Total;01 Andalucía;2;2008;886,7
Total;01 Andalucía;2;2007;845,3
Total;01 Andalucía;2;2006;797,0
Total;01 Andalucía;3;2024;1.488,5
Total;01 Andalucía;3;2023;1.434,5
Total;01 Andalucía;3;2022;1.340,5
Total;01 Andalucía;3;2021;1.256,4
Total;01 Andalucía;3;2020;1.234,9
Total;01 Andalucía;3;2019;1.223,1
Total;01 Andalucía;3;2018;1.149,5
Total;01 Andalucía;3;2017;1.113,9
Total;01 Andalucía;3;2016;1.108,3
Total;01 Andalucía;3;2015;1.098,0
Total;01 Andalucía;3;2014;1.101,2
Total;01 Andalucía;3;2013;1.103,6
Total;01 Andalucía;3;2012;1.118,1
Total;01 Andalucía;3;2011;1.124,1
Total;01 Andalucía;3;2010;1.141,7
Total;01 Andalucía;3;2009;1.119,7
Total;01 Andalucía;3;2008;1.116,7
Total;01 Andalucía;3;2007;1.059,3
Total;01 Andalucía;3;2006;1.006,5
Total;01 Andalucía;4;2024;1.682,2
Total;01 Andalucía;4;2023;1.632,0
Total;01 Andalucía;4;2022;1.521,4
Total;01 Andalucía;4;2021;1.449,7
Total;01 Andalucía;4;2020;1.421,5
Total;01 Andalucía;4;2019;1.414,5
Total;01 Andalucía;4;2018;1.360,4
Total;01 Andalucía;4;2017;1.324,3
Total;01 Andalucía;4;2016;1.324,3
Total;01 Andalucía;4;2015;1.312,3
Total;01 Andalucía;4;2014;1.314,9
Total;01 Andalucía;4;2013;1.316,9
Total;01 Andalucía;4;2012;1.316,6
Total;01 Andalucía;4;2011;1.307,2
Total;01 Andalucía;4;2010;1.318,6
Total;01 Andalucía;4;2009;1.287,9
Total;01 Andalucía;4;2008;1.270,6
Total;01 Andalucía;4;2007;1.203,9
Total;01 Andalucía;4;2006;1.142,9
Total;01 Andalucía;5;2024;1.897,3
Total;01 Andalucía;5;2023;1.831,8
Total;01 Andalucía;5;2022;1.706,6
Total;01 Andalucía;5;2021;1.655,1
Total;01 Andalucía;5;2020;1.604,3
Total;01 Andalucía;5;2019;1.597,1
Total;01 Andalucía;5;2018;1.544,7
Total;01 Andalucía;5;2017;1.500,5
Total;01 Andalucía;5;2016;1.500,5
Total;01 Andalucía;5;2015;1.500,9
Total;01 Andalucía;5;2014;1.502,7
Total;01 Andalucía;5;2013;1.501,0
Total;01 Andalucía;5;2012;1.496,8
Total;01 Andalucía;5;2011;1.484,8
Total;01 Andalucía;5;2010;1.476,0
Total;01 Andalucía;5;2009;1.443,1
Total;01 Andalucía;5;2008;1.413,3
Total;01 Andalucía;5;2007;1.335,9
Total;01 Andalucía;5;2006;1.268,2
Total;01 Andalucía;6;2024;2.131,3
Total;01 Andalucía;6;2023;2.059,8
Total;01 Andalucía;6;2022;1.907,8
Total;01 Andalucía;6;2021;1.857,8
Total;01 Andalucía;6;2020;1.809,9
Total;01 Andalucía;6;2019;1.795,0
Total;01 Andalucía;6;2018;1.748,9
Total;01 Andalucía;6;2017;1.692,6
Total;01 Andalucía;6;2016;1.704,2
Total;01 Andalucía;6;2015;1.697,2
Total;01 Andalucía;6;2014;1.708,2
Total;01 Andalucía;6;2013;1.702,1
Total;01 Andalucía;6;2012;1.679,2
Total;01 Andalucía;6;2011;1.674,8
Total;01 Andalucía;6;2010;1.663,9
Total;01 Andalucía;6;2009;1.619,8
Total;01 Andalucía;6;2008;1.573,1
Total;01 Andalucía;6;2007;1.487,2
Total;01 Andalucía;6;2006;1.415,7
Total;01 Andalucía;7;2024;2.456,0
Total;01 Andalucía;7;2023;2.354,3
Total;01 Andalucía;7;2022;2.177,5
Total;01 Andalucía;7;2021;2.144,1
Total;01 Andalucía;7;2020;2.103,8
Total;01 Andalucía;7;2019;2.064,5
Total;01 Andalucía;7;2018;2.016,2
Total;01 Andalucía;7;2017;1.981,0
Total;01 Andalucía;7;2016;1.971,9
Total;01 Andalucía;7;2015;1.961,4
Total;01 Andalucía;7;2014;1.993,4
Total;01 Andalucía;7;2013;1.986,2
Total;01 Andalucía;7;2012;1.935,2
Total;01 Andalucía;7;2011;1.926,5
Total;01 Andalucía;7;2010;1.918,8
Total;01 Andalucía;7;2009;1.860,3
Total;01 Andalucía;7;2008;1.793,8
Total;01 Andalucía;7;2007;1.707,5
Total;01 Andalucía;7;2006;1.628,5
Total;01 Andalucía;8;2024;2.910,7
Total;01 Andalucía;8;2023;2.774,5
Total;01 Andalucía;8;2022;2.595,6
Total;01 Andalucía;8;2021;2.564,0
Total;01 Andalucía;8;2020;2.546,3
Total;01 Andalucía;8;2019;2.443,7
Total;01 Andalucía;8;2018;2.429,3
Total;01 Andalucía;8;2017;2.361,5
Total;01 Andalucía;8;2016;2.347,8
Total;01 Andalucía;8;2015;2.367,7
Total;01 Andalucía;8;2014;2.378,0
Total;01 Andalucía;8;2013;2.347,7
Total;01 Andalucía;8;2012;2.296,0
Total;01 Andalucía;8;2011;2.285,5
Total;01 Andalucía;8;2010;2.288,1
Total;01 Andalucía;8;2009;2.243,2
Total;01 Andalucía;8;2008;2.153,4
Total;01 Andalucía;8;2007;2.047,1
Total;01 Andalucía;8;2006;1.964,4
Total;01 Andalucía;9;2024;3.546,7
Total;01 Andalucía;9;2023;3.378,1
Total;01 Andalucía;9;2022;3.152,3
Total;01 Andalucía;9;2021;3.105,7
Total;01 Andalucía;9;2020;3.157,2
Total;01 Andalucía;9;2019;3.019,5
Total;01 Andalucía;9;2018;2.988,5
Total;01 Andalucía;9;2017;2.967,0
Total;01 Andalucía;9;2016;2.908,1
Total;01 Andalucía;9;2015;2.956,4
Total;01 Andalucía;9;2014;2.937,9
Total;01 Andalucía;9;2013;2.908,0
Total;01 Andalucía;9;2012;2.860,8
Total;01 Andalucía;9;2011;2.856,8
Total;01 Andalucía;9;2010;2.849,5
Total;01 Andalucía;9;2009;2.837,1
Total;01 Andalucía;9;2008;2.699,4
Total;01 Andalucía;9;2007;2.561,1
Total;01 Andalucía;9;2006;2.451,0
Total;01 Andalucía;10;2024;5.404,2
Total;01 Andalucía;10;2023;5.379,3
Total;01 Andalucía;10;2022;4.832,1
Total;01 Andalucía;10;2021;4.936,0
Total;01 Andalucía;10;2020;4.833,3
Total;01 Andalucía;10;2019;4.479,6
Total;01 Andalucía;10;2018;4.567,1
Total;01 Andalucía;10;2017;4.467,1
Total;01 Andalucía;10;2016;4.381,2
Total;01 Andalucía;10;2015;4.448,4
Total;01 Andalucía;10;2014;4.506,5
Total;01 Andalucía;10;2013;4.460,4
Total;01 Andalucía;10;2012;4.345,4
Total;01 Andalucía;10;2011;4.279,4
Total;01 Andalucía;10;2010;4.235,3
Total;01 Andalucía;10;2009;4.213,0
Total;01 Andalucía;10;2008;4.096,6
Total;01 Andalucía;10;2007;3.581,0
Total;01 Andalucía;10;2006;3.423,0
Total;02 Aragón;Total;2024;2.353,5
Total;02 Aragón;Total;2023;2.243,8
Total;02 Aragón;Total;2022;2.040,8
Total;02 Aragón;Total;2021;1.975,3
Total;02 Aragón;Total;2020;1.972,4
Total;02 Aragón;Total;2019;1.958,4
Total;02 Aragón;Total;2018;1.951,4
Total;02 Aragón;Total;2017;1.906,4
Total;02 Aragón;Total;2016;1.824,6
Total;02 Aragón;Total;2015;1.938,6
Total;02 Aragón;Total;2014;1.875,2
Total;02 Aragón;Total;2013;1.842,7
Total;02 Aragón;Total;2012;1.887,4
Total;02 Aragón;Total;2011;1.870,6
Total;02 Aragón;Total;2010;1.894,4
Total;02 Aragón;Total;2009;1.904,8
Total;02 Aragón;Total;2008;1.820,0
Total;02 Aragón;Total;2007;1.716,7
Total;02 Aragón;Total;2006;1.631,7
Total;02 Aragón;1;2024;672,4
Total;02 Aragón;1;2023;686,5
Total;02 Aragón;1;2022;590,7
Total;02 Aragón;1;2021;581,0
Total;02 Aragón;1;2020;510,1
Total;02 Aragón;1;2019;507,4
Total;02 Aragón;1;2018;483,3
Total;02 Aragón;1;2017;456,2
Total;02 Aragón;1;2016;485,8
Total;02 Aragón;1;2015;460,1
Total;02 Aragón;1;2014;399,0
Total;02 Aragón;1;2013;435,8
Total;02 Aragón;1;2012;457,6
Total;02 Aragón;1;2011;494,1
Total;02 Aragón;1;2010;480,1
Total;02 Aragón;1;2009;502,6
Total;02 Aragón;1;2008;506,7
Total;02 Aragón;1;2007;492,0
Total;02 Aragón;1;2006;464,6
Total;02 Aragón;2;2024;1.272,2
Total;02 Aragón;2;2023;1.222,3
Total;02 Aragón;2;2022;1.137,5
Total;02 Aragón;2;2021;1.017,0
Total;02 Aragón;2;2020;999,0
Total;02 Aragón;2;2019;990,1
Total;02 Aragón;2;2018;886,5
Total;02 Aragón;2;2017;854,6
Total;02 Aragón;2;2016;853,0
Total;02 Aragón;2;2015;830,3
Total;02 Aragón;2;2014;836,0
Total;02 Aragón;2;2013;807,1
Total;02 Aragón;2;2012;830,9
Total;02 Aragón;2;2011;879,6
Total;02 Aragón;2;2010;886,1
Total;02 Aragón;2;2009;868,4
Total;02 Aragón;2;2008;888,3
Total;02 Aragón;2;2007;829,1
Total;02 Aragón;2;2006;807,0
Total;02 Aragón;3;2024;1.493,9
Total;02 Aragón;3;2023;1.438,3
Total;02 Aragón;3;2022;1.337,6
Total;02 Aragón;3;2021;1.259,0
Total;02 Aragón;3;2020;1.244,0
Total;02 Aragón;3;2019;1.215,9
Total;02 Aragón;3;2018;1.160,4
Total;02 Aragón;3;2017;1.129,4
Total;02 Aragón;3;2016;1.127,2
Total;02 Aragón;3;2015;1.102,3
Total;02 Aragón;3;2014;1.102,3
Total;02 Aragón;3;2013;1.106,0
Total;02 Aragón;3;2012;1.117,2
Total;02 Aragón;3;2011;1.129,9
Total;02 Aragón;3;2010;1.145,2
Total;02 Aragón;3;2009;1.118,7
Total;02 Aragón;3;2008;1.119,4
Total;02 Aragón;3;2007;1.059,9
Total;02 Aragón;3;2006;1.007,5
Total;02 Aragón;4;2024;1.686,5
Total;02 Aragón;4;2023;1.634,5
Total;02 Aragón;4;2022;1.525,1
Total;02 Aragón;4;2021;1.455,8
Total;02 Aragón;4;2020;1.422,8
Total;02 Aragón;4;2019;1.424,9
Total;02 Aragón;4;2018;1.364,9
Total;02 Aragón;4;2017;1.326,9
Total;02 Aragón;4;2016;1.325,1
Total;02 Aragón;4;2015;1.306,4
Total;02 Aragón;4;2014;1.326,3
Total;02 Aragón;4;2013;1.315,2
Total;02 Aragón;4;2012;1.320,7
Total;02 Aragón;4;2011;1.301,9
Total;02 Aragón;4;2010;1.309,9
Total;02 Aragón;4;2009;1.288,7
Total;02 Aragón;4;2008;1.266,3
Total;02 Aragón;4;2007;1.207,0
Total;02 Aragón;4;2006;1.147,0
Total;02 Aragón;5;2024;1.885,9
Total;02 Aragón;5;2023;1.844,1
Total;02 Aragón;5;2022;1.706,8
Total;02 Aragón;5;2021;1.643,6
Total;02 Aragón;5;2020;1.607,0
Total;02 Aragón;5;2019;1.594,7
Total;02 Aragón;5;2018;1.535,4
Total;02 Aragón;5;2017;1.497,1
Total;02 Aragón;5;2016;1.501,2
Total;02 Aragón;5;2015;1.494,8
Total;02 Aragón;5;2014;1.510,4
Total;02 Aragón;5;2013;1.500,0
Total;02 Aragón;5;2012;1.495,0
Total;02 Aragón;5;2011;1.475,4
Total;02 Aragón;5;2010;1.485,7
Total;02 Aragón;5;2009;1.444,1
Total;02 Aragón;5;2008;1.404,0
Total;02 Aragón;5;2007;1.341,5
Total;02 Aragón;5;2006;1.274,2
Total;02 Aragón;6;2024;2.125,1
Total;02 Aragón;6;2023;2.055,4
Total;02 Aragón;6;2022;1.911,3
Total;02 Aragón;6;2021;1.862,9
Total;02 Aragón;6;2020;1.824,2
Total;02 Aragón;6;2019;1.789,3
Total;02 Aragón;6;2018;1.757,2
Total;02 Aragón;6;2017;1.707,6
Total;02 Aragón;6;2016;1.700,2
Total;02 Aragón;6;2015;1.696,1
Total;02 Aragón;6;2014;1.724,8
Total;02 Aragón;6;2013;1.704,8
Total;02 Aragón;6;2012;1.693,5
Total;02 Aragón;6;2011;1.682,7
Total;02 Aragón;6;2010;1.671,6
Total;02 Aragón;6;2009;1.625,5
Total;02 Aragón;6;2008;1.581,0
Total;02 Aragón;6;2007;1.492,3
Total;02 Aragón;6;2006;1.419,0
Total;02 Aragón;7;2024;2.472,7
Total;02 Aragón;7;2023;2.348,2
Total;02 Aragón;7;2022;2.191,1
Total;02 Aragón;7;2021;2.150,8
Total;02 Aragón;7;2020;2.107,1
Total;02 Aragón;7;2019;2.049,8
Total;02 Aragón;7;2018;2.012,4
Total;02 Aragón;7;2017;1.955,3
Total;02 Aragón;7;2016;1.978,8
Total;02 Aragón;7;2015;1.974,8
Total;02 Aragón;7;2014;1.993,0
Total;02 Aragón;7;2013;1.979,3
Total;02 Aragón;7;2012;1.928,1
Total;02 Aragón;7;2011;1.921,1
Total;02 Aragón;7;2010;1.905,4
Total;02 Aragón;7;2009;1.859,6
Total;02 Aragón;7;2008;1.798,4
Total;02 Aragón;7;2007;1.701,7
Total;02 Aragón;7;2006;1.624,7
Total;02 Aragón;8;2024;2.918,4
Total;02 Aragón;8;2023;2.762,5
Total;02 Aragón;8;2022;2.586,5
Total;02 Aragón;8;2021;2.528,1
Total;02 Aragón;8;2020;2.528,3
Total;02 Aragón;8;2019;2.468,4
Total;02 Aragón;8;2018;2.412,4
Total;02 Aragón;8;2017;2.380,7
Total;02 Aragón;8;2016;2.354,2
Total;02 Aragón;8;2015;2.352,9
Total;02 Aragón;8;2014;2.396,2
Total;02 Aragón;8;2013;2.365,8
Total;02 Aragón;8;2012;2.301,0
Total;02 Aragón;8;2011;2.293,8
Total;02 Aragón;8;2010;2.283,9
Total;02 Aragón;8;2009;2.220,7
Total;02 Aragón;8;2008;2.127,1
Total;02 Aragón;8;2007;2.051,0
Total;02 Aragón;8;2006;1.968,6
Total;02 Aragón;9;2024;3.549,3
Total;02 Aragón;9;2023;3.355,7
Total;02 Aragón;9;2022;3.158,6
Total;02 Aragón;9;2021;3.147,3
Total;02 Aragón;9;2020;3.138,6
Total;02 Aragón;9;2019;2.997,0
Total;02 Aragón;9;2018;2.982,0
Total;02 Aragón;9;2017;2.952,3
Total;02 Aragón;9;2016;2.896,9
Total;02 Aragón;9;2015;2.964,5
Total;02 Aragón;9;2014;2.931,3
Total;02 Aragón;9;2013;2.910,2
Total;02 Aragón;9;2012;2.861,5
Total;02 Aragón;9;2011;2.853,8
Total;02 Aragón;9;2010;2.843,0
Total;02 Aragón;9;2009;2.810,4
Total;02 Aragón;9;2008;2.648,0
Total;02 Aragón;9;2007;2.566,0
Total;02 Aragón;9;2006;2.432,5
Total;02 Aragón;10;2024;5.662,1
Total;02 Aragón;10;2023;5.272,5
Total;02 Aragón;10;2022;5.113,8
Total;02 Aragón;10;2021;5.074,2
Total;02 Aragón;10;2020;5.054,8
Total;02 Aragón;10;2019;4.483,2
Total;02 Aragón;10;2018;4.736,3
Total;02 Aragón;10;2017;4.640,1
Total;02 Aragón;10;2016;4.480,0
Total;02 Aragón;10;2015;4.613,8
Total;02 Aragón;10;2014;4.579,4
Total;02 Aragón;10;2013;4.492,6
Total;02 Aragón;10;2012;4.415,5
Total;02 Aragón;10;2011;4.512,3
Total;02 Aragón;10;2010;4.466,4
Total;02 Aragón;10;2009;4.360,0
Total;02 Aragón;10;2008;4.355,4
Total;02 Aragón;10;2007;3.667,1
Total;02 Aragón;10;2006;3.545,1
Total;03 Asturias, Principado de;Total;2024;2.319,8
Total;03 Asturias, Principado de;Total;2023;2.228,5
Total;03 Asturias, Principado de;Total;2022;2.096,7
Total;03 Asturias, Principado de;Total;2021;2.083,6
Total;03 Asturias, Principado de;Total;2020;2.161,5
Total;03 Asturias, Principado de;Total;2019;2.078,3
Total;03 Asturias, Principado de;Total;2018;1.977,1
Total;03 Asturias, Principado de;Total;2017;1.958,3
Total;03 Asturias, Principado de;Total;2016;1.957,3
Total;03 Asturias, Principado de;Total;2015;1.957,3
Total;03 Asturias, Principado de;Total;2014;1.907,8
Total;03 Asturias, Principado de;Total;2013;1.956,6
Total;03 Asturias, Principado de;Total;2012;1.908,3
Total;03 Asturias, Principado de;Total;2011;1.914,6
Total;03 Asturias, Principado de;Total;2010;1.897,3
Total;03 Asturias, Principado de;Total;2009;1.842,0
Total;03 Asturias, Principado de;Total;2008;1.747,8
Total;03 Asturias, Principado de;Total;2007;1.715,2
Total;03 Asturias, Principado de;Total;2006;1.578,3
Total;03 Asturias, Principado de;1;2024;670,8
Total;03 Asturias, Principado de;1;2023;654,1
Total;03 Asturias, Principado de;1;2022;626,7
Total;03 Asturias, Principado de;1;2021;545,6
Total;03 Asturias, Principado de;1;2020;494,1
Total;03 Asturias, Principado de;1;2019;559,5
Total;03 Asturias, Principado de;1;2018;492,6
Total;03 Asturias, Principado de;1;2017;483,1
Total;03 Asturias, Principado de;1;2016;472,1
Total;03 Asturias, Principado de;1;2015;426,8
Total;03 Asturias, Principado de;1;2014;370,3
Total;03 Asturias, Principado de;1;2013;390,1
Total;03 Asturias, Principado de;1;2012;403,7
Total;03 Asturias, Principado de;1;2011;450,4
Total;03 Asturias, Principado de;1;2010;514,6
Total;03 Asturias, Principado de;1;2009;491,1
Total;03 Asturias, Principado de;1;2008;504,4
Total;03 Asturias, Principado de;1;2007;483,8
Total;03 Asturias, Principado de;1;2006;446,0
Total;03 Asturias, Principado de;2;2024;1.291,2
Total;03 Asturias, Principado de;2;2023;1.206,6
Total;03 Asturias, Principado de;2;2022;1.125,7
Total;03 Asturias, Principado de;2;2021;1.036,6
Total;03 Asturias, Principado de;2;2020;1.022,1
Total;03 Asturias, Principado de;2;2019;980,3
Total;03 Asturias, Principado de;2;2018;912,1
Total;03 Asturias, Principado de;2;2017;841,9
Total;03 Asturias, Principado de;2;2016;851,5
Total;03 Asturias, Principado de;2;2015;837,3
Total;03 Asturias, Principado de;2;2014;797,3
Total;03 Asturias, Principado de;2;2013;794,7
Total;03 Asturias, Principado de;2;2012;841,2
Total;03 Asturias, Principado de;2;2011;859,7
Total;03 Asturias, Principado de;2;2010;903,5
Total;03 Asturias, Principado de;2;2009;889,2
Total;03 Asturias, Principado de;2;2008;899,2
Total;03 Asturias, Principado de;2;2007;858,1
Total;03 Asturias, Principado de;2;2006;796,1
Total;03 Asturias, Principado de;3;2024;1.483,9
Total;03 Asturias, Principado de;3;2023;1.426,7
Total;03 Asturias, Principado de;3;2022;1.339,0
Total;03 Asturias, Principado de;3;2021;1.250,6
Total;03 Asturias, Principado de;3;2020;1.242,7
Total;03 Asturias, Principado de;3;2019;1.225,4
Total;03 Asturias, Principado de;3;2018;1.151,4
Total;03 Asturias, Principado de;3;2017;1.119,3
Total;03 Asturias, Principado de;3;2016;1.126,8
Total;03 Asturias, Principado de;3;2015;1.088,8
Total;03 Asturias, Principado de;3;2014;1.088,1
Total;03 Asturias, Principado de;3;2013;1.099,0
Total;03 Asturias, Principado de;3;2012;1.129,1
Total;03 Asturias, Principado de;3;2011;1.123,8
Total;03 Asturias, Principado de;3;2010;1.147,4
Total;03 Asturias, Principado de;3;2009;1.119,0
Total;03 Asturias, Principado de;3;2008;1.116,4
Total;03 Asturias, Principado de;3;2007;1.059,3
Total;03 Asturias, Principado de;3;2006;1.013,8
Total;03 Asturias, Principado de;4;2024;1.682,8
Total;03 Asturias, Principado de;4;2023;1.622,7
Total;03 Asturias, Principado de;4;2022;1.524,8
Total;03 Asturias, Principado de;4;2021;1.454,3
Total;03 Asturias, Principado de;4;2020;1.430,4
Total;03 Asturias, Principado de;4;2019;1.412,8
Total;03 Asturias, Principado de;4;2018;1.349,6
Total;03 Asturias, Principado de;4;2017;1.315,2
Total;03 Asturias, Principado de;4;2016;1.320,2
Total;03 Asturias, Principado de;4;2015;1.301,9
Total;03 Asturias, Principado de;4;2014;1.312,8
Total;03 Asturias, Principado de;4;2013;1.315,9
Total;03 Asturias, Principado de;4;2012;1.333,9
Total;03 Asturias, Principado de;4;2011;1.322,9
Total;03 Asturias, Principado de;4;2010;1.314,1
Total;03 Asturias, Principado de;4;2009;1.284,3
Total;03 Asturias, Principado de;4;2008;1.260,3
Total;03 Asturias, Principado de;4;2007;1.192,6
Total;03 Asturias, Principado de;4;2006;1.138,6
Total;03 Asturias, Principado de;5;2024;1.895,7
Total;03 Asturias, Principado de;5;2023;1.829,3
Total;03 Asturias, Principado de;5;2022;1.705,0
Total;03 Asturias, Principado de;5;2021;1.665,8
Total;03 Asturias, Principado de;5;2020;1.613,1
Total;03 Asturias, Principado de;5;2019;1.589,0
Total;03 Asturias, Principado de;5;2018;1.552,3
Total;03 Asturias, Principado de;5;2017;1.502,7
Total;03 Asturias, Principado de;5;2016;1.503,5
Total;03 Asturias, Principado de;5;2015;1.494,3
Total;03 Asturias, Principado de;5;2014;1.506,1
Total;03 Asturias, Principado de;5;2013;1.505,3
Total;03 Asturias, Principado de;5;2012;1.507,2
Total;03 Asturias, Principado de;5;2011;1.483,6
Total;03 Asturias, Principado de;5;2010;1.478,7
Total;03 Asturias, Principado de;5;2009;1.454,1
Total;03 Asturias, Principado de;5;2008;1.414,7
Total;03 Asturias, Principado de;5;2007;1.342,5
Total;03 Asturias, Principado de;5;2006;1.268,2
Total;03 Asturias, Principado de;6;2024;2.130,7
Total;03 Asturias, Principado de;6;2023;2.072,8
Total;03 Asturias, Principado de;6;2022;1.922,8
Total;03 Asturias, Principado de;6;2021;1.862,8
Total;03 Asturias, Principado de;6;2020;1.828,4
Total;03 Asturias, Principado de;6;2019;1.792,5
Total;03 Asturias, Principado de;6;2018;1.740,4
Total;03 Asturias, Principado de;6;2017;1.698,9
Total;03 Asturias, Principado de;6;2016;1.699,0
Total;03 Asturias, Principado de;6;2015;1.717,0
Total;03 Asturias, Principado de;6;2014;1.721,7
Total;03 Asturias, Principado de;6;2013;1.728,7
Total;03 Asturias, Principado de;6;2012;1.672,6
Total;03 Asturias, Principado de;6;2011;1.676,5
Total;03 Asturias, Principado de;6;2010;1.667,8
Total;03 Asturias, Principado de;6;2009;1.629,7
Total;03 Asturias, Principado de;6;2008;1.581,1
Total;03 Asturias, Principado de;6;2007;1.481,7
Total;03 Asturias, Principado de;6;2006;1.423,3
Total;03 Asturias, Principado de;7;2024;2.449,2
Total;03 Asturias, Principado de;7;2023;2.364,7
Total;03 Asturias, Principado de;7;2022;2.191,9
Total;03 Asturias, Principado de;7;2021;2.137,5
Total;03 Asturias, Principado de;7;2020;2.099,8
Total;03 Asturias, Principado de;7;2019;2.068,4
Total;03 Asturias, Principado de;7;2018;2.021,3
Total;03 Asturias, Principado de;7;2017;1.971,4
Total;03 Asturias, Principado de;7;2016;1.978,5
Total;03 Asturias, Principado de;7;2015;1.962,8
Total;03 Asturias, Principado de;7;2014;2.008,6
Total;03 Asturias, Principado de;7;2013;1.957,9
Total;03 Asturias, Principado de;7;2012;1.947,7
Total;03 Asturias, Principado de;7;2011;1.933,0
Total;03 Asturias, Principado de;7;2010;1.925,5
Total;03 Asturias, Principado de;7;2009;1.861,8
Total;03 Asturias, Principado de;7;2008;1.799,3
Total;03 Asturias, Principado de;7;2007;1.701,5
Total;03 Asturias, Principado de;7;2006;1.634,9
Total;03 Asturias, Principado de;8;2024;2.908,2
Total;03 Asturias, Principado de;8;2023;2.789,0
Total;03 Asturias, Principado de;8;2022;2.586,3
Total;03 Asturias, Principado de;8;2021;2.532,2
Total;03 Asturias, Principado de;8;2020;2.539,5
Total;03 Asturias, Principado de;8;2019;2.451,3
Total;03 Asturias, Principado de;8;2018;2.433,5
Total;03 Asturias, Principado de;8;2017;2.370,5
Total;03 Asturias, Principado de;8;2016;2.353,8
Total;03 Asturias, Principado de;8;2015;2.357,5
Total;03 Asturias, Principado de;8;2014;2.373,9
Total;03 Asturias, Principado de;8;2013;2.368,6
Total;03 Asturias, Principado de;8;2012;2.299,9
Total;03 Asturias, Principado de;8;2011;2.278,6
Total;03 Asturias, Principado de;8;2010;2.286,4
Total;03 Asturias, Principado de;8;2009;2.209,2
Total;03 Asturias, Principado de;8;2008;2.132,1
Total;03 Asturias, Principado de;8;2007;2.018,6
Total;03 Asturias, Principado de;8;2006;1.950,8
Total;03 Asturias, Principado de;9;2024;3.598,9
Total;03 Asturias, Principado de;9;2023;3.414,5
Total;03 Asturias, Principado de;9;2022;3.172,5
Total;03 Asturias, Principado de;9;2021;3.163,6
Total;03 Asturias, Principado de;9;2020;3.140,0
Total;03 Asturias, Principado de;9;2019;3.038,2
Total;03 Asturias, Principado de;9;2018;2.996,3
Total;03 Asturias, Principado de;9;2017;2.946,6
Total;03 Asturias, Principado de;9;2016;2.919,3
Total;03 Asturias, Principado de;9;2015;2.932,1
Total;03 Asturias, Principado de;9;2014;2.939,5
Total;03 Asturias, Principado de;9;2013;2.952,3
Total;03 Asturias, Principado de;9;2012;2.863,7
Total;03 Asturias, Principado de;9;2011;2.867,3
Total;03 Asturias, Principado de;9;2010;2.807,9
Total;03 Asturias, Principado de;9;2009;2.807,5
Total;03 Asturias, Principado de;9;2008;2.691,7
Total;03 Asturias, Principado de;9;2007;2.595,2
Total;03 Asturias, Principado de;9;2006;2.475,0
Total;03 Asturias, Principado de;10;2024;5.343,9
Total;03 Asturias, Principado de;10;2023;5.364,9
Total;03 Asturias, Principado de;10;2022;5.221,8
Total;03 Asturias, Principado de;10;2021;4.802,6
Total;03 Asturias, Principado de;10;2020;4.946,8
Total;03 Asturias, Principado de;10;2019;4.497,3
Total;03 Asturias, Principado de;10;2018;4.679,4
Total;03 Asturias, Principado de;10;2017;4.681,7
Total;03 Asturias, Principado de;10;2016;4.488,1
Total;03 Asturias, Principado de;10;2015;4.348,8
Total;03 Asturias, Principado de;10;2014;4.474,0
Total;03 Asturias, Principado de;10;2013;4.388,6
Total;03 Asturias, Principado de;10;2012;4.237,1
Total;03 Asturias, Principado de;10;2011;4.385,8
Total;03 Asturias, Principado de;10;2010;4.408,0
Total;03 Asturias, Principado de;10;2009;4.195,4
Total;03 Asturias, Principado de;10;2008;4.132,3
Total;03 Asturias, Principado de;10;2007;3.588,2
Total;03 Asturias, Principado de;10;2006;3.550,8
Total;04 Balears, Illes;Total;2024;2.342,2
Total;04 Balears, Illes;Total;2023;2.237,1
Total;04 Balears, Illes;Total;2022;2.305,8
Total;04 Balears, Illes;Total;2021;2.066,2
Total;04 Balears, Illes;Total;2020;1.844,9
Total;04 Balears, Illes;Total;2019;1.940,2
Total;04 Balears, Illes;Total;2018;1.862,6
Total;04 Balears, Illes;Total;2017;1.797,3
Total;04 Balears, Illes;Total;2016;1.749,3
Total;04 Balears, Illes;Total;2015;1.747,2
Total;04 Balears, Illes;Total;2014;1.707,5
Total;04 Balears, Illes;Total;2013;1.761,1
Total;04 Balears, Illes;Total;2012;1.681,2
Total;04 Balears, Illes;Total;2011;1.734,0
Total;04 Balears, Illes;Total;2010;1.724,8
Total;04 Balears, Illes;Total;2009;1.720,5
Total;04 Balears, Illes;Total;2008;1.617,0
Total;04 Balears, Illes;Total;2007;1.615,7
Total;04 Balears, Illes;Total;2006;1.448,0
Total;04 Balears, Illes;1;2024;704,1
Total;04 Balears, Illes;1;2023;650,0
Total;04 Balears, Illes;1;2022;600,2
Total;04 Balears, Illes;1;2021;574,8
Total;04 Balears, Illes;1;2020;479,6
Total;04 Balears, Illes;1;2019;504,0
Total;04 Balears, Illes;1;2018;452,6
Total;04 Balears, Illes;1;2017;479,4
Total;04 Balears, Illes;1;2016;481,2
Total;04 Balears, Illes;1;2015;387,6
Total;04 Balears, Illes;1;2014;353,1
Total;04 Balears, Illes;1;2013;407,1
Total;04 Balears, Illes;1;2012;417,5
Total;04 Balears, Illes;1;2011;448,3
Total;04 Balears, Illes;1;2010;471,7
Total;04 Balears, Illes;1;2009;516,4
Total;04 Balears, Illes;1;2008;494,9
Total;04 Balears, Illes;1;2007;489,6
Total;04 Balears, Illes;1;2006;487,3
Total;04 Balears, Illes;2;2024;1.268,8
Total;04 Balears, Illes;2;2023;1.195,6
Total;04 Balears, Illes;2;2022;1.133,2
Total;04 Balears, Illes;2;2021;1.020,6
Total;04 Balears, Illes;2;2020;1.022,0
Total;04 Balears, Illes;2;2019;999,0
Total;04 Balears, Illes;2;2018;911,5
Total;04 Balears, Illes;2;2017;846,1
Total;04 Balears, Illes;2;2016;849,5
Total;04 Balears, Illes;2;2015;829,9
Total;04 Balears, Illes;2;2014;813,3
Total;04 Balears, Illes;2;2013;794,9
Total;04 Balears, Illes;2;2012;820,4
Total;04 Balears, Illes;2;2011;864,5
Total;04 Balears, Illes;2;2010;874,2
Total;04 Balears, Illes;2;2009;866,5
Total;04 Balears, Illes;2;2008;894,7
Total;04 Balears, Illes;2;2007;833,7
Total;04 Balears, Illes;2;2006;792,9
Total;04 Balears, Illes;3;2024;1.481,7
Total;04 Balears, Illes;3;2023;1.435,8
Total;04 Balears, Illes;3;2022;1.336,6
Total;04 Balears, Illes;3;2021;1.260,8
Total;04 Balears, Illes;3;2020;1.242,3
Total;04 Balears, Illes;3;2019;1.237,8
Total;04 Balears, Illes;3;2018;1.174,4
Total;04 Balears, Illes;3;2017;1.116,5
Total;04 Balears, Illes;3;2016;1.132,5
Total;04 Balears, Illes;3;2015;1.113,7
Total;04 Balears, Illes;3;2014;1.107,6
Total;04 Balears, Illes;3;2013;1.112,5
Total;04 Balears, Illes;3;2012;1.115,4
Total;04 Balears, Illes;3;2011;1.150,1
Total;04 Balears, Illes;3;2010;1.153,9
Total;04 Balears, Illes;3;2009;1.129,9
Total;04 Balears, Illes;3;2008;1.116,2
Total;04 Balears, Illes;3;2007;1.070,5
Total;04 Balears, Illes;3;2006;1.009,3
Total;04 Balears, Illes;4;2024;1.683,3
Total;04 Balears, Illes;4;2023;1.631,6
Total;04 Balears, Illes;4;2022;1.525,7
Total;04 Balears, Illes;4;2021;1.452,0
Total;04 Balears, Illes;4;2020;1.433,0
Total;04 Balears, Illes;4;2019;1.422,7
Total;04 Balears, Illes;4;2018;1.355,7
Total;04 Balears, Illes;4;2017;1.321,6
Total;04 Balears, Illes;4;2016;1.334,1
Total;04 Balears, Illes;4;2015;1.301,8
Total;04 Balears, Illes;4;2014;1.330,4
Total;04 Balears, Illes;4;2013;1.315,4
Total;04 Balears, Illes;4;2012;1.328,0
Total;04 Balears, Illes;4;2011;1.308,7
Total;04 Balears, Illes;4;2010;1.323,1
Total;04 Balears, Illes;4;2009;1.297,6
Total;04 Balears, Illes;4;2008;1.270,9
Total;04 Balears, Illes;4;2007;1.206,0
Total;04 Balears, Illes;4;2006;1.142,3
Total;04 Balears, Illes;5;2024;1.904,1
Total;04 Balears, Illes;5;2023;1.839,2
Total;04 Balears, Illes;5;2022;1.726,1
Total;04 Balears, Illes;5;2021;1.668,4
Total;04 Balears, Illes;5;2020;1.604,7
Total;04 Balears, Illes;5;2019;1.605,4
Total;04 Balears, Illes;5;2018;1.559,1
Total;04 Balears, Illes;5;2017;1.498,8
Total;04 Balears, Illes;5;2016;1.503,2
Total;04 Balears, Illes;5;2015;1.497,3
Total;04 Balears, Illes;5;2014;1.502,3
Total;04 Balears, Illes;5;2013;1.501,2
Total;04 Balears, Illes;5;2012;1.482,0
Total;04 Balears, Illes;5;2011;1.475,4
Total;04 Balears, Illes;5;2010;1.472,1
Total;04 Balears, Illes;5;2009;1.437,3
Total;04 Balears, Illes;5;2008;1.412,5
Total;04 Balears, Illes;5;2007;1.331,1
Total;04 Balears, Illes;5;2006;1.262,7
Total;04 Balears, Illes;6;2024;2.109,4
Total;04 Balears, Illes;6;2023;2.042,5
Total;04 Balears, Illes;6;2022;1.921,4
Total;04 Balears, Illes;6;2021;1.882,8
Total;04 Balears, Illes;6;2020;1.826,2
Total;04 Balears, Illes;6;2019;1.796,4
Total;04 Balears, Illes;6;2018;1.755,8
Total;04 Balears, Illes;6;2017;1.696,8
Total;04 Balears, Illes;6;2016;1.684,5
Total;04 Balears, Illes;6;2015;1.692,8
Total;04 Balears, Illes;6;2014;1.713,9
Total;04 Balears, Illes;6;2013;1.698,4
Total;04 Balears, Illes;6;2012;1.676,8
Total;04 Balears, Illes;6;2011;1.685,2
Total;04 Balears, Illes;6;2010;1.660,0
Total;04 Balears, Illes;6;2009;1.619,0
Total;04 Balears, Illes;6;2008;1.574,4
Total;04 Balears, Illes;6;2007;1.490,0
Total;04 Balears, Illes;6;2006;1.417,4
Total;04 Balears, Illes;7;2024;2.444,0
Total;04 Balears, Illes;7;2023;2.344,9
Total;04 Balears, Illes;7;2022;2.179,1
Total;04 Balears, Illes;7;2021;2.150,5
Total;04 Balears, Illes;7;2020;2.091,9
Total;04 Balears, Illes;7;2019;2.065,2
Total;04 Balears, Illes;7;2018;1.999,8
Total;04 Balears, Illes;7;2017;1.943,0
Total;04 Balears, Illes;7;2016;1.948,0
Total;04 Balears, Illes;7;2015;1.942,0
Total;04 Balears, Illes;7;2014;1.980,7
Total;04 Balears, Illes;7;2013;1.975,3
Total;04 Balears, Illes;7;2012;1.946,0
Total;04 Balears, Illes;7;2011;1.928,3
Total;04 Balears, Illes;7;2010;1.921,9
Total;04 Balears, Illes;7;2009;1.870,4
Total;04 Balears, Illes;7;2008;1.797,6
Total;04 Balears, Illes;7;2007;1.682,3
Total;04 Balears, Illes;7;2006;1.627,8
Total;04 Balears, Illes;8;2024;2.888,8
Total;04 Balears, Illes;8;2023;2.779,1
Total;04 Balears, Illes;8;2022;2.560,9
Total;04 Balears, Illes;8;2021;2.551,0
Total;04 Balears, Illes;8;2020;2.555,7
Total;04 Balears, Illes;8;2019;2.469,4
Total;04 Balears, Illes;8;2018;2.433,0
Total;04 Balears, Illes;8;2017;2.363,4
Total;04 Balears, Illes;8;2016;2.342,9
Total;04 Balears, Illes;8;2015;2.370,6
Total;04 Balears, Illes;8;2014;2.388,4
Total;04 Balears, Illes;8;2013;2.368,0
Total;04 Balears, Illes;8;2012;2.327,4
Total;04 Balears, Illes;8;2011;2.302,6
Total;04 Balears, Illes;8;2010;2.302,5
Total;04 Balears, Illes;8;2009;2.216,6
Total;04 Balears, Illes;8;2008;2.139,0
Total;04 Balears, Illes;8;2007;2.028,8
Total;04 Balears, Illes;8;2006;1.954,2
Total;04 Balears, Illes;9;2024;3.539,0
Total;04 Balears, Illes;9;2023;3.388,5
Total;04 Balears, Illes;9;2022;3.207,0
Total;04 Balears, Illes;9;2021;3.172,1
Total;04 Balears, Illes;9;2020;3.190,0
Total;04 Balears, Illes;9;2019;3.032,5
Total;04 Balears, Illes;9;2018;3.013,1
Total;04 Balears, Illes;9;2017;2.881,9
Total;04 Balears, Illes;9;2016;2.943,1
Total;04 Balears, Illes;9;2015;2.967,0
Total;04 Balears, Illes;9;2014;2.957,8
Total;04 Balears, Illes;9;2013;2.894,9
Total;04 Balears, Illes;9;2012;2.793,4
Total;04 Balears, Illes;9;2011;2.799,3
Total;04 Balears, Illes;9;2010;2.804,9
Total;04 Balears, Illes;9;2009;2.795,6
Total;04 Balears, Illes;9;2008;2.680,0
Total;04 Balears, Illes;9;2007;2.607,3
Total;04 Balears, Illes;9;2006;2.447,6
Total;04 Balears, Illes;10;2024;5.775,0
Total;04 Balears, Illes;10;2023;5.393,0
Total;04 Balears, Illes;10;2022;5.308,2
Total;04 Balears, Illes;10;2021;5.210,9
Total;04 Balears, Illes;10;2020;4.652,7
Total;04 Balears, Illes;10;2019;5.077,2
Total;04 Balears, Illes;10;2018;4.644,7
Total;04 Balears, Illes;10;2017;4.780,7
Total;04 Balears, Illes;10;2016;4.416,2
Total;04 Balears, Illes;10;2015;4.570,3
Total;04 Balears, Illes;10;2014;4.467,4
Total;04 Balears, Illes;10;2013;4.552,7
Total;04 Balears, Illes;10;2012;4.526,3
Total;04 Balears, Illes;10;2011;4.499,1
Total;04 Balears, Illes;10;2010;4.189,4
Total;04 Balears, Illes;10;2009;4.370,8
Total;04 Balears, Illes;10;2008;4.336,5
Total;04 Balears, Illes;10;2007;3.718,7
Total;04 Balears, Illes;10;2006;3.455,2
Total;05 Canarias;Total;2024;2.051,7
Total;05 Canarias;Total;2023;1.987,9
Total;05 Canarias;Total;2022;1.879,6
Total;05 Canarias;Total;2021;1.954,8
Total;05 Canarias;Total;2020;1.775,7
Total;05 Canarias;Total;2019;1.750,0
Total;05 Canarias;Total;2018;1.679,3
Total;05 Canarias;Total;2017;1.606,6
Total;05 Canarias;Total;2016;1.631,8
Total;05 Canarias;Total;2015;1.574,0
Total;05 Canarias;Total;2014;1.621,6
Total;05 Canarias;Total;2013;1.617,3
Total;05 Canarias;Total;2012;1.620,3
Total;05 Canarias;Total;2011;1.627,9
Total;05 Canarias;Total;2010;1.629,3
Total;05 Canarias;Total;2009;1.633,0
Total;05 Canarias;Total;2008;1.569,9
Total;05 Canarias;Total;2007;1.426,2
Total;05 Canarias;Total;2006;1.413,4
Total;05 Canarias;1;2024;753,8
Total;05 Canarias;1;2023;704,2
Total;05 Canarias;1;2022;672,0
Total;05 Canarias;1;2021;563,4
Total;05 Canarias;1;2020;545,1
Total;05 Canarias;1;2019;589,5
Total;05 Canarias;1;2018;479,3
Total;05 Canarias;1;2017;486,6
Total;05 Canarias;1;2016;481,9
Total;05 Canarias;1;2015;426,3
Total;05 Canarias;1;2014;396,2
Total;05 Canarias;1;2013;435,3
Total;05 Canarias;1;2012;441,9
Total;05 Canarias;1;2011;456,2
Total;05 Canarias;1;2010;500,1
Total;05 Canarias;1;2009;505,2
Total;05 Canarias;1;2008;531,7
Total;05 Canarias;1;2007;498,9
Total;05 Canarias;1;2006;484,8
Total;05 Canarias;2;2024;1.300,9
Total;05 Canarias;2;2023;1.219,7
Total;05 Canarias;2;2022;1.141,7
Total;05 Canarias;2;2021;1.056,8
Total;05 Canarias;2;2020;1.001,6
Total;05 Canarias;2;2019;1.024,2
Total;05 Canarias;2;2018;916,6
Total;05 Canarias;2;2017;871,4
Total;05 Canarias;2;2016;870,8
Total;05 Canarias;2;2015;832,5
Total;05 Canarias;2;2014;828,0
Total;05 Canarias;2;2013;828,4
Total;05 Canarias;2;2012;855,9
Total;05 Canarias;2;2011;872,9
Total;05 Canarias;2;2010;887,9
Total;05 Canarias;2;2009;878,1
Total;05 Canarias;2;2008;892,5
Total;05 Canarias;2;2007;848,9
Total;05 Canarias;2;2006;797,3
Total;05 Canarias;3;2024;1.483,9
Total;05 Canarias;3;2023;1.435,9
Total;05 Canarias;3;2022;1.333,1
Total;05 Canarias;3;2021;1.252,7
Total;05 Canarias;3;2020;1.242,9
Total;05 Canarias;3;2019;1.213,9
Total;05 Canarias;3;2018;1.160,0
Total;05 Canarias;3;2017;1.114,6
Total;05 Canarias;3;2016;1.104,5
Total;05 Canarias;3;2015;1.109,3
Total;05 Canarias;3;2014;1.097,8
Total;05 Canarias;3;2013;1.103,4
Total;05 Canarias;3;2012;1.118,6
Total;05 Canarias;3;2011;1.117,6
Total;05 Canarias;3;2010;1.139,0
Total;05 Canarias;3;2009;1.107,7
Total;05 Canarias;3;2008;1.104,9
Total;05 Canarias;3;2007;1.060,2
Total;05 Canarias;3;2006;1.004,3
Total;05 Canarias;4;2024;1.686,1
Total;05 Canarias;4;2023;1.641,6
Total;05 Canarias;4;2022;1.526,1
Total;05 Canarias;4;2021;1.457,2
Total;05 Canarias;4;2020;1.414,8
Total;05 Canarias;4;2019;1.412,4
Total;05 Canarias;4;2018;1.354,7
Total;05 Canarias;4;2017;1.327,7
Total;05 Canarias;4;2016;1.331,2
Total;05 Canarias;4;2015;1.311,4
Total;05 Canarias;4;2014;1.307,9
Total;05 Canarias;4;2013;1.315,1
Total;05 Canarias;4;2012;1.318,5
Total;05 Canarias;4;2011;1.310,5
Total;05 Canarias;4;2010;1.307,5
Total;05 Canarias;4;2009;1.288,0
Total;05 Canarias;4;2008;1.262,7
Total;05 Canarias;4;2007;1.209,2
Total;05 Canarias;4;2006;1.145,8
Total;05 Canarias;5;2024;1.887,4
Total;05 Canarias;5;2023;1.832,9
Total;05 Canarias;5;2022;1.712,0
Total;05 Canarias;5;2021;1.647,8
Total;05 Canarias;5;2020;1.619,3
Total;05 Canarias;5;2019;1.598,9
Total;05 Canarias;5;2018;1.541,2
Total;05 Canarias;5;2017;1.511,0
Total;05 Canarias;5;2016;1.502,7
Total;05 Canarias;5;2015;1.494,3
Total;05 Canarias;5;2014;1.508,0
Total;05 Canarias;5;2013;1.496,7
Total;05 Canarias;5;2012;1.482,4
Total;05 Canarias;5;2011;1.493,2
Total;05 Canarias;5;2010;1.484,4
Total;05 Canarias;5;2009;1.443,6
Total;05 Canarias;5;2008;1.409,7
Total;05 Canarias;5;2007;1.335,7
Total;05 Canarias;5;2006;1.267,5
Total;05 Canarias;6;2024;2.123,5
Total;05 Canarias;6;2023;2.046,0
Total;05 Canarias;6;2022;1.894,8
Total;05 Canarias;6;2021;1.880,4
Total;05 Canarias;6;2020;1.799,1
Total;05 Canarias;6;2019;1.782,8
Total;05 Canarias;6;2018;1.740,2
Total;05 Canarias;6;2017;1.681,3
Total;05 Canarias;6;2016;1.690,7
Total;05 Canarias;6;2015;1.704,3
Total;05 Canarias;6;2014;1.717,0
Total;05 Canarias;6;2013;1.697,6
Total;05 Canarias;6;2012;1.673,6
Total;05 Canarias;6;2011;1.679,3
Total;05 Canarias;6;2010;1.661,6
Total;05 Canarias;6;2009;1.617,4
Total;05 Canarias;6;2008;1.581,5
Total;05 Canarias;6;2007;1.487,6
Total;05 Canarias;6;2006;1.418,9
Total;05 Canarias;7;2024;2.432,4
Total;05 Canarias;7;2023;2.348,2
Total;05 Canarias;7;2022;2.176,6
Total;05 Canarias;7;2021;2.142,2
Total;05 Canarias;7;2020;2.095,7
Total;05 Canarias;7;2019;2.069,2
Total;05 Canarias;7;2018;2.032,6
Total;05 Canarias;7;2017;1.956,6
Total;05 Canarias;7;2016;1.952,8
Total;05 Canarias;7;2015;1.957,3
Total;05 Canarias;7;2014;2.014,3
Total;05 Canarias;7;2013;2.000,0
Total;05 Canarias;7;2012;1.928,6
Total;05 Canarias;7;2011;1.928,9
Total;05 Canarias;7;2010;1.916,1
Total;05 Canarias;7;2009;1.872,5
Total;05 Canarias;7;2008;1.798,6
Total;05 Canarias;7;2007;1.704,8
Total;05 Canarias;7;2006;1.631,7
Total;05 Canarias;8;2024;2.896,7
Total;05 Canarias;8;2023;2.787,4
Total;05 Canarias;8;2022;2.563,2
Total;05 Canarias;8;2021;2.555,9
Total;05 Canarias;8;2020;2.535,1
Total;05 Canarias;8;2019;2.440,3
Total;05 Canarias;8;2018;2.409,5
Total;05 Canarias;8;2017;2.346,8
Total;05 Canarias;8;2016;2.348,6
Total;05 Canarias;8;2015;2.367,7
Total;05 Canarias;8;2014;2.391,0
Total;05 Canarias;8;2013;2.345,2
Total;05 Canarias;8;2012;2.301,8
Total;05 Canarias;8;2011;2.303,8
Total;05 Canarias;8;2010;2.300,4
Total;05 Canarias;8;2009;2.251,8
Total;05 Canarias;8;2008;2.152,7
Total;05 Canarias;8;2007;2.030,3
Total;05 Canarias;8;2006;1.951,9
Total;05 Canarias;9;2024;3.563,4
Total;05 Canarias;9;2023;3.389,3
Total;05 Canarias;9;2022;3.181,2
Total;05 Canarias;9;2021;3.175,7
Total;05 Canarias;9;2020;3.229,4
Total;05 Canarias;9;2019;3.050,0
Total;05 Canarias;9;2018;3.019,5
Total;05 Canarias;9;2017;2.917,7
Total;05 Canarias;9;2016;2.974,2
Total;05 Canarias;9;2015;2.965,7
Total;05 Canarias;9;2014;2.896,7
Total;05 Canarias;9;2013;2.915,0
Total;05 Canarias;9;2012;2.846,4
Total;05 Canarias;9;2011;2.860,8
Total;05 Canarias;9;2010;2.872,9
Total;05 Canarias;9;2009;2.865,6
Total;05 Canarias;9;2008;2.720,5
Total;05 Canarias;9;2007;2.596,7
Total;05 Canarias;9;2006;2.474,0
Total;05 Canarias;10;2024;5.374,5
Total;05 Canarias;10;2023;5.115,1
Total;05 Canarias;10;2022;4.921,0
Total;05 Canarias;10;2021;5.094,0
Total;05 Canarias;10;2020;4.943,5
Total;05 Canarias;10;2019;4.634,2
Total;05 Canarias;10;2018;4.563,2
Total;05 Canarias;10;2017;4.590,2
Total;05 Canarias;10;2016;4.458,1
Total;05 Canarias;10;2015;4.626,5
Total;05 Canarias;10;2014;4.490,9
Total;05 Canarias;10;2013;4.344,8
Total;05 Canarias;10;2012;4.758,6
Total;05 Canarias;10;2011;4.410,2
Total;05 Canarias;10;2010;4.466,7
Total;05 Canarias;10;2009;4.413,6
Total;05 Canarias;10;2008;4.375,5
Total;05 Canarias;10;2007;3.552,4
Total;05 Canarias;10;2006;3.605,6
Total;06 Cantabria;Total;2024;2.327,2
Total;06 Cantabria;Total;2023;2.317,0
Total;06 Cantabria;Total;2022;2.125,9
Total;06 Cantabria;Total;2021;2.064,8
Total;06 Cantabria;Total;2020;1.941,0
Total;06 Cantabria;Total;2019;1.959,8
Total;06 Cantabria;Total;2018;1.972,4
Total;06 Cantabria;Total;2017;1.897,3
Total;06 Cantabria;Total;2016;1.910,4
Total;06 Cantabria;Total;2015;1.855,4
Total;06 Cantabria;Total;2014;1.904,7
Total;06 Cantabria;Total;2013;1.873,0
Total;06 Cantabria;Total;2012;1.861,3
Total;06 Cantabria;Total;2011;1.885,8
Total;06 Cantabria;Total;2010;1.875,0
Total;06 Cantabria;Total;2009;1.818,3
Total;06 Cantabria;Total;2008;1.798,1
Total;06 Cantabria;Total;2007;1.643,4
Total;06 Cantabria;Total;2006;1.611,8
Total;06 Cantabria;1;2024;762,1
Total;06 Cantabria;1;2023;639,7
Total;06 Cantabria;1;2022;682,1
Total;06 Cantabria;1;2021;570,2
Total;06 Cantabria;1;2020;512,7
Total;06 Cantabria;1;2019;502,9
Total;06 Cantabria;1;2018;447,8
Total;06 Cantabria;1;2017;473,4
Total;06 Cantabria;1;2016;501,4
Total;06 Cantabria;1;2015;445,9
Total;06 Cantabria;1;2014;366,1
Total;06 Cantabria;1;2013;393,2
Total;06 Cantabria;1;2012;441,6
Total;06 Cantabria;1;2011;455,4
Total;06 Cantabria;1;2010;477,5
Total;06 Cantabria;1;2009;529,9
Total;06 Cantabria;1;2008;514,3
Total;06 Cantabria;1;2007;491,6
Total;06 Cantabria;1;2006;445,4
Total;06 Cantabria;2;2024;1.279,8
Total;06 Cantabria;2;2023;1.206,5
Total;06 Cantabria;2;2022;1.135,4
Total;06 Cantabria;2;2021;1.019,5
Total;06 Cantabria;2;2020;1.013,2
Total;06 Cantabria;2;2019;987,9
Total;06 Cantabria;2;2018;927,9
Total;06 Cantabria;2;2017;874,2
Total;06 Cantabria;2;2016;849,3
Total;06 Cantabria;2;2015;834,6
Total;06 Cantabria;2;2014;818,1
Total;06 Cantabria;2;2013;815,7
Total;06 Cantabria;2;2012;844,2
Total;06 Cantabria;2;2011;869,2
Total;06 Cantabria;2;2010;877,9
Total;06 Cantabria;2;2009;867,0
Total;06 Cantabria;2;2008;887,4
Total;06 Cantabria;2;2007;849,4
Total;06 Cantabria;2;2006;796,2
Total;06 Cantabria;3;2024;1.479,5
Total;06 Cantabria;3;2023;1.440,4
Total;06 Cantabria;3;2022;1.338,1
Total;06 Cantabria;3;2021;1.259,1
Total;06 Cantabria;3;2020;1.241,0
Total;06 Cantabria;3;2019;1.221,0
Total;06 Cantabria;3;2018;1.170,0
Total;06 Cantabria;3;2017;1.125,5
Total;06 Cantabria;3;2016;1.132,4
Total;06 Cantabria;3;2015;1.113,0
Total;06 Cantabria;3;2014;1.108,3
Total;06 Cantabria;3;2013;1.114,7
Total;06 Cantabria;3;2012;1.139,3
Total;06 Cantabria;3;2011;1.121,5
Total;06 Cantabria;3;2010;1.138,9
Total;06 Cantabria;3;2009;1.123,9
Total;06 Cantabria;3;2008;1.109,9
Total;06 Cantabria;3;2007;1.059,6
Total;06 Cantabria;3;2006;1.003,2
Total;06 Cantabria;4;2024;1.669,6
Total;06 Cantabria;4;2023;1.619,3
Total;06 Cantabria;4;2022;1.513,6
Total;06 Cantabria;4;2021;1.453,6
Total;06 Cantabria;4;2020;1.410,7
Total;06 Cantabria;4;2019;1.428,6
Total;06 Cantabria;4;2018;1.356,8
Total;06 Cantabria;4;2017;1.318,5
Total;06 Cantabria;4;2016;1.322,3
Total;06 Cantabria;4;2015;1.302,1
Total;06 Cantabria;4;2014;1.304,6
Total;06 Cantabria;4;2013;1.304,1
Total;06 Cantabria;4;2012;1.325,2
Total;06 Cantabria;4;2011;1.311,2
Total;06 Cantabria;4;2010;1.319,5
Total;06 Cantabria;4;2009;1.296,5
Total;06 Cantabria;4;2008;1.273,4
Total;06 Cantabria;4;2007;1.214,4
Total;06 Cantabria;4;2006;1.148,1
Total;06 Cantabria;5;2024;1.882,0
Total;06 Cantabria;5;2023;1.841,4
Total;06 Cantabria;5;2022;1.715,6
Total;06 Cantabria;5;2021;1.643,4
Total;06 Cantabria;5;2020;1.612,7
Total;06 Cantabria;5;2019;1.604,4
Total;06 Cantabria;5;2018;1.552,9
Total;06 Cantabria;5;2017;1.508,6
Total;06 Cantabria;5;2016;1.496,1
Total;06 Cantabria;5;2015;1.498,8
Total;06 Cantabria;5;2014;1.516,8
Total;06 Cantabria;5;2013;1.497,1
Total;06 Cantabria;5;2012;1.500,0
Total;06 Cantabria;5;2011;1.490,1
Total;06 Cantabria;5;2010;1.471,1
Total;06 Cantabria;5;2009;1.447,1
Total;06 Cantabria;5;2008;1.398,5
Total;06 Cantabria;5;2007;1.340,3
Total;06 Cantabria;5;2006;1.271,3
Total;06 Cantabria;6;2024;2.129,0
Total;06 Cantabria;6;2023;2.050,8
Total;06 Cantabria;6;2022;1.924,3
Total;06 Cantabria;6;2021;1.854,3
Total;06 Cantabria;6;2020;1.823,1
Total;06 Cantabria;6;2019;1.780,2
Total;06 Cantabria;6;2018;1.752,0
Total;06 Cantabria;6;2017;1.699,1
Total;06 Cantabria;6;2016;1.686,2
Total;06 Cantabria;6;2015;1.694,9
Total;06 Cantabria;6;2014;1.711,9
Total;06 Cantabria;6;2013;1.702,2
Total;06 Cantabria;6;2012;1.677,2
Total;06 Cantabria;6;2011;1.670,5
Total;06 Cantabria;6;2010;1.674,3
Total;06 Cantabria;6;2009;1.635,3
Total;06 Cantabria;6;2008;1.581,4
Total;06 Cantabria;6;2007;1.489,0
Total;06 Cantabria;6;2006;1.429,7
Total;06 Cantabria;7;2024;2.458,9
Total;06 Cantabria;7;2023;2.377,9
Total;06 Cantabria;7;2022;2.191,4
Total;06 Cantabria;7;2021;2.160,3
Total;06 Cantabria;7;2020;2.102,8
Total;06 Cantabria;7;2019;2.064,4
Total;06 Cantabria;7;2018;2.036,1
Total;06 Cantabria;7;2017;1.950,7
Total;06 Cantabria;7;2016;1.951,3
Total;06 Cantabria;7;2015;1.955,5
Total;06 Cantabria;7;2014;1.996,7
Total;06 Cantabria;7;2013;1.985,8
Total;06 Cantabria;7;2012;1.944,8
Total;06 Cantabria;7;2011;1.914,8
Total;06 Cantabria;7;2010;1.905,4
Total;06 Cantabria;7;2009;1.875,6
Total;06 Cantabria;7;2008;1.794,1
Total;06 Cantabria;7;2007;1.709,3
Total;06 Cantabria;7;2006;1.627,1
Total;06 Cantabria;8;2024;2.900,0
Total;06 Cantabria;8;2023;2.813,6
Total;06 Cantabria;8;2022;2.609,5
Total;06 Cantabria;8;2021;2.567,0
Total;06 Cantabria;8;2020;2.537,9
Total;06 Cantabria;8;2019;2.411,2
Total;06 Cantabria;8;2018;2.442,0
Total;06 Cantabria;8;2017;2.363,8
Total;06 Cantabria;8;2016;2.390,3
Total;06 Cantabria;8;2015;2.365,3
Total;06 Cantabria;8;2014;2.404,3
Total;06 Cantabria;8;2013;2.367,8
Total;06 Cantabria;8;2012;2.319,6
Total;06 Cantabria;8;2011;2.273,3
Total;06 Cantabria;8;2010;2.333,7
Total;06 Cantabria;8;2009;2.227,5
Total;06 Cantabria;8;2008;2.147,5
Total;06 Cantabria;8;2007;2.048,0
Total;06 Cantabria;8;2006;1.948,8
Total;06 Cantabria;9;2024;3.584,2
Total;06 Cantabria;9;2023;3.361,9
Total;06 Cantabria;9;2022;3.170,7
Total;06 Cantabria;9;2021;3.202,6
Total;06 Cantabria;9;2020;3.132,8
Total;06 Cantabria;9;2019;3.021,1
Total;06 Cantabria;9;2018;3.016,2
Total;06 Cantabria;9;2017;2.988,0
Total;06 Cantabria;9;2016;2.934,9
Total;06 Cantabria;9;2015;2.942,2
Total;06 Cantabria;9;2014;2.940,8
Total;06 Cantabria;9;2013;2.958,3
Total;06 Cantabria;9;2012;2.864,9
Total;06 Cantabria;9;2011;2.853,2
Total;06 Cantabria;9;2010;2.813,0
Total;06 Cantabria;9;2009;2.806,9
Total;06 Cantabria;9;2008;2.712,9
Total;06 Cantabria;9;2007;2.557,6
Total;06 Cantabria;9;2006;2.446,4
Total;06 Cantabria;10;2024;5.489,5
Total;06 Cantabria;10;2023;5.223,5
Total;06 Cantabria;10;2022;5.016,7
Total;06 Cantabria;10;2021;4.934,9
Total;06 Cantabria;10;2020;4.695,2
Total;06 Cantabria;10;2019;4.447,4
Total;06 Cantabria;10;2018;4.492,2
Total;06 Cantabria;10;2017;4.488,5
Total;06 Cantabria;10;2016;4.414,1
Total;06 Cantabria;10;2015;4.535,4
Total;06 Cantabria;10;2014;4.559,1
Total;06 Cantabria;10;2013;4.442,5
Total;06 Cantabria;10;2012;4.297,6
Total;06 Cantabria;10;2011;4.375,0
Total;06 Cantabria;10;2010;4.163,3
Total;06 Cantabria;10;2009;4.272,2
Total;06 Cantabria;10;2008;4.201,4
Total;06 Cantabria;10;2007;3.564,2
Total;06 Cantabria;10;2006;3.441,2
Total;07 Castilla y León;Total;2024;2.299,1
Total;07 Castilla y León;Total;2023;2.176,5
Total;07 Castilla y León;Total;2022;2.061,3
Total;07 Castilla y León;Total;2021;1.990,3
Total;07 Castilla y León;Total;2020;1.950,5
Total;07 Castilla y León;Total;2019;1.904,3
Total;07 Castilla y León;Total;2018;1.843,9
Total;07 Castilla y León;Total;2017;1.836,7
Total;07 Castilla y León;Total;2016;1.819,8
Total;07 Castilla y León;Total;2015;1.841,6
Total;07 Castilla y León;Total;2014;1.788,5
Total;07 Castilla y León;Total;2013;1.852,9
Total;07 Castilla y León;Total;2012;1.828,1
Total;07 Castilla y León;Total;2011;1.788,8
Total;07 Castilla y León;Total;2010;1.777,2
Total;07 Castilla y León;Total;2009;1.779,9
Total;07 Castilla y León;Total;2008;1.705,5
Total;07 Castilla y León;Total;2007;1.624,8
Total;07 Castilla y León;Total;2006;1.559,7
Total;07 Castilla y León;1;2024;717,8
Total;07 Castilla y León;1;2023;649,8
Total;07 Castilla y León;1;2022;631,9
Total;07 Castilla y León;1;2021;539,3
Total;07 Castilla y León;1;2020;504,5
Total;07 Castilla y León;1;2019;552,4
Total;07 Castilla y León;1;2018;484,9
Total;07 Castilla y León;1;2017;483,8
Total;07 Castilla y León;1;2016;458,4
Total;07 Castilla y León;1;2015;403,9
Total;07 Castilla y León;1;2014;416,5
Total;07 Castilla y León;1;2013;388,2
Total;07 Castilla y León;1;2012;439,4
Total;07 Castilla y León;1;2011;483,7
Total;07 Castilla y León;1;2010;463,9
Total;07 Castilla y León;1;2009;505,3
Total;07 Castilla y León;1;2008;478,3
Total;07 Castilla y León;1;2007;501,8
Total;07 Castilla y León;1;2006;450,7
Total;07 Castilla y León;2;2024;1.265,4
Total;07 Castilla y León;2;2023;1.201,5
Total;07 Castilla y León;2;2022;1.122,8
Total;07 Castilla y León;2;2021;1.031,9
Total;07 Castilla y León;2;2020;1.008,5
Total;07 Castilla y León;2;2019;990,2
Total;07 Castilla y León;2;2018;898,2
Total;07 Castilla y León;2;2017;858,4
Total;07 Castilla y León;2;2016;847,7
Total;07 Castilla y León;2;2015;826,5
Total;07 Castilla y León;2;2014;804,1
Total;07 Castilla y León;2;2013;807,1
Total;07 Castilla y León;2;2012;846,0
Total;07 Castilla y León;2;2011;855,3
Total;07 Castilla y León;2;2010;900,9
Total;07 Castilla y León;2;2009;884,3
Total;07 Castilla y León;2;2008;899,4
Total;07 Castilla y León;2;2007;860,2
Total;07 Castilla y León;2;2006;799,5
Total;07 Castilla y León;3;2024;1.489,9
Total;07 Castilla y León;3;2023;1.435,5
Total;07 Castilla y León;3;2022;1.341,7
Total;07 Castilla y León;3;2021;1.256,1
Total;07 Castilla y León;3;2020;1.238,8
Total;07 Castilla y León;3;2019;1.219,9
Total;07 Castilla y León;3;2018;1.166,6
Total;07 Castilla y León;3;2017;1.130,2
Total;07 Castilla y León;3;2016;1.129,2
Total;07 Castilla y León;3;2015;1.107,9
Total;07 Castilla y León;3;2014;1.101,6
Total;07 Castilla y León;3;2013;1.107,5
Total;07 Castilla y León;3;2012;1.125,1
Total;07 Castilla y León;3;2011;1.131,7
Total;07 Castilla y León;3;2010;1.140,8
Total;07 Castilla y León;3;2009;1.117,6
Total;07 Castilla y León;3;2008;1.112,7
Total;07 Castilla y León;3;2007;1.062,9
Total;07 Castilla y León;3;2006;1.001,6
Total;07 Castilla y León;4;2024;1.682,7
Total;07 Castilla y León;4;2023;1.628,4
Total;07 Castilla y León;4;2022;1.521,2
Total;07 Castilla y León;4;2021;1.460,1
Total;07 Castilla y León;4;2020;1.421,8
Total;07 Castilla y León;4;2019;1.424,9
Total;07 Castilla y León;4;2018;1.362,9
Total;07 Castilla y León;4;2017;1.325,0
Total;07 Castilla y León;4;2016;1.319,7
Total;07 Castilla y León;4;2015;1.303,9
Total;07 Castilla y León;4;2014;1.315,5
Total;07 Castilla y León;4;2013;1.313,7
Total;07 Castilla y León;4;2012;1.323,0
Total;07 Castilla y León;4;2011;1.308,9
Total;07 Castilla y León;4;2010;1.317,6
Total;07 Castilla y León;4;2009;1.288,9
Total;07 Castilla y León;4;2008;1.263,9
Total;07 Castilla y León;4;2007;1.210,5
Total;07 Castilla y León;4;2006;1.144,1
Total;07 Castilla y León;5;2024;1.889,2
Total;07 Castilla y León;5;2023;1.827,8
Total;07 Castilla y León;5;2022;1.703,4
Total;07 Castilla y León;5;2021;1.651,2
Total;07 Castilla y León;5;2020;1.604,4
Total;07 Castilla y León;5;2019;1.595,0
Total;07 Castilla y León;5;2018;1.543,5
Total;07 Castilla y León;5;2017;1.492,6
Total;07 Castilla y León;5;2016;1.495,0
Total;07 Castilla y León;5;2015;1.495,6
Total;07 Castilla y León;5;2014;1.502,2
Total;07 Castilla y León;5;2013;1.504,6
Total;07 Castilla y León;5;2012;1.491,4
Total;07 Castilla y León;5;2011;1.482,7
Total;07 Castilla y León;5;2010;1.476,9
Total;07 Castilla y León;5;2009;1.442,9
Total;07 Castilla y León;5;2008;1.409,2
Total;07 Castilla y León;5;2007;1.341,5
Total;07 Castilla y León;5;2006;1.270,1
Total;07 Castilla y León;6;2024;2.117,1
Total;07 Castilla y León;6;2023;2.054,7
Total;07 Castilla y León;6;2022;1.915,4
Total;07 Castilla y León;6;2021;1.862,2
Total;07 Castilla y León;6;2020;1.817,9
Total;07 Castilla y León;6;2019;1.795,8
Total;07 Castilla y León;6;2018;1.750,2
Total;07 Castilla y León;6;2017;1.693,3
Total;07 Castilla y León;6;2016;1.706,7
Total;07 Castilla y León;6;2015;1.702,7
Total;07 Castilla y León;6;2014;1.712,9
Total;07 Castilla y León;6;2013;1.701,2
Total;07 Castilla y León;6;2012;1.685,2
Total;07 Castilla y León;6;2011;1.681,0
Total;07 Castilla y León;6;2010;1.659,7
Total;07 Castilla y León;6;2009;1.637,7
Total;07 Castilla y León;6;2008;1.575,5
Total;07 Castilla y León;6;2007;1.492,4
Total;07 Castilla y León;6;2006;1.420,7
Total;07 Castilla y León;7;2024;2.455,9
Total;07 Castilla y León;7;2023;2.353,2
Total;07 Castilla y León;7;2022;2.177,1
Total;07 Castilla y León;7;2021;2.144,1
Total;07 Castilla y León;7;2020;2.104,4
Total;07 Castilla y León;7;2019;2.051,7
Total;07 Castilla y León;7;2018;2.008,8
Total;07 Castilla y León;7;2017;1.966,6
Total;07 Castilla y León;7;2016;1.975,8
Total;07 Castilla y León;7;2015;1.955,3
Total;07 Castilla y León;7;2014;1.993,3
Total;07 Castilla y León;7;2013;1.986,4
Total;07 Castilla y León;7;2012;1.942,8
Total;07 Castilla y León;7;2011;1.929,5
Total;07 Castilla y León;7;2010;1.908,0
Total;07 Castilla y León;7;2009;1.867,8
Total;07 Castilla y León;7;2008;1.793,4
Total;07 Castilla y León;7;2007;1.701,7
Total;07 Castilla y León;7;2006;1.627,7
Total;07 Castilla y León;8;2024;2.932,7
Total;07 Castilla y León;8;2023;2.785,6
Total;07 Castilla y León;8;2022;2.596,7
Total;07 Castilla y León;8;2021;2.539,7
Total;07 Castilla y León;8;2020;2.547,9
Total;07 Castilla y León;8;2019;2.455,7
Total;07 Castilla y León;8;2018;2.437,8
Total;07 Castilla y León;8;2017;2.363,2
Total;07 Castilla y León;8;2016;2.355,5
Total;07 Castilla y León;8;2015;2.376,7
Total;07 Castilla y León;8;2014;2.389,1
Total;07 Castilla y León;8;2013;2.353,2
Total;07 Castilla y León;8;2012;2.307,2
Total;07 Castilla y León;8;2011;2.306,5
Total;07 Castilla y León;8;2010;2.289,6
Total;07 Castilla y León;8;2009;2.249,6
Total;07 Castilla y León;8;2008;2.133,1
Total;07 Castilla y León;8;2007;2.048,7
Total;07 Castilla y León;8;2006;1.962,2
Total;07 Castilla y León;9;2024;3.560,6
Total;07 Castilla y León;9;2023;3.377,4
Total;07 Castilla y León;9;2022;3.186,2
Total;07 Castilla y León;9;2021;3.122,9
Total;07 Castilla y León;9;2020;3.162,7
Total;07 Castilla y León;9;2019;3.025,0
Total;07 Castilla y León;9;2018;3.007,9
Total;07 Castilla y León;9;2017;2.948,3
Total;07 Castilla y León;9;2016;2.897,8
Total;07 Castilla y León;9;2015;2.956,5
Total;07 Castilla y León;9;2014;2.954,8
Total;07 Castilla y León;9;2013;2.906,3
Total;07 Castilla y León;9;2012;2.852,7
Total;07 Castilla y León;9;2011;2.858,7
Total;07 Castilla y León;9;2010;2.838,9
Total;07 Castilla y León;9;2009;2.800,2
Total;07 Castilla y León;9;2008;2.689,1
Total;07 Castilla y León;9;2007;2.572,1
Total;07 Castilla y León;9;2006;2.434,4
Total;07 Castilla y León;10;2024;5.587,7
Total;07 Castilla y León;10;2023;5.250,6
Total;07 Castilla y León;10;2022;4.849,2
Total;07 Castilla y León;10;2021;4.969,6
Total;07 Castilla y León;10;2020;4.819,1
Total;07 Castilla y León;10;2019;4.770,4
Total;07 Castilla y León;10;2018;4.548,6
Total;07 Castilla y León;10;2017;4.626,2
Total;07 Castilla y León;10;2016;4.476,4
Total;07 Castilla y León;10;2015;4.783,9
Total;07 Castilla y León;10;2014;4.456,6
Total;07 Castilla y León;10;2013;4.506,3
Total;07 Castilla y León;10;2012;4.406,9
Total;07 Castilla y León;10;2011;4.422,1
Total;07 Castilla y León;10;2010;4.108,5
Total;07 Castilla y León;10;2009;4.238,6
Total;07 Castilla y León;10;2008;4.049,0
Total;07 Castilla y León;10;2007;3.550,8
Total;07 Castilla y León;10;2006;3.412,2
Total;08 Castilla - La Mancha;Total;2024;2.221,5
Total;08 Castilla - La Mancha;Total;2023;2.025,2
Total;08 Castilla - La Mancha;Total;2022;1.954,6
Total;08 Castilla - La Mancha;Total;2021;1.926,1
Total;08 Castilla - La Mancha;Total;2020;1.892,3
Total;08 Castilla - La Mancha;Total;2019;1.880,9
Total;08 Castilla - La Mancha;Total;2018;1.776,6
Total;08 Castilla - La Mancha;Total;2017;1.765,2
Total;08 Castilla - La Mancha;Total;2016;1.787,4
Total;08 Castilla - La Mancha;Total;2015;1.788,1
Total;08 Castilla - La Mancha;Total;2014;1.740,4
Total;08 Castilla - La Mancha;Total;2013;1.768,5
Total;08 Castilla - La Mancha;Total;2012;1.706,7
Total;08 Castilla - La Mancha;Total;2011;1.790,1
Total;08 Castilla - La Mancha;Total;2010;1.756,7
Total;08 Castilla - La Mancha;Total;2009;1.709,4
Total;08 Castilla - La Mancha;Total;2008;1.646,7
Total;08 Castilla - La Mancha;Total;2007;1.535,1
Total;08 Castilla - La Mancha;Total;2006;1.458,6
Total;08 Castilla - La Mancha;1;2024;719,1
Total;08 Castilla - La Mancha;1;2023;642,5
Total;08 Castilla - La Mancha;1;2022;611,2
Total;08 Castilla - La Mancha;1;2021;581,2
Total;08 Castilla - La Mancha;1;2020;513,6
Total;08 Castilla - La Mancha;1;2019;533,1
Total;08 Castilla - La Mancha;1;2018;482,7
Total;08 Castilla - La Mancha;1;2017;453,6
Total;08 Castilla - La Mancha;1;2016;459,5
Total;08 Castilla - La Mancha;1;2015;430,4
Total;08 Castilla - La Mancha;1;2014;444,2
Total;08 Castilla - La Mancha;1;2013;413,1
Total;08 Castilla - La Mancha;1;2012;436,4
Total;08 Castilla - La Mancha;1;2011;477,7
Total;08 Castilla - La Mancha;1;2010;482,4
Total;08 Castilla - La Mancha;1;2009;482,1
Total;08 Castilla - La Mancha;1;2008;491,3
Total;08 Castilla - La Mancha;1;2007;507,1
Total;08 Castilla - La Mancha;1;2006;478,1
Total;08 Castilla - La Mancha;2;2024;1.294,3
Total;08 Castilla - La Mancha;2;2023;1.218,3
Total;08 Castilla - La Mancha;2;2022;1.129,3
Total;08 Castilla - La Mancha;2;2021;1.035,3
Total;08 Castilla - La Mancha;2;2020;1.009,9
Total;08 Castilla - La Mancha;2;2019;997,1
Total;08 Castilla - La Mancha;2;2018;902,2
Total;08 Castilla - La Mancha;2;2017;865,8
Total;08 Castilla - La Mancha;2;2016;845,6
Total;08 Castilla - La Mancha;2;2015;828,9
Total;08 Castilla - La Mancha;2;2014;816,8
Total;08 Castilla - La Mancha;2;2013;814,9
Total;08 Castilla - La Mancha;2;2012;837,0
Total;08 Castilla - La Mancha;2;2011;856,9
Total;08 Castilla - La Mancha;2;2010;884,3
Total;08 Castilla - La Mancha;2;2009;883,6
Total;08 Castilla - La Mancha;2;2008;895,9
Total;08 Castilla - La Mancha;2;2007;843,3
Total;08 Castilla - La Mancha;2;2006;802,5
Total;08 Castilla - La Mancha;3;2024;1.491,8
Total;08 Castilla - La Mancha;3;2023;1.440,6
Total;08 Castilla - La Mancha;3;2022;1.348,0
Total;08 Castilla - La Mancha;3;2021;1.256,4
Total;08 Castilla - La Mancha;3;2020;1.236,0
Total;08 Castilla - La Mancha;3;2019;1.228,5
Total;08 Castilla - La Mancha;3;2018;1.154,4
Total;08 Castilla - La Mancha;3;2017;1.126,1
Total;08 Castilla - La Mancha;3;2016;1.126,3
Total;08 Castilla - La Mancha;3;2015;1.101,6
Total;08 Castilla - La Mancha;3;2014;1.108,4
Total;08 Castilla - La Mancha;3;2013;1.114,4
Total;08 Castilla - La Mancha;3;2012;1.124,7
Total;08 Castilla - La Mancha;3;2011;1.130,5
Total;08 Castilla - La Mancha;3;2010;1.145,6
Total;08 Castilla - La Mancha;3;2009;1.121,9
Total;08 Castilla - La Mancha;3;2008;1.122,4
Total;08 Castilla - La Mancha;3;2007;1.065,6
Total;08 Castilla - La Mancha;3;2006;1.013,5
Total;08 Castilla - La Mancha;4;2024;1.679,5
Total;08 Castilla - La Mancha;4;2023;1.628,3
Total;08 Castilla - La Mancha;4;2022;1.531,0
Total;08 Castilla - La Mancha;4;2021;1.452,0
Total;08 Castilla - La Mancha;4;2020;1.425,7
Total;08 Castilla - La Mancha;4;2019;1.421,9
Total;08 Castilla - La Mancha;4;2018;1.362,6
Total;08 Castilla - La Mancha;4;2017;1.321,3
Total;08 Castilla - La Mancha;4;2016;1.326,6
Total;08 Castilla - La Mancha;4;2015;1.308,7
Total;08 Castilla - La Mancha;4;2014;1.320,5
Total;08 Castilla - La Mancha;4;2013;1.318,9
Total;08 Castilla - La Mancha;4;2012;1.317,5
Total;08 Castilla - La Mancha;4;2011;1.311,8
Total;08 Castilla - La Mancha;4;2010;1.318,1
Total;08 Castilla - La Mancha;4;2009;1.287,1
Total;08 Castilla - La Mancha;4;2008;1.263,0
Total;08 Castilla - La Mancha;4;2007;1.200,9
Total;08 Castilla - La Mancha;4;2006;1.142,4
Total;08 Castilla - La Mancha;5;2024;1.881,0
Total;08 Castilla - La Mancha;5;2023;1.826,8
Total;08 Castilla - La Mancha;5;2022;1.699,4
Total;08 Castilla - La Mancha;5;2021;1.641,2
Total;08 Castilla - La Mancha;5;2020;1.599,3
Total;08 Castilla - La Mancha;5;2019;1.594,7
Total;08 Castilla - La Mancha;5;2018;1.547,7
Total;08 Castilla - La Mancha;5;2017;1.503,2
Total;08 Castilla - La Mancha;5;2016;1.500,9
Total;08 Castilla - La Mancha;5;2015;1.497,1
Total;08 Castilla - La Mancha;5;2014;1.498,8
Total;08 Castilla - La Mancha;5;2013;1.499,7
Total;08 Castilla - La Mancha;5;2012;1.489,3
Total;08 Castilla - La Mancha;5;2011;1.479,8
Total;08 Castilla - La Mancha;5;2010;1.477,0
Total;08 Castilla - La Mancha;5;2009;1.435,4
Total;08 Castilla - La Mancha;5;2008;1.411,4
Total;08 Castilla - La Mancha;5;2007;1.339,8
Total;08 Castilla - La Mancha;5;2006;1.267,5
Total;08 Castilla - La Mancha;6;2024;2.121,8
Total;08 Castilla - La Mancha;6;2023;2.044,4
Total;08 Castilla - La Mancha;6;2022;1.913,6
Total;08 Castilla - La Mancha;6;2021;1.861,1
Total;08 Castilla - La Mancha;6;2020;1.809,3
Total;08 Castilla - La Mancha;6;2019;1.793,6
Total;08 Castilla - La Mancha;6;2018;1.755,1
Total;08 Castilla - La Mancha;6;2017;1.699,1
Total;08 Castilla - La Mancha;6;2016;1.699,9
Total;08 Castilla - La Mancha;6;2015;1.702,6
Total;08 Castilla - La Mancha;6;2014;1.709,7
Total;08 Castilla - La Mancha;6;2013;1.709,6
Total;08 Castilla - La Mancha;6;2012;1.684,0
Total;08 Castilla - La Mancha;6;2011;1.678,0
Total;08 Castilla - La Mancha;6;2010;1.666,4
Total;08 Castilla - La Mancha;6;2009;1.629,7
Total;08 Castilla - La Mancha;6;2008;1.578,4
Total;08 Castilla - La Mancha;6;2007;1.491,4
Total;08 Castilla - La Mancha;6;2006;1.414,9
Total;08 Castilla - La Mancha;7;2024;2.440,8
Total;08 Castilla - La Mancha;7;2023;2.361,1
Total;08 Castilla - La Mancha;7;2022;2.187,1
Total;08 Castilla - La Mancha;7;2021;2.135,7
Total;08 Castilla - La Mancha;7;2020;2.100,1
Total;08 Castilla - La Mancha;7;2019;2.055,3
Total;08 Castilla - La Mancha;7;2018;2.012,9
Total;08 Castilla - La Mancha;7;2017;1.960,0
Total;08 Castilla - La Mancha;7;2016;1.950,4
Total;08 Castilla - La Mancha;7;2015;1.963,4
Total;08 Castilla - La Mancha;7;2014;1.996,3
Total;08 Castilla - La Mancha;7;2013;1.977,1
Total;08 Castilla - La Mancha;7;2012;1.943,1
Total;08 Castilla - La Mancha;7;2011;1.917,3
Total;08 Castilla - La Mancha;7;2010;1.907,2
Total;08 Castilla - La Mancha;7;2009;1.863,4
Total;08 Castilla - La Mancha;7;2008;1.793,3
Total;08 Castilla - La Mancha;7;2007;1.702,2
Total;08 Castilla - La Mancha;7;2006;1.624,1
Total;08 Castilla - La Mancha;8;2024;2.887,4
Total;08 Castilla - La Mancha;8;2023;2.781,3
Total;08 Castilla - La Mancha;8;2022;2.586,5
Total;08 Castilla - La Mancha;8;2021;2.553,9
Total;08 Castilla - La Mancha;8;2020;2.530,3
Total;08 Castilla - La Mancha;8;2019;2.449,7
Total;08 Castilla - La Mancha;8;2018;2.444,1
Total;08 Castilla - La Mancha;8;2017;2.342,1
Total;08 Castilla - La Mancha;8;2016;2.350,8
Total;08 Castilla - La Mancha;8;2015;2.367,7
Total;08 Castilla - La Mancha;8;2014;2.376,6
Total;08 Castilla - La Mancha;8;2013;2.356,5
Total;08 Castilla - La Mancha;8;2012;2.297,2
Total;08 Castilla - La Mancha;8;2011;2.288,9
Total;08 Castilla - La Mancha;8;2010;2.275,1
Total;08 Castilla - La Mancha;8;2009;2.246,9
Total;08 Castilla - La Mancha;8;2008;2.130,9
Total;08 Castilla - La Mancha;8;2007;2.053,1
Total;08 Castilla - La Mancha;8;2006;1.955,9
Total;08 Castilla - La Mancha;9;2024;3.565,5
Total;08 Castilla - La Mancha;9;2023;3.342,1
Total;08 Castilla - La Mancha;9;2022;3.184,6
Total;08 Castilla - La Mancha;9;2021;3.132,2
Total;08 Castilla - La Mancha;9;2020;3.160,2
Total;08 Castilla - La Mancha;9;2019;3.024,9
Total;08 Castilla - La Mancha;9;2018;2.984,6
Total;08 Castilla - La Mancha;9;2017;2.947,3
Total;08 Castilla - La Mancha;9;2016;2.905,0
Total;08 Castilla - La Mancha;9;2015;2.969,3
Total;08 Castilla - La Mancha;9;2014;2.947,6
Total;08 Castilla - La Mancha;9;2013;2.869,8
Total;08 Castilla - La Mancha;9;2012;2.855,6
Total;08 Castilla - La Mancha;9;2011;2.851,3
Total;08 Castilla - La Mancha;9;2010;2.826,0
Total;08 Castilla - La Mancha;9;2009;2.806,7
Total;08 Castilla - La Mancha;9;2008;2.693,4
Total;08 Castilla - La Mancha;9;2007;2.554,2
Total;08 Castilla - La Mancha;9;2006;2.458,1
Total;08 Castilla - La Mancha;10;2024;5.304,8
Total;08 Castilla - La Mancha;10;2023;5.166,2
Total;08 Castilla - La Mancha;10;2022;4.923,1
Total;08 Castilla - La Mancha;10;2021;4.711,6
Total;08 Castilla - La Mancha;10;2020;4.673,3
Total;08 Castilla - La Mancha;10;2019;4.708,8
Total;08 Castilla - La Mancha;10;2018;4.466,3
Total;08 Castilla - La Mancha;10;2017;4.483,5
Total;08 Castilla - La Mancha;10;2016;4.517,4
Total;08 Castilla - La Mancha;10;2015;4.511,3
Total;08 Castilla - La Mancha;10;2014;4.374,2
Total;08 Castilla - La Mancha;10;2013;4.429,9
Total;08 Castilla - La Mancha;10;2012;4.245,3
Total;08 Castilla - La Mancha;10;2011;4.351,2
Total;08 Castilla - La Mancha;10;2010;4.382,3
Total;08 Castilla - La Mancha;10;2009;4.212,3
Total;08 Castilla - La Mancha;10;2008;4.094,2
Total;08 Castilla - La Mancha;10;2007;3.565,5
Total;08 Castilla - La Mancha;10;2006;3.470,9
Total;09 Cataluña;Total;2024;2.529,9
Total;09 Cataluña;Total;2023;2.439,1
Total;09 Cataluña;Total;2022;2.261,5
Total;09 Cataluña;Total;2021;2.174,8
Total;09 Cataluña;Total;2020;2.158,2
Total;09 Cataluña;Total;2019;2.143,5
Total;09 Cataluña;Total;2018;2.067,6
Total;09 Cataluña;Total;2017;1.992,9
Total;09 Cataluña;Total;2016;1.952,0
Total;09 Cataluña;Total;2015;2.003,8
Total;09 Cataluña;Total;2014;1.953,3
Total;09 Cataluña;Total;2013;1.928,0
Total;09 Cataluña;Total;2012;1.926,0
Total;09 Cataluña;Total;2011;1.912,8
Total;09 Cataluña;Total;2010;1.908,4
Total;09 Cataluña;Total;2009;1.894,7
Total;09 Cataluña;Total;2008;1.882,4
Total;09 Cataluña;Total;2007;1.679,8
Total;09 Cataluña;Total;2006;1.676,8
Total;09 Cataluña;1;2024;700,9
Total;09 Cataluña;1;2023;615,9
Total;09 Cataluña;1;2022;617,5
Total;09 Cataluña;1;2021;569,1
Total;09 Cataluña;1;2020;519,2
Total;09 Cataluña;1;2019;532,9
Total;09 Cataluña;1;2018;486,3
Total;09 Cataluña;1;2017;465,7
Total;09 Cataluña;1;2016;447,1
Total;09 Cataluña;1;2015;409,6
Total;09 Cataluña;1;2014;409,4
Total;09 Cataluña;1;2013;419,8
Total;09 Cataluña;1;2012;406,0
Total;09 Cataluña;1;2011;451,6
Total;09 Cataluña;1;2010;482,8
Total;09 Cataluña;1;2009;500,5
Total;09 Cataluña;1;2008;495,9
Total;09 Cataluña;1;2007;520,1
Total;09 Cataluña;1;2006;471,4
Total;09 Cataluña;2;2024;1.286,2
Total;09 Cataluña;2;2023;1.201,1
Total;09 Cataluña;2;2022;1.116,4
Total;09 Cataluña;2;2021;1.024,5
Total;09 Cataluña;2;2020;1.005,0
Total;09 Cataluña;2;2019;995,8
Total;09 Cataluña;2;2018;905,6
Total;09 Cataluña;2;2017;861,9
Total;09 Cataluña;2;2016;862,3
Total;09 Cataluña;2;2015;823,6
Total;09 Cataluña;2;2014;819,3
Total;09 Cataluña;2;2013;813,0
Total;09 Cataluña;2;2012;841,2
Total;09 Cataluña;2;2011;861,4
Total;09 Cataluña;2;2010;884,3
Total;09 Cataluña;2;2009;879,8
Total;09 Cataluña;2;2008;883,6
Total;09 Cataluña;2;2007;855,2
Total;09 Cataluña;2;2006;805,0
Total;09 Cataluña;3;2024;1.485,8
Total;09 Cataluña;3;2023;1.431,8
Total;09 Cataluña;3;2022;1.336,3
Total;09 Cataluña;3;2021;1.256,5
Total;09 Cataluña;3;2020;1.237,1
Total;09 Cataluña;3;2019;1.222,4
Total;09 Cataluña;3;2018;1.156,5
Total;09 Cataluña;3;2017;1.119,0
Total;09 Cataluña;3;2016;1.118,7
Total;09 Cataluña;3;2015;1.098,0
Total;09 Cataluña;3;2014;1.101,4
Total;09 Cataluña;3;2013;1.099,0
Total;09 Cataluña;3;2012;1.107,7
Total;09 Cataluña;3;2011;1.128,8
Total;09 Cataluña;3;2010;1.143,9
Total;09 Cataluña;3;2009;1.121,1
Total;09 Cataluña;3;2008;1.111,5
Total;09 Cataluña;3;2007;1.056,2
Total;09 Cataluña;3;2006;1.001,6
Total;09 Cataluña;4;2024;1.680,4
Total;09 Cataluña;4;2023;1.625,4
Total;09 Cataluña;4;2022;1.525,0
Total;09 Cataluña;4;2021;1.457,7
Total;09 Cataluña;4;2020;1.421,3
Total;09 Cataluña;4;2019;1.421,1
Total;09 Cataluña;4;2018;1.354,4
Total;09 Cataluña;4;2017;1.322,5
Total;09 Cataluña;4;2016;1.325,6
Total;09 Cataluña;4;2015;1.318,7
Total;09 Cataluña;4;2014;1.308,8
Total;09 Cataluña;4;2013;1.323,9
Total;09 Cataluña;4;2012;1.321,1
Total;09 Cataluña;4;2011;1.309,1
Total;09 Cataluña;4;2010;1.321,0
Total;09 Cataluña;4;2009;1.290,7
Total;09 Cataluña;4;2008;1.266,1
Total;09 Cataluña;4;2007;1.203,1
Total;09 Cataluña;4;2006;1.147,2
Total;09 Cataluña;5;2024;1.890,2
Total;09 Cataluña;5;2023;1.835,8
Total;09 Cataluña;5;2022;1.714,7
Total;09 Cataluña;5;2021;1.654,2
Total;09 Cataluña;5;2020;1.611,8
Total;09 Cataluña;5;2019;1.591,9
Total;09 Cataluña;5;2018;1.555,6
Total;09 Cataluña;5;2017;1.498,9
Total;09 Cataluña;5;2016;1.499,6
Total;09 Cataluña;5;2015;1.494,8
Total;09 Cataluña;5;2014;1.501,9
Total;09 Cataluña;5;2013;1.498,8
Total;09 Cataluña;5;2012;1.491,2
Total;09 Cataluña;5;2011;1.488,8
Total;09 Cataluña;5;2010;1.487,1
Total;09 Cataluña;5;2009;1.450,5
Total;09 Cataluña;5;2008;1.413,6
Total;09 Cataluña;5;2007;1.337,5
Total;09 Cataluña;5;2006;1.275,0
Total;09 Cataluña;6;2024;2.136,8
Total;09 Cataluña;6;2023;2.064,9
Total;09 Cataluña;6;2022;1.917,4
Total;09 Cataluña;6;2021;1.871,4
Total;09 Cataluña;6;2020;1.820,2
Total;09 Cataluña;6;2019;1.800,0
Total;09 Cataluña;6;2018;1.754,7
Total;09 Cataluña;6;2017;1.705,9
Total;09 Cataluña;6;2016;1.707,9
Total;09 Cataluña;6;2015;1.706,1
Total;09 Cataluña;6;2014;1.722,3
Total;09 Cataluña;6;2013;1.707,2
Total;09 Cataluña;6;2012;1.688,0
Total;09 Cataluña;6;2011;1.680,6
Total;09 Cataluña;6;2010;1.666,5
Total;09 Cataluña;6;2009;1.627,7
Total;09 Cataluña;6;2008;1.575,8
Total;09 Cataluña;6;2007;1.495,9
Total;09 Cataluña;6;2006;1.415,0
Total;09 Cataluña;7;2024;2.450,4
Total;09 Cataluña;7;2023;2.357,9
Total;09 Cataluña;7;2022;2.182,6
Total;09 Cataluña;7;2021;2.154,8
Total;09 Cataluña;7;2020;2.101,7
Total;09 Cataluña;7;2019;2.053,5
Total;09 Cataluña;7;2018;2.022,2
Total;09 Cataluña;7;2017;1.972,1
Total;09 Cataluña;7;2016;1.971,0
Total;09 Cataluña;7;2015;1.952,7
Total;09 Cataluña;7;2014;1.993,8
Total;09 Cataluña;7;2013;1.986,6
Total;09 Cataluña;7;2012;1.940,4
Total;09 Cataluña;7;2011;1.928,7
Total;09 Cataluña;7;2010;1.917,6
Total;09 Cataluña;7;2009;1.870,2
Total;09 Cataluña;7;2008;1.793,5
Total;09 Cataluña;7;2007;1.701,4
Total;09 Cataluña;7;2006;1.628,3
Total;09 Cataluña;8;2024;2.915,6
Total;09 Cataluña;8;2023;2.780,9
Total;09 Cataluña;8;2022;2.588,3
Total;09 Cataluña;8;2021;2.567,1
Total;09 Cataluña;8;2020;2.539,8
Total;09 Cataluña;8;2019;2.446,7
Total;09 Cataluña;8;2018;2.416,3
Total;09 Cataluña;8;2017;2.347,4
Total;09 Cataluña;8;2016;2.355,2
Total;09 Cataluña;8;2015;2.367,7
Total;09 Cataluña;8;2014;2.378,1
Total;09 Cataluña;8;2013;2.370,1
Total;09 Cataluña;8;2012;2.315,0
Total;09 Cataluña;8;2011;2.284,6
Total;09 Cataluña;8;2010;2.295,6
Total;09 Cataluña;8;2009;2.243,9
Total;09 Cataluña;8;2008;2.144,7
Total;09 Cataluña;8;2007;2.043,1
Total;09 Cataluña;8;2006;1.964,3
Total;09 Cataluña;9;2024;3.590,4
Total;09 Cataluña;9;2023;3.403,5
Total;09 Cataluña;9;2022;3.173,5
Total;09 Cataluña;9;2021;3.153,9
Total;09 Cataluña;9;2020;3.150,9
Total;09 Cataluña;9;2019;3.033,2
Total;09 Cataluña;9;2018;2.978,7
Total;09 Cataluña;9;2017;2.964,8
Total;09 Cataluña;9;2016;2.921,2
Total;09 Cataluña;9;2015;2.967,7
Total;09 Cataluña;9;2014;2.934,6
Total;09 Cataluña;9;2013;2.921,5
Total;09 Cataluña;9;2012;2.854,2
Total;09 Cataluña;9;2011;2.845,5
Total;09 Cataluña;9;2010;2.847,4
Total;09 Cataluña;9;2009;2.796,3
Total;09 Cataluña;9;2008;2.689,3
Total;09 Cataluña;9;2007;2.556,8
Total;09 Cataluña;9;2006;2.443,8
Total;09 Cataluña;10;2024;5.932,3
Total;09 Cataluña;10;2023;5.243,6
Total;09 Cataluña;10;2022;4.927,9
Total;09 Cataluña;10;2021;5.121,3
Total;09 Cataluña;10;2020;5.066,1
Total;09 Cataluña;10;2019;4.764,7
Total;09 Cataluña;10;2018;4.955,9
Total;09 Cataluña;10;2017;4.575,5
Total;09 Cataluña;10;2016;4.521,6
Total;09 Cataluña;10;2015;4.847,1
Total;09 Cataluña;10;2014;4.642,0
Total;09 Cataluña;10;2013;4.608,1
Total;09 Cataluña;10;2012;4.528,5
Total;09 Cataluña;10;2011;4.448,0
Total;09 Cataluña;10;2010;4.333,4
Total;09 Cataluña;10;2009;4.425,4
Total;09 Cataluña;10;2008;4.397,7
Total;09 Cataluña;10;2007;3.650,0
Total;09 Cataluña;10;2006;3.572,1
Total;10 Comunitat Valenciana;Total;2024;2.181,2
Total;10 Comunitat Valenciana;Total;2023;2.079,9
Total;10 Comunitat Valenciana;Total;2022;1.937,4
Total;10 Comunitat Valenciana;Total;2021;1.945,3
Total;10 Comunitat Valenciana;Total;2020;1.920,7
Total;10 Comunitat Valenciana;Total;2019;1.860,9
Total;10 Comunitat Valenciana;Total;2018;1.784,8
Total;10 Comunitat Valenciana;Total;2017;1.677,8
Total;10 Comunitat Valenciana;Total;2016;1.736,0
Total;10 Comunitat Valenciana;Total;2015;1.674,8
Total;10 Comunitat Valenciana;Total;2014;1.745,5
Total;10 Comunitat Valenciana;Total;2013;1.741,1
Total;10 Comunitat Valenciana;Total;2012;1.729,8
Total;10 Comunitat Valenciana;Total;2011;1.709,2
Total;10 Comunitat Valenciana;Total;2010;1.686,7
Total;10 Comunitat Valenciana;Total;2009;1.613,0
Total;10 Comunitat Valenciana;Total;2008;1.578,1
Total;10 Comunitat Valenciana;Total;2007;1.522,7
Total;10 Comunitat Valenciana;Total;2006;1.421,5
Total;10 Comunitat Valenciana;1;2024;699,3
Total;10 Comunitat Valenciana;1;2023;621,4
Total;10 Comunitat Valenciana;1;2022;609,1
Total;10 Comunitat Valenciana;1;2021;575,3
Total;10 Comunitat Valenciana;1;2020;529,2
Total;10 Comunitat Valenciana;1;2019;531,3
Total;10 Comunitat Valenciana;1;2018;454,2
Total;10 Comunitat Valenciana;1;2017;443,5
Total;10 Comunitat Valenciana;1;2016;462,1
Total;10 Comunitat Valenciana;1;2015;394,9
Total;10 Comunitat Valenciana;1;2014;433,3
Total;10 Comunitat Valenciana;1;2013;407,6
Total;10 Comunitat Valenciana;1;2012;428,1
Total;10 Comunitat Valenciana;1;2011;461,5
Total;10 Comunitat Valenciana;1;2010;480,9
Total;10 Comunitat Valenciana;1;2009;483,0
Total;10 Comunitat Valenciana;1;2008;512,0
Total;10 Comunitat Valenciana;1;2007;495,8
Total;10 Comunitat Valenciana;1;2006;463,3
Total;10 Comunitat Valenciana;2;2024;1.274,2
Total;10 Comunitat Valenciana;2;2023;1.214,2
Total;10 Comunitat Valenciana;2;2022;1.134,2
Total;10 Comunitat Valenciana;2;2021;1.036,3
Total;10 Comunitat Valenciana;2;2020;1.000,1
Total;10 Comunitat Valenciana;2;2019;984,6
Total;10 Comunitat Valenciana;2;2018;903,4
Total;10 Comunitat Valenciana;2;2017;856,6
Total;10 Comunitat Valenciana;2;2016;857,7
Total;10 Comunitat Valenciana;2;2015;827,1
Total;10 Comunitat Valenciana;2;2014;817,9
Total;10 Comunitat Valenciana;2;2013;814,1
Total;10 Comunitat Valenciana;2;2012;832,2
Total;10 Comunitat Valenciana;2;2011;865,2
Total;10 Comunitat Valenciana;2;2010;885,0
Total;10 Comunitat Valenciana;2;2009;879,8
Total;10 Comunitat Valenciana;2;2008;890,4
Total;10 Comunitat Valenciana;2;2007;859,9
Total;10 Comunitat Valenciana;2;2006;802,6
Total;10 Comunitat Valenciana;3;2024;1.494,9
Total;10 Comunitat Valenciana;3;2023;1.440,1
Total;10 Comunitat Valenciana;3;2022;1.340,0
Total;10 Comunitat Valenciana;3;2021;1.259,9
Total;10 Comunitat Valenciana;3;2020;1.242,3
Total;10 Comunitat Valenciana;3;2019;1.217,3
Total;10 Comunitat Valenciana;3;2018;1.158,3
Total;10 Comunitat Valenciana;3;2017;1.124,1
Total;10 Comunitat Valenciana;3;2016;1.122,8
Total;10 Comunitat Valenciana;3;2015;1.100,5
Total;10 Comunitat Valenciana;3;2014;1.104,6
Total;10 Comunitat Valenciana;3;2013;1.102,9
Total;10 Comunitat Valenciana;3;2012;1.133,9
Total;10 Comunitat Valenciana;3;2011;1.132,9
Total;10 Comunitat Valenciana;3;2010;1.143,3
Total;10 Comunitat Valenciana;3;2009;1.124,8
Total;10 Comunitat Valenciana;3;2008;1.115,8
Total;10 Comunitat Valenciana;3;2007;1.066,6
Total;10 Comunitat Valenciana;3;2006;1.009,1
Total;10 Comunitat Valenciana;4;2024;1.687,5
Total;10 Comunitat Valenciana;4;2023;1.628,1
Total;10 Comunitat Valenciana;4;2022;1.518,6
Total;10 Comunitat Valenciana;4;2021;1.460,2
Total;10 Comunitat Valenciana;4;2020;1.428,1
Total;10 Comunitat Valenciana;4;2019;1.419,2
Total;10 Comunitat Valenciana;4;2018;1.353,7
Total;10 Comunitat Valenciana;4;2017;1.319,1
Total;10 Comunitat Valenciana;4;2016;1.323,2
Total;10 Comunitat Valenciana;4;2015;1.310,6
Total;10 Comunitat Valenciana;4;2014;1.313,6
Total;10 Comunitat Valenciana;4;2013;1.316,8
Total;10 Comunitat Valenciana;4;2012;1.326,6
Total;10 Comunitat Valenciana;4;2011;1.310,6
Total;10 Comunitat Valenciana;4;2010;1.312,6
Total;10 Comunitat Valenciana;4;2009;1.288,2
Total;10 Comunitat Valenciana;4;2008;1.268,1
Total;10 Comunitat Valenciana;4;2007;1.200,5
Total;10 Comunitat Valenciana;4;2006;1.146,3
Total;10 Comunitat Valenciana;5;2024;1.884,4
Total;10 Comunitat Valenciana;5;2023;1.828,9
Total;10 Comunitat Valenciana;5;2022;1.705,9
Total;10 Comunitat Valenciana;5;2021;1.655,7
Total;10 Comunitat Valenciana;5;2020;1.597,5
Total;10 Comunitat Valenciana;5;2019;1.593,8
Total;10 Comunitat Valenciana;5;2018;1.546,7
Total;10 Comunitat Valenciana;5;2017;1.490,9
Total;10 Comunitat Valenciana;5;2016;1.498,8
Total;10 Comunitat Valenciana;5;2015;1.493,8
Total;10 Comunitat Valenciana;5;2014;1.496,5
Total;10 Comunitat Valenciana;5;2013;1.503,3
Total;10 Comunitat Valenciana;5;2012;1.492,5
Total;10 Comunitat Valenciana;5;2011;1.482,1
Total;10 Comunitat Valenciana;5;2010;1.469,1
Total;10 Comunitat Valenciana;5;2009;1.434,3
Total;10 Comunitat Valenciana;5;2008;1.405,6
Total;10 Comunitat Valenciana;5;2007;1.334,3
Total;10 Comunitat Valenciana;5;2006;1.272,4
Total;10 Comunitat Valenciana;6;2024;2.139,1
Total;10 Comunitat Valenciana;6;2023;2.061,8
Total;10 Comunitat Valenciana;6;2022;1.913,3
Total;10 Comunitat Valenciana;6;2021;1.863,3
Total;10 Comunitat Valenciana;6;2020;1.813,9
Total;10 Comunitat Valenciana;6;2019;1.785,9
Total;10 Comunitat Valenciana;6;2018;1.751,2
Total;10 Comunitat Valenciana;6;2017;1.699,6
Total;10 Comunitat Valenciana;6;2016;1.709,1
Total;10 Comunitat Valenciana;6;2015;1.702,4
Total;10 Comunitat Valenciana;6;2014;1.709,4
Total;10 Comunitat Valenciana;6;2013;1.695,7
Total;10 Comunitat Valenciana;6;2012;1.680,2
Total;10 Comunitat Valenciana;6;2011;1.674,7
Total;10 Comunitat Valenciana;6;2010;1.669,0
Total;10 Comunitat Valenciana;6;2009;1.625,8
Total;10 Comunitat Valenciana;6;2008;1.571,4
Total;10 Comunitat Valenciana;6;2007;1.493,3
Total;10 Comunitat Valenciana;6;2006;1.420,7
Total;10 Comunitat Valenciana;7;2024;2.444,1
Total;10 Comunitat Valenciana;7;2023;2.362,7
Total;10 Comunitat Valenciana;7;2022;2.180,4
Total;10 Comunitat Valenciana;7;2021;2.144,6
Total;10 Comunitat Valenciana;7;2020;2.119,3
Total;10 Comunitat Valenciana;7;2019;2.056,1
Total;10 Comunitat Valenciana;7;2018;2.018,5
Total;10 Comunitat Valenciana;7;2017;1.967,8
Total;10 Comunitat Valenciana;7;2016;1.967,7
Total;10 Comunitat Valenciana;7;2015;1.954,7
Total;10 Comunitat Valenciana;7;2014;2.010,7
Total;10 Comunitat Valenciana;7;2013;1.972,5
Total;10 Comunitat Valenciana;7;2012;1.947,4
Total;10 Comunitat Valenciana;7;2011;1.925,3
Total;10 Comunitat Valenciana;7;2010;1.911,6
Total;10 Comunitat Valenciana;7;2009;1.867,2
Total;10 Comunitat Valenciana;7;2008;1.796,5
Total;10 Comunitat Valenciana;7;2007;1.703,0
Total;10 Comunitat Valenciana;7;2006;1.622,2
Total;10 Comunitat Valenciana;8;2024;2.913,6
Total;10 Comunitat Valenciana;8;2023;2.774,7
Total;10 Comunitat Valenciana;8;2022;2.619,1
Total;10 Comunitat Valenciana;8;2021;2.563,6
Total;10 Comunitat Valenciana;8;2020;2.547,1
Total;10 Comunitat Valenciana;8;2019;2.435,1
Total;10 Comunitat Valenciana;8;2018;2.411,5
Total;10 Comunitat Valenciana;8;2017;2.360,0
Total;10 Comunitat Valenciana;8;2016;2.343,1
Total;10 Comunitat Valenciana;8;2015;2.352,3
Total;10 Comunitat Valenciana;8;2014;2.381,9
Total;10 Comunitat Valenciana;8;2013;2.363,6
Total;10 Comunitat Valenciana;8;2012;2.319,3
Total;10 Comunitat Valenciana;8;2011;2.305,7
Total;10 Comunitat Valenciana;8;2010;2.280,3
Total;10 Comunitat Valenciana;8;2009;2.224,8
Total;10 Comunitat Valenciana;8;2008;2.138,1
Total;10 Comunitat Valenciana;8;2007;2.035,3
Total;10 Comunitat Valenciana;8;2006;1.965,1
Total;10 Comunitat Valenciana;9;2024;3.540,8
Total;10 Comunitat Valenciana;9;2023;3.386,4
Total;10 Comunitat Valenciana;9;2022;3.154,9
Total;10 Comunitat Valenciana;9;2021;3.116,9
Total;10 Comunitat Valenciana;9;2020;3.128,1
Total;10 Comunitat Valenciana;9;2019;3.034,3
Total;10 Comunitat Valenciana;9;2018;3.017,2
Total;10 Comunitat Valenciana;9;2017;2.942,9
Total;10 Comunitat Valenciana;9;2016;2.897,8
Total;10 Comunitat Valenciana;9;2015;2.957,2
Total;10 Comunitat Valenciana;9;2014;2.938,1
Total;10 Comunitat Valenciana;9;2013;2.933,9
Total;10 Comunitat Valenciana;9;2012;2.844,3
Total;10 Comunitat Valenciana;9;2011;2.840,6
Total;10 Comunitat Valenciana;9;2010;2.840,2
Total;10 Comunitat Valenciana;9;2009;2.812,5
Total;10 Comunitat Valenciana;9;2008;2.687,6
Total;10 Comunitat Valenciana;9;2007;2.570,1
Total;10 Comunitat Valenciana;9;2006;2.451,4
Total;10 Comunitat Valenciana;10;2024;5.735,5
Total;10 Comunitat Valenciana;10;2023;5.344,0
Total;10 Comunitat Valenciana;10;2022;4.849,6
Total;10 Comunitat Valenciana;10;2021;5.176,7
Total;10 Comunitat Valenciana;10;2020;5.136,2
Total;10 Comunitat Valenciana;10;2019;4.760,2
Total;10 Comunitat Valenciana;10;2018;4.786,9
Total;10 Comunitat Valenciana;10;2017;4.442,6
Total;10 Comunitat Valenciana;10;2016;4.492,7
Total;10 Comunitat Valenciana;10;2015;4.578,6
Total;10 Comunitat Valenciana;10;2014;4.620,2
Total;10 Comunitat Valenciana;10;2013;4.558,0
Total;10 Comunitat Valenciana;10;2012;4.469,1
Total;10 Comunitat Valenciana;10;2011;4.410,6
Total;10 Comunitat Valenciana;10;2010;4.197,2
Total;10 Comunitat Valenciana;10;2009;4.254,1
Total;10 Comunitat Valenciana;10;2008;4.198,9
Total;10 Comunitat Valenciana;10;2007;3.633,4
Total;10 Comunitat Valenciana;10;2006;3.466,1
Total;11 Extremadura;Total;2024;2.127,2
Total;11 Extremadura;Total;2023;1.915,9
Total;11 Extremadura;Total;2022;1.841,2
Total;11 Extremadura;Total;2021;1.628,2
Total;11 Extremadura;Total;2020;1.760,5
Total;11 Extremadura;Total;2019;1.682,6
Total;11 Extremadura;Total;2018;1.612,3
Total;11 Extremadura;Total;2017;1.583,4
Total;11 Extremadura;Total;2016;1.613,0
Total;11 Extremadura;Total;2015;1.549,9
Total;11 Extremadura;Total;2014;1.588,8
Total;11 Extremadura;Total;2013;1.622,4
Total;11 Extremadura;Total;2012;1.587,9
Total;11 Extremadura;Total;2011;1.554,5
Total;11 Extremadura;Total;2010;1.626,4
Total;11 Extremadura;Total;2009;1.510,2
Total;11 Extremadura;Total;2008;1.581,5
Total;11 Extremadura;Total;2007;1.446,2
Total;11 Extremadura;Total;2006;1.342,5
Total;11 Extremadura;1;2024;734,5
Total;11 Extremadura;1;2023;647,2
Total;11 Extremadura;1;2022;577,3
Total;11 Extremadura;1;2021;571,8
Total;11 Extremadura;1;2020;513,8
Total;11 Extremadura;1;2019;467,1
Total;11 Extremadura;1;2018;467,7
Total;11 Extremadura;1;2017;487,2
Total;11 Extremadura;1;2016;466,4
Total;11 Extremadura;1;2015;414,3
Total;11 Extremadura;1;2014;407,6
Total;11 Extremadura;1;2013;413,0
Total;11 Extremadura;1;2012;438,4
Total;11 Extremadura;1;2011;462,1
Total;11 Extremadura;1;2010;480,6
Total;11 Extremadura;1;2009;505,6
Total;11 Extremadura;1;2008;509,3
Total;11 Extremadura;1;2007;476,3
Total;11 Extremadura;1;2006;481,1
Total;11 Extremadura;2;2024;1.290,8
Total;11 Extremadura;2;2023;1.224,1
Total;11 Extremadura;2;2022;1.145,7
Total;11 Extremadura;2;2021;1.047,1
Total;11 Extremadura;2;2020;1.006,7
Total;11 Extremadura;2;2019;998,2
Total;11 Extremadura;2;2018;902,5
Total;11 Extremadura;2;2017;869,8
Total;11 Extremadura;2;2016;844,0
Total;11 Extremadura;2;2015;825,0
Total;11 Extremadura;2;2014;816,4
Total;11 Extremadura;2;2013;813,1
Total;11 Extremadura;2;2012;852,0
Total;11 Extremadura;2;2011;855,4
Total;11 Extremadura;2;2010;885,1
Total;11 Extremadura;2;2009;877,3
Total;11 Extremadura;2;2008;882,7
Total;11 Extremadura;2;2007;859,2
Total;11 Extremadura;2;2006;804,8
Total;11 Extremadura;3;2024;1.481,7
Total;11 Extremadura;3;2023;1.434,2
Total;11 Extremadura;3;2022;1.327,7
Total;11 Extremadura;3;2021;1.248,7
Total;11 Extremadura;3;2020;1.227,4
Total;11 Extremadura;3;2019;1.229,8
Total;11 Extremadura;3;2018;1.156,2
Total;11 Extremadura;3;2017;1.128,1
Total;11 Extremadura;3;2016;1.126,6
Total;11 Extremadura;3;2015;1.107,5
Total;11 Extremadura;3;2014;1.099,6
Total;11 Extremadura;3;2013;1.097,4
Total;11 Extremadura;3;2012;1.135,7
Total;11 Extremadura;3;2011;1.133,0
Total;11 Extremadura;3;2010;1.135,3
Total;11 Extremadura;3;2009;1.116,4
Total;11 Extremadura;3;2008;1.103,2
Total;11 Extremadura;3;2007;1.058,5
Total;11 Extremadura;3;2006;996,5
Total;11 Extremadura;4;2024;1.681,0
Total;11 Extremadura;4;2023;1.634,0
Total;11 Extremadura;4;2022;1.528,1
Total;11 Extremadura;4;2021;1.460,5
Total;11 Extremadura;4;2020;1.423,1
Total;11 Extremadura;4;2019;1.416,4
Total;11 Extremadura;4;2018;1.351,5
Total;11 Extremadura;4;2017;1.324,2
Total;11 Extremadura;4;2016;1.325,3
Total;11 Extremadura;4;2015;1.313,4
Total;11 Extremadura;4;2014;1.299,3
Total;11 Extremadura;4;2013;1.308,8
Total;11 Extremadura;4;2012;1.313,1
Total;11 Extremadura;4;2011;1.308,8
Total;11 Extremadura;4;2010;1.308,4
Total;11 Extremadura;4;2009;1.288,8
Total;11 Extremadura;4;2008;1.266,0
Total;11 Extremadura;4;2007;1.204,5
Total;11 Extremadura;4;2006;1.134,2
Total;11 Extremadura;5;2024;1.880,4
Total;11 Extremadura;5;2023;1.830,9
Total;11 Extremadura;5;2022;1.688,2
Total;11 Extremadura;5;2021;1.655,1
Total;11 Extremadura;5;2020;1.611,4
Total;11 Extremadura;5;2019;1.586,4
Total;11 Extremadura;5;2018;1.537,6
Total;11 Extremadura;5;2017;1.488,3
Total;11 Extremadura;5;2016;1.498,5
Total;11 Extremadura;5;2015;1.496,3
Total;11 Extremadura;5;2014;1.488,2
Total;11 Extremadura;5;2013;1.506,7
Total;11 Extremadura;5;2012;1.499,5
Total;11 Extremadura;5;2011;1.474,7
Total;11 Extremadura;5;2010;1.478,0
Total;11 Extremadura;5;2009;1.439,6
Total;11 Extremadura;5;2008;1.410,7
Total;11 Extremadura;5;2007;1.341,2
Total;11 Extremadura;5;2006;1.258,2
Total;11 Extremadura;6;2024;2.125,5
Total;11 Extremadura;6;2023;2.071,5
Total;11 Extremadura;6;2022;1.897,6
Total;11 Extremadura;6;2021;1.851,5
Total;11 Extremadura;6;2020;1.817,2
Total;11 Extremadura;6;2019;1.789,0
Total;11 Extremadura;6;2018;1.725,4
Total;11 Extremadura;6;2017;1.693,6
Total;11 Extremadura;6;2016;1.706,7
Total;11 Extremadura;6;2015;1.695,3
Total;11 Extremadura;6;2014;1.716,4
Total;11 Extremadura;6;2013;1.718,3
Total;11 Extremadura;6;2012;1.678,3
Total;11 Extremadura;6;2011;1.680,3
Total;11 Extremadura;6;2010;1.664,7
Total;11 Extremadura;6;2009;1.619,6
Total;11 Extremadura;6;2008;1.587,5
Total;11 Extremadura;6;2007;1.498,5
Total;11 Extremadura;6;2006;1.421,4
Total;11 Extremadura;7;2024;2.439,9
Total;11 Extremadura;7;2023;2.368,6
Total;11 Extremadura;7;2022;2.169,9
Total;11 Extremadura;7;2021;2.178,4
Total;11 Extremadura;7;2020;2.115,4
Total;11 Extremadura;7;2019;2.062,8
Total;11 Extremadura;7;2018;2.017,9
Total;11 Extremadura;7;2017;1.971,4
Total;11 Extremadura;7;2016;1.961,1
Total;11 Extremadura;7;2015;1.952,9
Total;11 Extremadura;7;2014;1.994,7
Total;11 Extremadura;7;2013;1.971,2
Total;11 Extremadura;7;2012;1.942,3
Total;11 Extremadura;7;2011;1.932,2
Total;11 Extremadura;7;2010;1.916,0
Total;11 Extremadura;7;2009;1.870,4
Total;11 Extremadura;7;2008;1.800,3
Total;11 Extremadura;7;2007;1.694,3
Total;11 Extremadura;7;2006;1.624,9
Total;11 Extremadura;8;2024;2.896,2
Total;11 Extremadura;8;2023;2.804,4
Total;11 Extremadura;8;2022;2.617,6
Total;11 Extremadura;8;2021;2.563,7
Total;11 Extremadura;8;2020;2.575,1
Total;11 Extremadura;8;2019;2.466,2
Total;11 Extremadura;8;2018;2.425,2
Total;11 Extremadura;8;2017;2.359,6
Total;11 Extremadura;8;2016;2.360,1
Total;11 Extremadura;8;2015;2.340,3
Total;11 Extremadura;8;2014;2.375,2
Total;11 Extremadura;8;2013;2.357,8
Total;11 Extremadura;8;2012;2.289,9
Total;11 Extremadura;8;2011;2.263,0
Total;11 Extremadura;8;2010;2.271,4
Total;11 Extremadura;8;2009;2.244,1
Total;11 Extremadura;8;2008;2.140,5
Total;11 Extremadura;8;2007;2.040,5
Total;11 Extremadura;8;2006;1.968,1
Total;11 Extremadura;9;2024;3.533,4
Total;11 Extremadura;9;2023;3.383,3
Total;11 Extremadura;9;2022;3.132,5
Total;11 Extremadura;9;2021;3.088,0
Total;11 Extremadura;9;2020;3.176,8
Total;11 Extremadura;9;2019;3.001,2
Total;11 Extremadura;9;2018;3.002,5
Total;11 Extremadura;9;2017;2.939,9
Total;11 Extremadura;9;2016;2.916,1
Total;11 Extremadura;9;2015;2.951,7
Total;11 Extremadura;9;2014;2.918,0
Total;11 Extremadura;9;2013;2.919,0
Total;11 Extremadura;9;2012;2.835,1
Total;11 Extremadura;9;2011;2.819,5
Total;11 Extremadura;9;2010;2.783,6
Total;11 Extremadura;9;2009;2.802,1
Total;11 Extremadura;9;2008;2.677,8
Total;11 Extremadura;9;2007;2.538,3
Total;11 Extremadura;9;2006;2.449,9
Total;11 Extremadura;10;2024;5.771,8
Total;11 Extremadura;10;2023;5.164,9
Total;11 Extremadura;10;2022;5.110,1
Total;11 Extremadura;10;2021;4.919,8
Total;11 Extremadura;10;2020;4.723,3
Total;11 Extremadura;10;2019;4.615,1
Total;11 Extremadura;10;2018;4.464,8
Total;11 Extremadura;10;2017;4.249,4
Total;11 Extremadura;10;2016;4.546,6
Total;11 Extremadura;10;2015;4.464,6
Total;11 Extremadura;10;2014;4.291,3
Total;11 Extremadura;10;2013;4.433,5
Total;11 Extremadura;10;2012;4.484,5
Total;11 Extremadura;10;2011;4.476,3
Total;11 Extremadura;10;2010;4.277,4
Total;11 Extremadura;10;2009;4.121,1
Total;11 Extremadura;10;2008;3.908,3
Total;11 Extremadura;10;2007;3.585,8
Total;11 Extremadura;10;2006;3.377,2
Total;12 Galicia;Total;2024;2.229,7
Total;12 Galicia;Total;2023;2.136,1
Total;12 Galicia;Total;2022;2.038,6
Total;12 Galicia;Total;2021;1.992,3
Total;12 Galicia;Total;2020;1.941,9
Total;12 Galicia;Total;2019;1.889,1
Total;12 Galicia;Total;2018;1.834,5
Total;12 Galicia;Total;2017;1.869,8
Total;12 Galicia;Total;2016;1.787,3
Total;12 Galicia;Total;2015;1.780,9
Total;12 Galicia;Total;2014;1.775,0
Total;12 Galicia;Total;2013;1.728,7
Total;12 Galicia;Total;2012;1.758,0
Total;12 Galicia;Total;2011;1.786,9
Total;12 Galicia;Total;2010;1.722,5
Total;12 Galicia;Total;2009;1.734,8
Total;12 Galicia;Total;2008;1.685,7
Total;12 Galicia;Total;2007;1.591,6
Total;12 Galicia;Total;2006;1.493,7
Total;12 Galicia;1;2024;728,5
Total;12 Galicia;1;2023;628,4
Total;12 Galicia;1;2022;607,9
Total;12 Galicia;1;2021;585,2
Total;12 Galicia;1;2020;515,2
Total;12 Galicia;1;2019;541,0
Total;12 Galicia;1;2018;488,4
Total;12 Galicia;1;2017;453,3
Total;12 Galicia;1;2016;445,5
Total;12 Galicia;1;2015;429,2
Total;12 Galicia;1;2014;401,2
Total;12 Galicia;1;2013;410,2
Total;12 Galicia;1;2012;420,5
Total;12 Galicia;1;2011;467,6
Total;12 Galicia;1;2010;485,2
Total;12 Galicia;1;2009;480,5
Total;12 Galicia;1;2008;509,2
Total;12 Galicia;1;2007;486,7
Total;12 Galicia;1;2006;481,6
Total;12 Galicia;2;2024;1.284,8
Total;12 Galicia;2;2023;1.217,3
Total;12 Galicia;2;2022;1.141,8
Total;12 Galicia;2;2021;1.037,0
Total;12 Galicia;2;2020;1.019,8
Total;12 Galicia;2;2019;994,0
Total;12 Galicia;2;2018;909,1
Total;12 Galicia;2;2017;863,5
Total;12 Galicia;2;2016;860,5
Total;12 Galicia;2;2015;826,4
Total;12 Galicia;2;2014;809,1
Total;12 Galicia;2;2013;817,7
Total;12 Galicia;2;2012;844,3
Total;12 Galicia;2;2011;879,0
Total;12 Galicia;2;2010;901,1
Total;12 Galicia;2;2009;875,3
Total;12 Galicia;2;2008;895,1
Total;12 Galicia;2;2007;870,6
Total;12 Galicia;2;2006;805,9
Total;12 Galicia;3;2024;1.483,3
Total;12 Galicia;3;2023;1.432,3
Total;12 Galicia;3;2022;1.338,4
Total;12 Galicia;3;2021;1.253,6
Total;12 Galicia;3;2020;1.236,7
Total;12 Galicia;3;2019;1.220,1
Total;12 Galicia;3;2018;1.161,6
Total;12 Galicia;3;2017;1.126,8
Total;12 Galicia;3;2016;1.125,8
Total;12 Galicia;3;2015;1.108,7
Total;12 Galicia;3;2014;1.099,9
Total;12 Galicia;3;2013;1.106,1
Total;12 Galicia;3;2012;1.119,3
Total;12 Galicia;3;2011;1.131,1
Total;12 Galicia;3;2010;1.142,4
Total;12 Galicia;3;2009;1.124,7
Total;12 Galicia;3;2008;1.107,6
Total;12 Galicia;3;2007;1.062,2
Total;12 Galicia;3;2006;1.005,4
Total;12 Galicia;4;2024;1.677,4
Total;12 Galicia;4;2023;1.633,6
Total;12 Galicia;4;2022;1.522,1
Total;12 Galicia;4;2021;1.451,9
Total;12 Galicia;4;2020;1.425,3
Total;12 Galicia;4;2019;1.420,1
Total;12 Galicia;4;2018;1.359,7
Total;12 Galicia;4;2017;1.329,1
Total;12 Galicia;4;2016;1.322,2
Total;12 Galicia;4;2015;1.308,6
Total;12 Galicia;4;2014;1.317,3
Total;12 Galicia;4;2013;1.315,8
Total;12 Galicia;4;2012;1.320,5
Total;12 Galicia;4;2011;1.308,9
Total;12 Galicia;4;2010;1.311,8
Total;12 Galicia;4;2009;1.291,0
Total;12 Galicia;4;2008;1.261,6
Total;12 Galicia;4;2007;1.200,3
Total;12 Galicia;4;2006;1.141,6
Total;12 Galicia;5;2024;1.893,4
Total;12 Galicia;5;2023;1.829,3
Total;12 Galicia;5;2022;1.700,7
Total;12 Galicia;5;2021;1.650,2
Total;12 Galicia;5;2020;1.601,0
Total;12 Galicia;5;2019;1.594,9
Total;12 Galicia;5;2018;1.540,4
Total;12 Galicia;5;2017;1.495,7
Total;12 Galicia;5;2016;1.497,7
Total;12 Galicia;5;2015;1.494,5
Total;12 Galicia;5;2014;1.501,1
Total;12 Galicia;5;2013;1.504,9
Total;12 Galicia;5;2012;1.491,3
Total;12 Galicia;5;2011;1.483,4
Total;12 Galicia;5;2010;1.476,3
Total;12 Galicia;5;2009;1.444,1
Total;12 Galicia;5;2008;1.408,9
Total;12 Galicia;5;2007;1.339,8
Total;12 Galicia;5;2006;1.266,8
Total;12 Galicia;6;2024;2.123,8
Total;12 Galicia;6;2023;2.059,6
Total;12 Galicia;6;2022;1.914,2
Total;12 Galicia;6;2021;1.869,9
Total;12 Galicia;6;2020;1.818,3
Total;12 Galicia;6;2019;1.791,9
Total;12 Galicia;6;2018;1.753,2
Total;12 Galicia;6;2017;1.696,1
Total;12 Galicia;6;2016;1.701,0
Total;12 Galicia;6;2015;1.704,1
Total;12 Galicia;6;2014;1.715,2
Total;12 Galicia;6;2013;1.703,1
Total;12 Galicia;6;2012;1.685,6
Total;12 Galicia;6;2011;1.680,3
Total;12 Galicia;6;2010;1.668,6
Total;12 Galicia;6;2009;1.630,1
Total;12 Galicia;6;2008;1.576,9
Total;12 Galicia;6;2007;1.490,4
Total;12 Galicia;6;2006;1.422,5
Total;12 Galicia;7;2024;2.433,4
Total;12 Galicia;7;2023;2.350,4
Total;12 Galicia;7;2022;2.189,6
Total;12 Galicia;7;2021;2.144,1
Total;12 Galicia;7;2020;2.092,0
Total;12 Galicia;7;2019;2.052,7
Total;12 Galicia;7;2018;2.008,7
Total;12 Galicia;7;2017;1.968,7
Total;12 Galicia;7;2016;1.970,2
Total;12 Galicia;7;2015;1.962,7
Total;12 Galicia;7;2014;1.993,7
Total;12 Galicia;7;2013;1.973,4
Total;12 Galicia;7;2012;1.944,0
Total;12 Galicia;7;2011;1.917,6
Total;12 Galicia;7;2010;1.918,1
Total;12 Galicia;7;2009;1.876,2
Total;12 Galicia;7;2008;1.807,2
Total;12 Galicia;7;2007;1.700,7
Total;12 Galicia;7;2006;1.631,8
Total;12 Galicia;8;2024;2.922,6
Total;12 Galicia;8;2023;2.795,2
Total;12 Galicia;8;2022;2.593,1
Total;12 Galicia;8;2021;2.542,0
Total;12 Galicia;8;2020;2.537,2
Total;12 Galicia;8;2019;2.445,0
Total;12 Galicia;8;2018;2.417,3
Total;12 Galicia;8;2017;2.378,5
Total;12 Galicia;8;2016;2.347,4
Total;12 Galicia;8;2015;2.363,8
Total;12 Galicia;8;2014;2.383,1
Total;12 Galicia;8;2013;2.351,3
Total;12 Galicia;8;2012;2.301,0
Total;12 Galicia;8;2011;2.304,9
Total;12 Galicia;8;2010;2.291,4
Total;12 Galicia;8;2009;2.230,7
Total;12 Galicia;8;2008;2.144,1
Total;12 Galicia;8;2007;2.038,7
Total;12 Galicia;8;2006;1.974,3
Total;12 Galicia;9;2024;3.558,9
Total;12 Galicia;9;2023;3.384,9
Total;12 Galicia;9;2022;3.167,6
Total;12 Galicia;9;2021;3.133,6
Total;12 Galicia;9;2020;3.147,6
Total;12 Galicia;9;2019;2.995,5
Total;12 Galicia;9;2018;2.992,7
Total;12 Galicia;9;2017;2.939,7
Total;12 Galicia;9;2016;2.925,4
Total;12 Galicia;9;2015;2.980,1
Total;12 Galicia;9;2014;2.956,2
Total;12 Galicia;9;2013;2.895,2
Total;12 Galicia;9;2012;2.857,3
Total;12 Galicia;9;2011;2.875,4
Total;12 Galicia;9;2010;2.839,6
Total;12 Galicia;9;2009;2.810,2
Total;12 Galicia;9;2008;2.721,1
Total;12 Galicia;9;2007;2.580,9
Total;12 Galicia;9;2006;2.448,1
Total;12 Galicia;10;2024;5.549,4
Total;12 Galicia;10;2023;5.256,3
Total;12 Galicia;10;2022;5.014,2
Total;12 Galicia;10;2021;5.001,2
Total;12 Galicia;10;2020;4.749,8
Total;12 Galicia;10;2019;4.651,3
Total;12 Galicia;10;2018;4.659,2
Total;12 Galicia;10;2017;4.533,0
Total;12 Galicia;10;2016;4.408,6
Total;12 Galicia;10;2015;4.564,4
Total;12 Galicia;10;2014;4.511,7
Total;12 Galicia;10;2013;4.460,1
Total;12 Galicia;10;2012;4.591,4
Total;12 Galicia;10;2011;4.425,6
Total;12 Galicia;10;2010;4.265,5
Total;12 Galicia;10;2009;4.075,5
Total;12 Galicia;10;2008;4.206,6
Total;12 Galicia;10;2007;3.683,8
Total;12 Galicia;10;2006;3.539,8
Total;13 Madrid, Comunidad de;Total;2024;2.761,8
Total;13 Madrid, Comunidad de;Total;2023;2.575,5
Total;13 Madrid, Comunidad de;Total;2022;2.374,5
Total;13 Madrid, Comunidad de;Total;2021;2.358,3
Total;13 Madrid, Comunidad de;Total;2020;2.350,2
Total;13 Madrid, Comunidad de;Total;2019;2.172,1
Total;13 Madrid, Comunidad de;Total;2018;2.264,6
Total;13 Madrid, Comunidad de;Total;2017;2.191,7
Total;13 Madrid, Comunidad de;Total;2016;2.165,8
Total;13 Madrid, Comunidad de;Total;2015;2.265,8
Total;13 Madrid, Comunidad de;Total;2014;2.272,7
Total;13 Madrid, Comunidad de;Total;2013;2.198,7
Total;13 Madrid, Comunidad de;Total;2012;2.119,1
Total;13 Madrid, Comunidad de;Total;2011;2.053,6
Total;13 Madrid, Comunidad de;Total;2010;2.099,4
Total;13 Madrid, Comunidad de;Total;2009;2.052,8
Total;13 Madrid, Comunidad de;Total;2008;2.049,1
Total;13 Madrid, Comunidad de;Total;2007;1.860,5
Total;13 Madrid, Comunidad de;Total;2006;1.730,2
Total;13 Madrid, Comunidad de;1;2024;691,8
Total;13 Madrid, Comunidad de;1;2023;631,4
Total;13 Madrid, Comunidad de;1;2022;620,0
Total;13 Madrid, Comunidad de;1;2021;553,3
Total;13 Madrid, Comunidad de;1;2020;530,3
Total;13 Madrid, Comunidad de;1;2019;532,8
Total;13 Madrid, Comunidad de;1;2018;493,1
Total;13 Madrid, Comunidad de;1;2017;489,5
Total;13 Madrid, Comunidad de;1;2016;468,9
Total;13 Madrid, Comunidad de;1;2015;433,0
Total;13 Madrid, Comunidad de;1;2014;429,0
Total;13 Madrid, Comunidad de;1;2013;435,7
Total;13 Madrid, Comunidad de;1;2012;418,5
Total;13 Madrid, Comunidad de;1;2011;472,3
Total;13 Madrid, Comunidad de;1;2010;469,5
Total;13 Madrid, Comunidad de;1;2009;490,1
Total;13 Madrid, Comunidad de;1;2008;501,5
Total;13 Madrid, Comunidad de;1;2007;497,6
Total;13 Madrid, Comunidad de;1;2006;492,1
Total;13 Madrid, Comunidad de;2;2024;1.275,3
Total;13 Madrid, Comunidad de;2;2023;1.216,3
Total;13 Madrid, Comunidad de;2;2022;1.134,2
Total;13 Madrid, Comunidad de;2;2021;1.032,5
Total;13 Madrid, Comunidad de;2;2020;1.017,3
Total;13 Madrid, Comunidad de;2;2019;993,5
Total;13 Madrid, Comunidad de;2;2018;907,1
Total;13 Madrid, Comunidad de;2;2017;874,8
Total;13 Madrid, Comunidad de;2;2016;861,7
Total;13 Madrid, Comunidad de;2;2015;837,1
Total;13 Madrid, Comunidad de;2;2014;825,6
Total;13 Madrid, Comunidad de;2;2013;802,3
Total;13 Madrid, Comunidad de;2;2012;849,3
Total;13 Madrid, Comunidad de;2;2011;863,7
Total;13 Madrid, Comunidad de;2;2010;911,2
Total;13 Madrid, Comunidad de;2;2009;873,9
Total;13 Madrid, Comunidad de;2;2008;885,2
Total;13 Madrid, Comunidad de;2;2007;852,4
Total;13 Madrid, Comunidad de;2;2006;798,7
Total;13 Madrid, Comunidad de;3;2024;1.486,7
Total;13 Madrid, Comunidad de;3;2023;1.430,2
Total;13 Madrid, Comunidad de;3;2022;1.338,8
Total;13 Madrid, Comunidad de;3;2021;1.258,5
Total;13 Madrid, Comunidad de;3;2020;1.230,6
Total;13 Madrid, Comunidad de;3;2019;1.225,3
Total;13 Madrid, Comunidad de;3;2018;1.157,6
Total;13 Madrid, Comunidad de;3;2017;1.126,3
Total;13 Madrid, Comunidad de;3;2016;1.110,8
Total;13 Madrid, Comunidad de;3;2015;1.103,4
Total;13 Madrid, Comunidad de;3;2014;1.094,0
Total;13 Madrid, Comunidad de;3;2013;1.101,5
Total;13 Madrid, Comunidad de;3;2012;1.126,4
Total;13 Madrid, Comunidad de;3;2011;1.135,7
Total;13 Madrid, Comunidad de;3;2010;1.142,1
Total;13 Madrid, Comunidad de;3;2009;1.119,6
Total;13 Madrid, Comunidad de;3;2008;1.111,6
Total;13 Madrid, Comunidad de;3;2007;1.058,6
Total;13 Madrid, Comunidad de;3;2006;1.006,9
Total;13 Madrid, Comunidad de;4;2024;1.676,8
Total;13 Madrid, Comunidad de;4;2023;1.634,6
Total;13 Madrid, Comunidad de;4;2022;1.518,5
Total;13 Madrid, Comunidad de;4;2021;1.451,6
Total;13 Madrid, Comunidad de;4;2020;1.422,3
Total;13 Madrid, Comunidad de;4;2019;1.412,3
Total;13 Madrid, Comunidad de;4;2018;1.357,0
Total;13 Madrid, Comunidad de;4;2017;1.324,7
Total;13 Madrid, Comunidad de;4;2016;1.323,8
Total;13 Madrid, Comunidad de;4;2015;1.310,5
Total;13 Madrid, Comunidad de;4;2014;1.319,7
Total;13 Madrid, Comunidad de;4;2013;1.325,1
Total;13 Madrid, Comunidad de;4;2012;1.326,5
Total;13 Madrid, Comunidad de;4;2011;1.314,8
Total;13 Madrid, Comunidad de;4;2010;1.315,6
Total;13 Madrid, Comunidad de;4;2009;1.292,2
Total;13 Madrid, Comunidad de;4;2008;1.269,1
Total;13 Madrid, Comunidad de;4;2007;1.202,1
Total;13 Madrid, Comunidad de;4;2006;1.143,4
Total;13 Madrid, Comunidad de;5;2024;1.883,6
Total;13 Madrid, Comunidad de;5;2023;1.841,0
Total;13 Madrid, Comunidad de;5;2022;1.711,4
Total;13 Madrid, Comunidad de;5;2021;1.648,6
Total;13 Madrid, Comunidad de;5;2020;1.612,7
Total;13 Madrid, Comunidad de;5;2019;1.594,9
Total;13 Madrid, Comunidad de;5;2018;1.537,6
Total;13 Madrid, Comunidad de;5;2017;1.495,1
Total;13 Madrid, Comunidad de;5;2016;1.488,7
Total;13 Madrid, Comunidad de;5;2015;1.504,8
Total;13 Madrid, Comunidad de;5;2014;1.507,2
Total;13 Madrid, Comunidad de;5;2013;1.505,7
Total;13 Madrid, Comunidad de;5;2012;1.495,1
Total;13 Madrid, Comunidad de;5;2011;1.487,2
Total;13 Madrid, Comunidad de;5;2010;1.480,1
Total;13 Madrid, Comunidad de;5;2009;1.447,8
Total;13 Madrid, Comunidad de;5;2008;1.419,0
Total;13 Madrid, Comunidad de;5;2007;1.339,4
Total;13 Madrid, Comunidad de;5;2006;1.271,0
Total;13 Madrid, Comunidad de;6;2024;2.126,2
Total;13 Madrid, Comunidad de;6;2023;2.064,8
Total;13 Madrid, Comunidad de;6;2022;1.912,9
Total;13 Madrid, Comunidad de;6;2021;1.866,2
Total;13 Madrid, Comunidad de;6;2020;1.818,4
Total;13 Madrid, Comunidad de;6;2019;1.796,3
Total;13 Madrid, Comunidad de;6;2018;1.758,3
Total;13 Madrid, Comunidad de;6;2017;1.701,7
Total;13 Madrid, Comunidad de;6;2016;1.704,4
Total;13 Madrid, Comunidad de;6;2015;1.713,4
Total;13 Madrid, Comunidad de;6;2014;1.713,5
Total;13 Madrid, Comunidad de;6;2013;1.701,8
Total;13 Madrid, Comunidad de;6;2012;1.692,5
Total;13 Madrid, Comunidad de;6;2011;1.681,8
Total;13 Madrid, Comunidad de;6;2010;1.669,6
Total;13 Madrid, Comunidad de;6;2009;1.634,2
Total;13 Madrid, Comunidad de;6;2008;1.585,5
Total;13 Madrid, Comunidad de;6;2007;1.489,9
Total;13 Madrid, Comunidad de;6;2006;1.420,0
Total;13 Madrid, Comunidad de;7;2024;2.439,3
Total;13 Madrid, Comunidad de;7;2023;2.357,0
Total;13 Madrid, Comunidad de;7;2022;2.179,8
Total;13 Madrid, Comunidad de;7;2021;2.151,1
Total;13 Madrid, Comunidad de;7;2020;2.118,4
Total;13 Madrid, Comunidad de;7;2019;2.060,6
Total;13 Madrid, Comunidad de;7;2018;2.016,9
Total;13 Madrid, Comunidad de;7;2017;1.974,1
Total;13 Madrid, Comunidad de;7;2016;1.972,9
Total;13 Madrid, Comunidad de;7;2015;1.973,4
Total;13 Madrid, Comunidad de;7;2014;1.988,4
Total;13 Madrid, Comunidad de;7;2013;1.967,7
Total;13 Madrid, Comunidad de;7;2012;1.958,4
Total;13 Madrid, Comunidad de;7;2011;1.928,7
Total;13 Madrid, Comunidad de;7;2010;1.918,5
Total;13 Madrid, Comunidad de;7;2009;1.876,7
Total;13 Madrid, Comunidad de;7;2008;1.791,9
Total;13 Madrid, Comunidad de;7;2007;1.707,6
Total;13 Madrid, Comunidad de;7;2006;1.635,3
Total;13 Madrid, Comunidad de;8;2024;2.922,8
Total;13 Madrid, Comunidad de;8;2023;2.785,7
Total;13 Madrid, Comunidad de;8;2022;2.590,8
Total;13 Madrid, Comunidad de;8;2021;2.557,0
Total;13 Madrid, Comunidad de;8;2020;2.542,2
Total;13 Madrid, Comunidad de;8;2019;2.451,5
Total;13 Madrid, Comunidad de;8;2018;2.420,8
Total;13 Madrid, Comunidad de;8;2017;2.376,7
Total;13 Madrid, Comunidad de;8;2016;2.365,4
Total;13 Madrid, Comunidad de;8;2015;2.355,2
Total;13 Madrid, Comunidad de;8;2014;2.406,2
Total;13 Madrid, Comunidad de;8;2013;2.380,9
Total;13 Madrid, Comunidad de;8;2012;2.286,5
Total;13 Madrid, Comunidad de;8;2011;2.298,8
Total;13 Madrid, Comunidad de;8;2010;2.294,5
Total;13 Madrid, Comunidad de;8;2009;2.245,8
Total;13 Madrid, Comunidad de;8;2008;2.157,4
Total;13 Madrid, Comunidad de;8;2007;2.046,8
Total;13 Madrid, Comunidad de;8;2006;1.943,9
Total;13 Madrid, Comunidad de;9;2024;3.581,4
Total;13 Madrid, Comunidad de;9;2023;3.395,7
Total;13 Madrid, Comunidad de;9;2022;3.168,3
Total;13 Madrid, Comunidad de;9;2021;3.144,9
Total;13 Madrid, Comunidad de;9;2020;3.168,9
Total;13 Madrid, Comunidad de;9;2019;3.053,8
Total;13 Madrid, Comunidad de;9;2018;3.036,0
Total;13 Madrid, Comunidad de;9;2017;2.962,7
Total;13 Madrid, Comunidad de;9;2016;2.932,0
Total;13 Madrid, Comunidad de;9;2015;2.971,5
Total;13 Madrid, Comunidad de;9;2014;2.970,4
Total;13 Madrid, Comunidad de;9;2013;2.916,3
Total;13 Madrid, Comunidad de;9;2012;2.850,9
Total;13 Madrid, Comunidad de;9;2011;2.848,9
Total;13 Madrid, Comunidad de;9;2010;2.858,7
Total;13 Madrid, Comunidad de;9;2009;2.828,6
Total;13 Madrid, Comunidad de;9;2008;2.682,2
Total;13 Madrid, Comunidad de;9;2007;2.576,3
Total;13 Madrid, Comunidad de;9;2006;2.428,8
Total;13 Madrid, Comunidad de;10;2024;6.006,2
Total;13 Madrid, Comunidad de;10;2023;5.724,8
Total;13 Madrid, Comunidad de;10;2022;5.206,4
Total;13 Madrid, Comunidad de;10;2021;5.241,5
Total;13 Madrid, Comunidad de;10;2020;5.127,3
Total;13 Madrid, Comunidad de;10;2019;4.911,4
Total;13 Madrid, Comunidad de;10;2018;5.062,1
Total;13 Madrid, Comunidad de;10;2017;4.918,1
Total;13 Madrid, Comunidad de;10;2016;4.818,8
Total;13 Madrid, Comunidad de;10;2015;5.133,3
Total;13 Madrid, Comunidad de;10;2014;4.807,2
Total;13 Madrid, Comunidad de;10;2013;4.737,4
Total;13 Madrid, Comunidad de;10;2012;4.686,8
Total;13 Madrid, Comunidad de;10;2011;4.537,9
Total;13 Madrid, Comunidad de;10;2010;4.536,2
Total;13 Madrid, Comunidad de;10;2009;4.621,9
Total;13 Madrid, Comunidad de;10;2008;4.625,5
Total;13 Madrid, Comunidad de;10;2007;3.807,6
Total;13 Madrid, Comunidad de;10;2006;3.779,3
Total;14 Murcia, Región de;Total;2024;2.120,9
Total;14 Murcia, Región de;Total;2023;2.027,2
Total;14 Murcia, Región de;Total;2022;1.865,6
Total;14 Murcia, Región de;Total;2021;1.878,0
Total;14 Murcia, Región de;Total;2020;1.843,4
Total;14 Murcia, Región de;Total;2019;1.774,8
Total;14 Murcia, Región de;Total;2018;1.761,8
Total;14 Murcia, Región de;Total;2017;1.684,2
Total;14 Murcia, Región de;Total;2016;1.627,9
Total;14 Murcia, Región de;Total;2015;1.692,0
Total;14 Murcia, Región de;Total;2014;1.643,8
Total;14 Murcia, Región de;Total;2013;1.541,1
Total;14 Murcia, Región de;Total;2012;1.690,6
Total;14 Murcia, Región de;Total;2011;1.687,2
Total;14 Murcia, Región de;Total;2010;1.613,1
Total;14 Murcia, Región de;Total;2009;1.708,2
Total;14 Murcia, Región de;Total;2008;1.613,1
Total;14 Murcia, Región de;Total;2007;1.423,0
Total;14 Murcia, Región de;Total;2006;1.403,1
Total;14 Murcia, Región de;1;2024;737,0
Total;14 Murcia, Región de;1;2023;656,9
Total;14 Murcia, Región de;1;2022;595,3
Total;14 Murcia, Región de;1;2021;591,3
Total;14 Murcia, Región de;1;2020;509,5
Total;14 Murcia, Región de;1;2019;507,2
Total;14 Murcia, Región de;1;2018;450,4
Total;14 Murcia, Región de;1;2017;473,3
Total;14 Murcia, Región de;1;2016;498,2
Total;14 Murcia, Región de;1;2015;380,0
Total;14 Murcia, Región de;1;2014;414,6
Total;14 Murcia, Región de;1;2013;412,2
Total;14 Murcia, Región de;1;2012;412,1
Total;14 Murcia, Región de;1;2011;447,2
Total;14 Murcia, Región de;1;2010;476,5
Total;14 Murcia, Región de;1;2009;492,2
Total;14 Murcia, Región de;1;2008;501,4
Total;14 Murcia, Región de;1;2007;496,5
Total;14 Murcia, Región de;1;2006;488,5
Total;14 Murcia, Región de;2;2024;1.291,7
Total;14 Murcia, Región de;2;2023;1.230,4
Total;14 Murcia, Región de;2;2022;1.151,4
Total;14 Murcia, Región de;2;2021;1.054,4
Total;14 Murcia, Región de;2;2020;1.004,9
Total;14 Murcia, Región de;2;2019;997,6
Total;14 Murcia, Región de;2;2018;918,1
Total;14 Murcia, Región de;2;2017;866,8
Total;14 Murcia, Región de;2;2016;866,0
Total;14 Murcia, Región de;2;2015;844,0
Total;14 Murcia, Región de;2;2014;824,1
Total;14 Murcia, Región de;2;2013;815,8
Total;14 Murcia, Región de;2;2012;828,7
Total;14 Murcia, Región de;2;2011;874,1
Total;14 Murcia, Región de;2;2010;912,8
Total;14 Murcia, Región de;2;2009;878,6
Total;14 Murcia, Región de;2;2008;889,7
Total;14 Murcia, Región de;2;2007;852,3
Total;14 Murcia, Región de;2;2006;796,7
Total;14 Murcia, Región de;3;2024;1.496,7
Total;14 Murcia, Región de;3;2023;1.429,8
Total;14 Murcia, Región de;3;2022;1.336,7
Total;14 Murcia, Región de;3;2021;1.254,1
Total;14 Murcia, Región de;3;2020;1.239,9
Total;14 Murcia, Región de;3;2019;1.224,7
Total;14 Murcia, Región de;3;2018;1.150,7
Total;14 Murcia, Región de;3;2017;1.123,3
Total;14 Murcia, Región de;3;2016;1.119,4
Total;14 Murcia, Región de;3;2015;1.101,8
Total;14 Murcia, Región de;3;2014;1.100,2
Total;14 Murcia, Región de;3;2013;1.098,0
Total;14 Murcia, Región de;3;2012;1.117,9
Total;14 Murcia, Región de;3;2011;1.109,4
Total;14 Murcia, Región de;3;2010;1.124,8
Total;14 Murcia, Región de;3;2009;1.096,0
Total;14 Murcia, Región de;3;2008;1.109,3
Total;14 Murcia, Región de;3;2007;1.055,3
Total;14 Murcia, Región de;3;2006;1.002,4
Total;14 Murcia, Región de;4;2024;1.682,3
Total;14 Murcia, Región de;4;2023;1.626,9
Total;14 Murcia, Región de;4;2022;1.529,7
Total;14 Murcia, Región de;4;2021;1.454,9
Total;14 Murcia, Región de;4;2020;1.420,2
Total;14 Murcia, Región de;4;2019;1.418,9
Total;14 Murcia, Región de;4;2018;1.357,9
Total;14 Murcia, Región de;4;2017;1.316,3
Total;14 Murcia, Región de;4;2016;1.330,7
Total;14 Murcia, Región de;4;2015;1.308,3
Total;14 Murcia, Región de;4;2014;1.315,9
Total;14 Murcia, Región de;4;2013;1.328,3
Total;14 Murcia, Región de;4;2012;1.324,0
Total;14 Murcia, Región de;4;2011;1.309,2
Total;14 Murcia, Región de;4;2010;1.317,1
Total;14 Murcia, Región de;4;2009;1.298,3
Total;14 Murcia, Región de;4;2008;1.272,9
Total;14 Murcia, Región de;4;2007;1.208,2
Total;14 Murcia, Región de;4;2006;1.146,1
Total;14 Murcia, Región de;5;2024;1.884,0
Total;14 Murcia, Región de;5;2023;1.834,5
Total;14 Murcia, Región de;5;2022;1.703,2
Total;14 Murcia, Región de;5;2021;1.663,6
Total;14 Murcia, Región de;5;2020;1.601,3
Total;14 Murcia, Región de;5;2019;1.590,2
Total;14 Murcia, Región de;5;2018;1.554,1
Total;14 Murcia, Región de;5;2017;1.490,8
Total;14 Murcia, Región de;5;2016;1.492,7
Total;14 Murcia, Región de;5;2015;1.494,8
Total;14 Murcia, Región de;5;2014;1.507,5
Total;14 Murcia, Región de;5;2013;1.498,9
Total;14 Murcia, Región de;5;2012;1.487,8
Total;14 Murcia, Región de;5;2011;1.481,8
Total;14 Murcia, Región de;5;2010;1.472,0
Total;14 Murcia, Región de;5;2009;1.437,7
Total;14 Murcia, Región de;5;2008;1.410,1
Total;14 Murcia, Región de;5;2007;1.332,5
Total;14 Murcia, Región de;5;2006;1.270,6
Total;14 Murcia, Región de;6;2024;2.131,2
Total;14 Murcia, Región de;6;2023;2.064,4
Total;14 Murcia, Región de;6;2022;1.911,5
Total;14 Murcia, Región de;6;2021;1.860,4
Total;14 Murcia, Región de;6;2020;1.806,3
Total;14 Murcia, Región de;6;2019;1.790,6
Total;14 Murcia, Región de;6;2018;1.751,5
Total;14 Murcia, Región de;6;2017;1.687,5
Total;14 Murcia, Región de;6;2016;1.688,1
Total;14 Murcia, Región de;6;2015;1.695,7
Total;14 Murcia, Región de;6;2014;1.713,3
Total;14 Murcia, Región de;6;2013;1.701,9
Total;14 Murcia, Región de;6;2012;1.687,9
Total;14 Murcia, Región de;6;2011;1.674,9
Total;14 Murcia, Región de;6;2010;1.662,7
Total;14 Murcia, Región de;6;2009;1.618,2
Total;14 Murcia, Región de;6;2008;1.576,0
Total;14 Murcia, Región de;6;2007;1.493,7
Total;14 Murcia, Región de;6;2006;1.418,3
Total;14 Murcia, Región de;7;2024;2.450,8
Total;14 Murcia, Región de;7;2023;2.363,8
Total;14 Murcia, Región de;7;2022;2.168,9
Total;14 Murcia, Región de;7;2021;2.140,8
Total;14 Murcia, Región de;7;2020;2.109,7
Total;14 Murcia, Región de;7;2019;2.058,0
Total;14 Murcia, Región de;7;2018;2.013,0
Total;14 Murcia, Región de;7;2017;1.987,8
Total;14 Murcia, Región de;7;2016;1.962,7
Total;14 Murcia, Región de;7;2015;1.949,3
Total;14 Murcia, Región de;7;2014;2.033,7
Total;14 Murcia, Región de;7;2013;1.983,4
Total;14 Murcia, Región de;7;2012;1.955,7
Total;14 Murcia, Región de;7;2011;1.905,0
Total;14 Murcia, Región de;7;2010;1.916,5
Total;14 Murcia, Región de;7;2009;1.863,2
Total;14 Murcia, Región de;7;2008;1.794,6
Total;14 Murcia, Región de;7;2007;1.702,8
Total;14 Murcia, Región de;7;2006;1.616,8
Total;14 Murcia, Región de;8;2024;2.908,3
Total;14 Murcia, Región de;8;2023;2.800,2
Total;14 Murcia, Región de;8;2022;2.609,7
Total;14 Murcia, Región de;8;2021;2.564,5
Total;14 Murcia, Región de;8;2020;2.508,4
Total;14 Murcia, Región de;8;2019;2.451,2
Total;14 Murcia, Región de;8;2018;2.436,2
Total;14 Murcia, Región de;8;2017;2.366,9
Total;14 Murcia, Región de;8;2016;2.352,5
Total;14 Murcia, Región de;8;2015;2.375,9
Total;14 Murcia, Región de;8;2014;2.366,2
Total;14 Murcia, Región de;8;2013;2.367,0
Total;14 Murcia, Región de;8;2012;2.324,5
Total;14 Murcia, Región de;8;2011;2.293,3
Total;14 Murcia, Región de;8;2010;2.290,9
Total;14 Murcia, Región de;8;2009;2.230,5
Total;14 Murcia, Región de;8;2008;2.141,6
Total;14 Murcia, Región de;8;2007;2.027,4
Total;14 Murcia, Región de;8;2006;1.953,6
Total;14 Murcia, Región de;9;2024;3.563,1
Total;14 Murcia, Región de;9;2023;3.390,5
Total;14 Murcia, Región de;9;2022;3.160,8
Total;14 Murcia, Región de;9;2021;3.133,6
Total;14 Murcia, Región de;9;2020;3.197,6
Total;14 Murcia, Región de;9;2019;3.063,4
Total;14 Murcia, Región de;9;2018;2.986,5
Total;14 Murcia, Región de;9;2017;2.994,5
Total;14 Murcia, Región de;9;2016;2.957,1
Total;14 Murcia, Región de;9;2015;2.965,1
Total;14 Murcia, Región de;9;2014;2.979,7
Total;14 Murcia, Región de;9;2013;2.900,9
Total;14 Murcia, Región de;9;2012;2.879,6
Total;14 Murcia, Región de;9;2011;2.831,5
Total;14 Murcia, Región de;9;2010;2.815,9
Total;14 Murcia, Región de;9;2009;2.870,6
Total;14 Murcia, Región de;9;2008;2.668,6
Total;14 Murcia, Región de;9;2007;2.557,0
Total;14 Murcia, Región de;9;2006;2.494,3
Total;14 Murcia, Región de;10;2024;5.298,2
Total;14 Murcia, Región de;10;2023;5.404,2
Total;14 Murcia, Región de;10;2022;4.822,0
Total;14 Murcia, Región de;10;2021;4.869,3
Total;14 Murcia, Región de;10;2020;4.749,4
Total;14 Murcia, Región de;10;2019;4.457,5
Total;14 Murcia, Región de;10;2018;4.565,6
Total;14 Murcia, Región de;10;2017;4.546,9
Total;14 Murcia, Región de;10;2016;4.456,3
Total;14 Murcia, Región de;10;2015;4.458,6
Total;14 Murcia, Región de;10;2014;4.461,9
Total;14 Murcia, Región de;10;2013;4.272,9
Total;14 Murcia, Región de;10;2012;4.468,9
Total;14 Murcia, Región de;10;2011;4.295,9
Total;14 Murcia, Región de;10;2010;4.387,1
Total;14 Murcia, Región de;10;2009;4.190,2
Total;14 Murcia, Región de;10;2008;4.316,4
Total;14 Murcia, Región de;10;2007;3.471,4
Total;14 Murcia, Región de;10;2006;3.429,2
Total;15 Navarra, Comunidad Foral de;Total;2024;2.589,1
Total;15 Navarra, Comunidad Foral de;Total;2023;2.515,7
Total;15 Navarra, Comunidad Foral de;Total;2022;2.292,5
Total;15 Navarra, Comunidad Foral de;Total;2021;2.280,4
Total;15 Navarra, Comunidad Foral de;Total;2020;2.209,2
Total;15 Navarra, Comunidad Foral de;Total;2019;2.217,0
Total;15 Navarra, Comunidad Foral de;Total;2018;2.049,8
Total;15 Navarra, Comunidad Foral de;Total;2017;2.177,8
Total;15 Navarra, Comunidad Foral de;Total;2016;2.085,2
Total;15 Navarra, Comunidad Foral de;Total;2015;2.056,3
Total;15 Navarra, Comunidad Foral de;Total;2014;2.051,7
Total;15 Navarra, Comunidad Foral de;Total;2013;2.126,4
Total;15 Navarra, Comunidad Foral de;Total;2012;2.082,4
Total;15 Navarra, Comunidad Foral de;Total;2011;2.038,5
Total;15 Navarra, Comunidad Foral de;Total;2010;2.099,2
Total;15 Navarra, Comunidad Foral de;Total;2009;1.981,9
Total;15 Navarra, Comunidad Foral de;Total;2008;1.870,7
Total;15 Navarra, Comunidad Foral de;Total;2007;1.857,5
Total;15 Navarra, Comunidad Foral de;Total;2006;1.784,5
Total;15 Navarra, Comunidad Foral de;1;2024;676,0
Total;15 Navarra, Comunidad Foral de;1;2023;682,4
Total;15 Navarra, Comunidad Foral de;1;2022;645,4
Total;15 Navarra, Comunidad Foral de;1;2021;599,9
Total;15 Navarra, Comunidad Foral de;1;2020;463,2
Total;15 Navarra, Comunidad Foral de;1;2019;489,6
Total;15 Navarra, Comunidad Foral de;1;2018;457,3
Total;15 Navarra, Comunidad Foral de;1;2017;453,7
Total;15 Navarra, Comunidad Foral de;1;2016;436,9
Total;15 Navarra, Comunidad Foral de;1;2015;414,6
Total;15 Navarra, Comunidad Foral de;1;2014;411,3
Total;15 Navarra, Comunidad Foral de;1;2013;391,4
Total;15 Navarra, Comunidad Foral de;1;2012;445,6
Total;15 Navarra, Comunidad Foral de;1;2011;468,5
Total;15 Navarra, Comunidad Foral de;1;2010;507,5
Total;15 Navarra, Comunidad Foral de;1;2009;441,1
Total;15 Navarra, Comunidad Foral de;1;2008;480,7
Total;15 Navarra, Comunidad Foral de;1;2007;487,8
Total;15 Navarra, Comunidad Foral de;1;2006;453,0
Total;15 Navarra, Comunidad Foral de;2;2024;1.268,9
Total;15 Navarra, Comunidad Foral de;2;2023;1.207,4
Total;15 Navarra, Comunidad Foral de;2;2022;1.074,6
Total;15 Navarra, Comunidad Foral de;2;2021;1.018,2
Total;15 Navarra, Comunidad Foral de;2;2020;1.026,0
Total;15 Navarra, Comunidad Foral de;2;2019;972,4
Total;15 Navarra, Comunidad Foral de;2;2018;908,6
Total;15 Navarra, Comunidad Foral de;2;2017;876,6
Total;15 Navarra, Comunidad Foral de;2;2016;842,6
Total;15 Navarra, Comunidad Foral de;2;2015;813,1
Total;15 Navarra, Comunidad Foral de;2;2014;833,1
Total;15 Navarra, Comunidad Foral de;2;2013;822,3
Total;15 Navarra, Comunidad Foral de;2;2012;866,4
Total;15 Navarra, Comunidad Foral de;2;2011;854,8
Total;15 Navarra, Comunidad Foral de;2;2010;875,2
Total;15 Navarra, Comunidad Foral de;2;2009;872,8
Total;15 Navarra, Comunidad Foral de;2;2008;884,2
Total;15 Navarra, Comunidad Foral de;2;2007;846,6
Total;15 Navarra, Comunidad Foral de;2;2006;799,9
Total;15 Navarra, Comunidad Foral de;3;2024;1.501,0
Total;15 Navarra, Comunidad Foral de;3;2023;1.433,7
Total;15 Navarra, Comunidad Foral de;3;2022;1.340,9
Total;15 Navarra, Comunidad Foral de;3;2021;1.281,4
Total;15 Navarra, Comunidad Foral de;3;2020;1.228,2
Total;15 Navarra, Comunidad Foral de;3;2019;1.224,2
Total;15 Navarra, Comunidad Foral de;3;2018;1.146,0
Total;15 Navarra, Comunidad Foral de;3;2017;1.108,5
Total;15 Navarra, Comunidad Foral de;3;2016;1.138,0
Total;15 Navarra, Comunidad Foral de;3;2015;1.093,1
Total;15 Navarra, Comunidad Foral de;3;2014;1.102,5
Total;15 Navarra, Comunidad Foral de;3;2013;1.119,1
Total;15 Navarra, Comunidad Foral de;3;2012;1.132,1
Total;15 Navarra, Comunidad Foral de;3;2011;1.124,7
Total;15 Navarra, Comunidad Foral de;3;2010;1.158,6
Total;15 Navarra, Comunidad Foral de;3;2009;1.117,2
Total;15 Navarra, Comunidad Foral de;3;2008;1.116,4
Total;15 Navarra, Comunidad Foral de;3;2007;1.055,0
Total;15 Navarra, Comunidad Foral de;3;2006;998,2
Total;15 Navarra, Comunidad Foral de;4;2024;1.682,7
Total;15 Navarra, Comunidad Foral de;4;2023;1.647,4
Total;15 Navarra, Comunidad Foral de;4;2022;1.519,5
Total;15 Navarra, Comunidad Foral de;4;2021;1.457,5
Total;15 Navarra, Comunidad Foral de;4;2020;1.422,3
Total;15 Navarra, Comunidad Foral de;4;2019;1.422,2
Total;15 Navarra, Comunidad Foral de;4;2018;1.356,3
Total;15 Navarra, Comunidad Foral de;4;2017;1.327,1
Total;15 Navarra, Comunidad Foral de;4;2016;1.340,8
Total;15 Navarra, Comunidad Foral de;4;2015;1.320,1
Total;15 Navarra, Comunidad Foral de;4;2014;1.331,9
Total;15 Navarra, Comunidad Foral de;4;2013;1.310,1
Total;15 Navarra, Comunidad Foral de;4;2012;1.328,5
Total;15 Navarra, Comunidad Foral de;4;2011;1.310,4
Total;15 Navarra, Comunidad Foral de;4;2010;1.326,4
Total;15 Navarra, Comunidad Foral de;4;2009;1.287,9
Total;15 Navarra, Comunidad Foral de;4;2008;1.269,6
Total;15 Navarra, Comunidad Foral de;4;2007;1.197,9
Total;15 Navarra, Comunidad Foral de;4;2006;1.150,1
Total;15 Navarra, Comunidad Foral de;5;2024;1.894,0
Total;15 Navarra, Comunidad Foral de;5;2023;1.822,4
Total;15 Navarra, Comunidad Foral de;5;2022;1.721,9
Total;15 Navarra, Comunidad Foral de;5;2021;1.655,1
Total;15 Navarra, Comunidad Foral de;5;2020;1.592,7
Total;15 Navarra, Comunidad Foral de;5;2019;1.594,3
Total;15 Navarra, Comunidad Foral de;5;2018;1.551,2
Total;15 Navarra, Comunidad Foral de;5;2017;1.489,4
Total;15 Navarra, Comunidad Foral de;5;2016;1.512,0
Total;15 Navarra, Comunidad Foral de;5;2015;1.487,7
Total;15 Navarra, Comunidad Foral de;5;2014;1.512,8
Total;15 Navarra, Comunidad Foral de;5;2013;1.519,6
Total;15 Navarra, Comunidad Foral de;5;2012;1.492,2
Total;15 Navarra, Comunidad Foral de;5;2011;1.478,3
Total;15 Navarra, Comunidad Foral de;5;2010;1.475,1
Total;15 Navarra, Comunidad Foral de;5;2009;1.447,1
Total;15 Navarra, Comunidad Foral de;5;2008;1.418,0
Total;15 Navarra, Comunidad Foral de;5;2007;1.344,5
Total;15 Navarra, Comunidad Foral de;5;2006;1.269,1
Total;15 Navarra, Comunidad Foral de;6;2024;2.138,3
Total;15 Navarra, Comunidad Foral de;6;2023;2.063,5
Total;15 Navarra, Comunidad Foral de;6;2022;1.908,4
Total;15 Navarra, Comunidad Foral de;6;2021;1.861,9
Total;15 Navarra, Comunidad Foral de;6;2020;1.825,7
Total;15 Navarra, Comunidad Foral de;6;2019;1.791,0
Total;15 Navarra, Comunidad Foral de;6;2018;1.777,7
Total;15 Navarra, Comunidad Foral de;6;2017;1.711,4
Total;15 Navarra, Comunidad Foral de;6;2016;1.707,1
Total;15 Navarra, Comunidad Foral de;6;2015;1.714,7
Total;15 Navarra, Comunidad Foral de;6;2014;1.712,8
Total;15 Navarra, Comunidad Foral de;6;2013;1.704,0
Total;15 Navarra, Comunidad Foral de;6;2012;1.693,2
Total;15 Navarra, Comunidad Foral de;6;2011;1.674,9
Total;15 Navarra, Comunidad Foral de;6;2010;1.672,4
Total;15 Navarra, Comunidad Foral de;6;2009;1.643,7
Total;15 Navarra, Comunidad Foral de;6;2008;1.582,3
Total;15 Navarra, Comunidad Foral de;6;2007;1.490,5
Total;15 Navarra, Comunidad Foral de;6;2006;1.418,8
Total;15 Navarra, Comunidad Foral de;7;2024;2.433,5
Total;15 Navarra, Comunidad Foral de;7;2023;2.350,8
Total;15 Navarra, Comunidad Foral de;7;2022;2.208,5
Total;15 Navarra, Comunidad Foral de;7;2021;2.139,7
Total;15 Navarra, Comunidad Foral de;7;2020;2.117,1
Total;15 Navarra, Comunidad Foral de;7;2019;2.066,5
Total;15 Navarra, Comunidad Foral de;7;2018;2.001,0
Total;15 Navarra, Comunidad Foral de;7;2017;1.965,6
Total;15 Navarra, Comunidad Foral de;7;2016;1.974,0
Total;15 Navarra, Comunidad Foral de;7;2015;1.972,4
Total;15 Navarra, Comunidad Foral de;7;2014;1.987,7
Total;15 Navarra, Comunidad Foral de;7;2013;1.974,4
Total;15 Navarra, Comunidad Foral de;7;2012;1.927,3
Total;15 Navarra, Comunidad Foral de;7;2011;1.917,8
Total;15 Navarra, Comunidad Foral de;7;2010;1.935,8
Total;15 Navarra, Comunidad Foral de;7;2009;1.875,7
Total;15 Navarra, Comunidad Foral de;7;2008;1.804,6
Total;15 Navarra, Comunidad Foral de;7;2007;1.706,7
Total;15 Navarra, Comunidad Foral de;7;2006;1.630,5
Total;15 Navarra, Comunidad Foral de;8;2024;2.933,0
Total;15 Navarra, Comunidad Foral de;8;2023;2.781,9
Total;15 Navarra, Comunidad Foral de;8;2022;2.581,1
Total;15 Navarra, Comunidad Foral de;8;2021;2.552,6
Total;15 Navarra, Comunidad Foral de;8;2020;2.555,5
Total;15 Navarra, Comunidad Foral de;8;2019;2.436,3
Total;15 Navarra, Comunidad Foral de;8;2018;2.415,4
Total;15 Navarra, Comunidad Foral de;8;2017;2.356,9
Total;15 Navarra, Comunidad Foral de;8;2016;2.356,1
Total;15 Navarra, Comunidad Foral de;8;2015;2.385,1
Total;15 Navarra, Comunidad Foral de;8;2014;2.408,9
Total;15 Navarra, Comunidad Foral de;8;2013;2.355,0
Total;15 Navarra, Comunidad Foral de;8;2012;2.316,1
Total;15 Navarra, Comunidad Foral de;8;2011;2.266,2
Total;15 Navarra, Comunidad Foral de;8;2010;2.313,0
Total;15 Navarra, Comunidad Foral de;8;2009;2.247,7
Total;15 Navarra, Comunidad Foral de;8;2008;2.144,2
Total;15 Navarra, Comunidad Foral de;8;2007;2.035,2
Total;15 Navarra, Comunidad Foral de;8;2006;1.957,3
Total;15 Navarra, Comunidad Foral de;9;2024;3.553,5
Total;15 Navarra, Comunidad Foral de;9;2023;3.472,6
Total;15 Navarra, Comunidad Foral de;9;2022;3.178,5
Total;15 Navarra, Comunidad Foral de;9;2021;3.133,7
Total;15 Navarra, Comunidad Foral de;9;2020;3.141,1
Total;15 Navarra, Comunidad Foral de;9;2019;3.033,0
Total;15 Navarra, Comunidad Foral de;9;2018;3.058,7
Total;15 Navarra, Comunidad Foral de;9;2017;2.970,8
Total;15 Navarra, Comunidad Foral de;9;2016;2.966,7
Total;15 Navarra, Comunidad Foral de;9;2015;2.946,8
Total;15 Navarra, Comunidad Foral de;9;2014;2.937,2
Total;15 Navarra, Comunidad Foral de;9;2013;2.930,3
Total;15 Navarra, Comunidad Foral de;9;2012;2.856,7
Total;15 Navarra, Comunidad Foral de;9;2011;2.836,9
Total;15 Navarra, Comunidad Foral de;9;2010;2.844,6
Total;15 Navarra, Comunidad Foral de;9;2009;2.752,8
Total;15 Navarra, Comunidad Foral de;9;2008;2.684,9
Total;15 Navarra, Comunidad Foral de;9;2007;2.609,0
Total;15 Navarra, Comunidad Foral de;9;2006;2.440,2
Total;15 Navarra, Comunidad Foral de;10;2024;5.425,4
Total;15 Navarra, Comunidad Foral de;10;2023;5.055,3
Total;15 Navarra, Comunidad Foral de;10;2022;4.595,9
Total;15 Navarra, Comunidad Foral de;10;2021;4.914,7
Total;15 Navarra, Comunidad Foral de;10;2020;4.855,0
Total;15 Navarra, Comunidad Foral de;10;2019;4.543,2
Total;15 Navarra, Comunidad Foral de;10;2018;4.374,8
Total;15 Navarra, Comunidad Foral de;10;2017;4.301,0
Total;15 Navarra, Comunidad Foral de;10;2016;4.401,0
Total;15 Navarra, Comunidad Foral de;10;2015;4.453,3
Total;15 Navarra, Comunidad Foral de;10;2014;4.530,6
Total;15 Navarra, Comunidad Foral de;10;2013;4.293,4
Total;15 Navarra, Comunidad Foral de;10;2012;4.462,9
Total;15 Navarra, Comunidad Foral de;10;2011;4.363,3
Total;15 Navarra, Comunidad Foral de;10;2010;4.513,4
Total;15 Navarra, Comunidad Foral de;10;2009;4.220,5
Total;15 Navarra, Comunidad Foral de;10;2008;4.004,9
Total;15 Navarra, Comunidad Foral de;10;2007;3.777,4
Total;15 Navarra, Comunidad Foral de;10;2006;3.661,7
Total;16 País Vasco;Total;2024;2.809,9
Total;16 País Vasco;Total;2023;2.624,3
Total;16 País Vasco;Total;2022;2.517,9
Total;16 País Vasco;Total;2021;2.440,8
Total;16 País Vasco;Total;2020;2.278,8
Total;16 País Vasco;Total;2019;2.332,6
Total;16 País Vasco;Total;2018;2.241,8
Total;16 País Vasco;Total;2017;2.208,8
Total;16 País Vasco;Total;2016;2.235,2
Total;16 País Vasco;Total;2015;2.250,2
Total;16 País Vasco;Total;2014;2.147,2
Total;16 País Vasco;Total;2013;2.162,0
Total;16 País Vasco;Total;2012;2.131,2
Total;16 País Vasco;Total;2011;2.114,7
Total;16 País Vasco;Total;2010;2.097,7
Total;16 País Vasco;Total;2009;2.118,5
Total;16 País Vasco;Total;2008;2.112,6
Total;16 País Vasco;Total;2007;1.930,9
Total;16 País Vasco;Total;2006;1.896,9
Total;16 País Vasco;1;2024;684,8
Total;16 País Vasco;1;2023;685,6
Total;16 País Vasco;1;2022;595,4
Total;16 País Vasco;1;2021;522,1
Total;16 País Vasco;1;2020;509,3
Total;16 País Vasco;1;2019;506,1
Total;16 País Vasco;1;2018;452,3
Total;16 País Vasco;1;2017;421,5
Total;16 País Vasco;1;2016;450,2
Total;16 País Vasco;1;2015;449,0
Total;16 País Vasco;1;2014;399,3
Total;16 País Vasco;1;2013;382,3
Total;16 País Vasco;1;2012;471,6
Total;16 País Vasco;1;2011;443,3
Total;16 País Vasco;1;2010;483,6
Total;16 País Vasco;1;2009;460,7
Total;16 País Vasco;1;2008;475,2
Total;16 País Vasco;1;2007;500,8
Total;16 País Vasco;1;2006;470,2
Total;16 País Vasco;2;2024;1.262,8
Total;16 País Vasco;2;2023;1.175,4
Total;16 País Vasco;2;2022;1.112,9
Total;16 País Vasco;2;2021;1.038,3
Total;16 País Vasco;2;2020;1.009,0
Total;16 País Vasco;2;2019;986,5
Total;16 País Vasco;2;2018;896,8
Total;16 País Vasco;2;2017;857,0
Total;16 País Vasco;2;2016;851,1
Total;16 País Vasco;2;2015;830,9
Total;16 País Vasco;2;2014;815,5
Total;16 País Vasco;2;2013;844,7
Total;16 País Vasco;2;2012;832,1
Total;16 País Vasco;2;2011;853,7
Total;16 País Vasco;2;2010;884,2
Total;16 País Vasco;2;2009;861,5
Total;16 País Vasco;2;2008;879,6
Total;16 País Vasco;2;2007;841,3
Total;16 País Vasco;2;2006;803,2
Total;16 País Vasco;3;2024;1.497,3
Total;16 País Vasco;3;2023;1.429,0
Total;16 País Vasco;3;2022;1.340,1
Total;16 País Vasco;3;2021;1.262,3
Total;16 País Vasco;3;2020;1.238,7
Total;16 País Vasco;3;2019;1.219,1
Total;16 País Vasco;3;2018;1.146,4
Total;16 País Vasco;3;2017;1.128,8
Total;16 País Vasco;3;2016;1.127,3
Total;16 País Vasco;3;2015;1.093,1
Total;16 País Vasco;3;2014;1.106,0
Total;16 País Vasco;3;2013;1.099,1
Total;16 País Vasco;3;2012;1.127,2
Total;16 País Vasco;3;2011;1.112,2
Total;16 País Vasco;3;2010;1.143,4
Total;16 País Vasco;3;2009;1.126,9
Total;16 País Vasco;3;2008;1.118,6
Total;16 País Vasco;3;2007;1.059,2
Total;16 País Vasco;3;2006;1.009,9
Total;16 País Vasco;4;2024;1.681,0
Total;16 País Vasco;4;2023;1.649,1
Total;16 País Vasco;4;2022;1.531,1
Total;16 País Vasco;4;2021;1.453,0
Total;16 País Vasco;4;2020;1.433,6
Total;16 País Vasco;4;2019;1.419,9
Total;16 País Vasco;4;2018;1.357,5
Total;16 País Vasco;4;2017;1.321,5
Total;16 País Vasco;4;2016;1.331,0
Total;16 País Vasco;4;2015;1.314,5
Total;16 País Vasco;4;2014;1.327,5
Total;16 País Vasco;4;2013;1.317,8
Total;16 País Vasco;4;2012;1.323,7
Total;16 País Vasco;4;2011;1.309,1
Total;16 País Vasco;4;2010;1.314,6
Total;16 País Vasco;4;2009;1.294,5
Total;16 País Vasco;4;2008;1.272,3
Total;16 País Vasco;4;2007;1.209,2
Total;16 País Vasco;4;2006;1.143,6
Total;16 País Vasco;5;2024;1.877,9
Total;16 País Vasco;5;2023;1.841,7
Total;16 País Vasco;5;2022;1.720,2
Total;16 País Vasco;5;2021;1.644,3
Total;16 País Vasco;5;2020;1.613,2
Total;16 País Vasco;5;2019;1.602,5
Total;16 País Vasco;5;2018;1.559,8
Total;16 País Vasco;5;2017;1.502,3
Total;16 País Vasco;5;2016;1.509,8
Total;16 País Vasco;5;2015;1.507,0
Total;16 País Vasco;5;2014;1.503,2
Total;16 País Vasco;5;2013;1.518,1
Total;16 País Vasco;5;2012;1.494,8
Total;16 País Vasco;5;2011;1.491,2
Total;16 País Vasco;5;2010;1.485,2
Total;16 País Vasco;5;2009;1.443,2
Total;16 País Vasco;5;2008;1.407,8
Total;16 País Vasco;5;2007;1.331,1
Total;16 País Vasco;5;2006;1.269,6
Total;16 País Vasco;6;2024;2.153,4
Total;16 País Vasco;6;2023;2.055,1
Total;16 País Vasco;6;2022;1.916,6
Total;16 País Vasco;6;2021;1.875,5
Total;16 País Vasco;6;2020;1.826,2
Total;16 País Vasco;6;2019;1.795,9
Total;16 País Vasco;6;2018;1.757,3
Total;16 País Vasco;6;2017;1.695,1
Total;16 País Vasco;6;2016;1.720,3
Total;16 País Vasco;6;2015;1.704,0
Total;16 País Vasco;6;2014;1.718,6
Total;16 País Vasco;6;2013;1.716,4
Total;16 País Vasco;6;2012;1.697,2
Total;16 País Vasco;6;2011;1.674,7
Total;16 País Vasco;6;2010;1.681,5
Total;16 País Vasco;6;2009;1.627,8
Total;16 País Vasco;6;2008;1.585,4
Total;16 País Vasco;6;2007;1.497,5
Total;16 País Vasco;6;2006;1.420,8
Total;16 País Vasco;7;2024;2.463,8
Total;16 País Vasco;7;2023;2.359,6
Total;16 País Vasco;7;2022;2.183,9
Total;16 País Vasco;7;2021;2.143,2
Total;16 País Vasco;7;2020;2.112,0
Total;16 País Vasco;7;2019;2.061,1
Total;16 País Vasco;7;2018;2.026,8
Total;16 País Vasco;7;2017;1.974,1
Total;16 País Vasco;7;2016;1.978,6
Total;16 País Vasco;7;2015;1.964,7
Total;16 País Vasco;7;2014;2.007,8
Total;16 País Vasco;7;2013;1.980,5
Total;16 País Vasco;7;2012;1.942,6
Total;16 País Vasco;7;2011;1.937,3
Total;16 País Vasco;7;2010;1.919,7
Total;16 País Vasco;7;2009;1.878,7
Total;16 País Vasco;7;2008;1.803,7
Total;16 País Vasco;7;2007;1.706,0
Total;16 País Vasco;7;2006;1.649,8
Total;16 País Vasco;8;2024;2.917,9
Total;16 País Vasco;8;2023;2.775,3
Total;16 País Vasco;8;2022;2.586,6
Total;16 País Vasco;8;2021;2.565,4
Total;16 País Vasco;8;2020;2.538,6
Total;16 País Vasco;8;2019;2.433,0
Total;16 País Vasco;8;2018;2.412,5
Total;16 País Vasco;8;2017;2.374,4
Total;16 País Vasco;8;2016;2.369,0
Total;16 País Vasco;8;2015;2.367,6
Total;16 País Vasco;8;2014;2.378,3
Total;16 País Vasco;8;2013;2.365,4
Total;16 País Vasco;8;2012;2.310,0
Total;16 País Vasco;8;2011;2.282,7
Total;16 País Vasco;8;2010;2.290,8
Total;16 País Vasco;8;2009;2.244,0
Total;16 País Vasco;8;2008;2.135,3
Total;16 País Vasco;8;2007;2.048,3
Total;16 País Vasco;8;2006;1.970,8
Total;16 País Vasco;9;2024;3.589,2
Total;16 País Vasco;9;2023;3.390,8
Total;16 País Vasco;9;2022;3.222,5
Total;16 País Vasco;9;2021;3.193,6
Total;16 País Vasco;9;2020;3.168,2
Total;16 País Vasco;9;2019;3.074,5
Total;16 País Vasco;9;2018;3.027,0
Total;16 País Vasco;9;2017;2.950,2
Total;16 País Vasco;9;2016;2.931,8
Total;16 País Vasco;9;2015;2.971,7
Total;16 País Vasco;9;2014;2.959,5
Total;16 País Vasco;9;2013;2.916,9
Total;16 País Vasco;9;2012;2.832,0
Total;16 País Vasco;9;2011;2.821,6
Total;16 País Vasco;9;2010;2.811,0
Total;16 País Vasco;9;2009;2.833,5
Total;16 País Vasco;9;2008;2.752,8
Total;16 País Vasco;9;2007;2.580,6
Total;16 País Vasco;9;2006;2.465,9
Total;16 País Vasco;10;2024;5.535,8
Total;16 País Vasco;10;2023;5.152,0
Total;16 País Vasco;10;2022;4.960,1
Total;16 País Vasco;10;2021;4.969,0
Total;16 País Vasco;10;2020;4.733,3
Total;16 País Vasco;10;2019;4.666,4
Total;16 País Vasco;10;2018;4.575,9
Total;16 País Vasco;10;2017;4.521,8
Total;16 País Vasco;10;2016;4.593,4
Total;16 País Vasco;10;2015;4.702,5
Total;16 País Vasco;10;2014;4.406,9
Total;16 País Vasco;10;2013;4.582,4
Total;16 País Vasco;10;2012;4.384,2
Total;16 País Vasco;10;2011;4.271,8
Total;16 País Vasco;10;2010;4.266,4
Total;16 País Vasco;10;2009;4.311,9
Total;16 País Vasco;10;2008;4.331,0
Total;16 País Vasco;10;2007;3.660,0
Total;16 País Vasco;10;2006;3.495,5
Total;17 Rioja, La;Total;2024;2.366,0
Total;17 Rioja, La;Total;2023;2.248,9
Total;17 Rioja, La;Total;2022;2.084,8
Total;17 Rioja, La;Total;2021;1.949,1
Total;17 Rioja, La;Total;2020;1.947,3
Total;17 Rioja, La;Total;2019;1.987,4
Total;17 Rioja, La;Total;2018;1.865,7
Total;17 Rioja, La;Total;2017;1.838,4
Total;17 Rioja, La;Total;2016;1.841,8
Total;17 Rioja, La;Total;2015;1.811,8
Total;17 Rioja, La;Total;2014;1.830,4
Total;17 Rioja, La;Total;2013;1.827,1
Total;17 Rioja, La;Total;2012;1.818,5
Total;17 Rioja, La;Total;2011;1.824,4
Total;17 Rioja, La;Total;2010;1.809,0
Total;17 Rioja, La;Total;2009;1.796,5
Total;17 Rioja, La;Total;2008;1.711,7
Total;17 Rioja, La;Total;2007;1.698,8
Total;17 Rioja, La;Total;2006;1.540,7
Total;17 Rioja, La;1;2024;719,4
Total;17 Rioja, La;1;2023;644,6
Total;17 Rioja, La;1;2022;688,4
Total;17 Rioja, La;1;2021;570,5
Total;17 Rioja, La;1;2020;536,2
Total;17 Rioja, La;1;2019;524,0
Total;17 Rioja, La;1;2018;435,7
Total;17 Rioja, La;1;2017;499,2
Total;17 Rioja, La;1;2016;483,0
Total;17 Rioja, La;1;2015;497,7
Total;17 Rioja, La;1;2014;442,7
Total;17 Rioja, La;1;2013;412,5
Total;17 Rioja, La;1;2012;423,5
Total;17 Rioja, La;1;2011;503,3
Total;17 Rioja, La;1;2010;522,3
Total;17 Rioja, La;1;2009;520,6
Total;17 Rioja, La;1;2008;461,1
Total;17 Rioja, La;1;2007;523,4
Total;17 Rioja, La;1;2006;458,1
Total;17 Rioja, La;2;2024;1.270,0
Total;17 Rioja, La;2;2023;1.209,7
Total;17 Rioja, La;2;2022;1.126,2
Total;17 Rioja, La;2;2021;1.012,7
Total;17 Rioja, La;2;2020;986,2
Total;17 Rioja, La;2;2019;993,2
Total;17 Rioja, La;2;2018;912,8
Total;17 Rioja, La;2;2017;868,2
Total;17 Rioja, La;2;2016;838,8
Total;17 Rioja, La;2;2015;802,8
Total;17 Rioja, La;2;2014;824,4
Total;17 Rioja, La;2;2013;806,3
Total;17 Rioja, La;2;2012;835,4
Total;17 Rioja, La;2;2011;848,8
Total;17 Rioja, La;2;2010;893,1
Total;17 Rioja, La;2;2009;881,0
Total;17 Rioja, La;2;2008;887,2
Total;17 Rioja, La;2;2007;858,4
Total;17 Rioja, La;2;2006;817,4
Total;17 Rioja, La;3;2024;1.486,1
Total;17 Rioja, La;3;2023;1.424,5
Total;17 Rioja, La;3;2022;1.337,4
Total;17 Rioja, La;3;2021;1.262,5
Total;17 Rioja, La;3;2020;1.231,9
Total;17 Rioja, La;3;2019;1.218,3
Total;17 Rioja, La;3;2018;1.161,0
Total;17 Rioja, La;3;2017;1.138,5
Total;17 Rioja, La;3;2016;1.124,7
Total;17 Rioja, La;3;2015;1.133,7
Total;17 Rioja, La;3;2014;1.097,8
Total;17 Rioja, La;3;2013;1.102,1
Total;17 Rioja, La;3;2012;1.107,9
Total;17 Rioja, La;3;2011;1.130,5
Total;17 Rioja, La;3;2010;1.129,7
Total;17 Rioja, La;3;2009;1.143,4
Total;17 Rioja, La;3;2008;1.125,6
Total;17 Rioja, La;3;2007;1.055,6
Total;17 Rioja, La;3;2006;1.010,8
Total;17 Rioja, La;4;2024;1.687,1
Total;17 Rioja, La;4;2023;1.631,7
Total;17 Rioja, La;4;2022;1.524,0
Total;17 Rioja, La;4;2021;1.471,0
Total;17 Rioja, La;4;2020;1.421,0
Total;17 Rioja, La;4;2019;1.437,6
Total;17 Rioja, La;4;2018;1.362,4
Total;17 Rioja, La;4;2017;1.322,2
Total;17 Rioja, La;4;2016;1.328,4
Total;17 Rioja, La;4;2015;1.299,8
Total;17 Rioja, La;4;2014;1.311,3
Total;17 Rioja, La;4;2013;1.320,4
Total;17 Rioja, La;4;2012;1.327,3
Total;17 Rioja, La;4;2011;1.310,5
Total;17 Rioja, La;4;2010;1.317,8
Total;17 Rioja, La;4;2009;1.297,0
Total;17 Rioja, La;4;2008;1.265,3
Total;17 Rioja, La;4;2007;1.211,1
Total;17 Rioja, La;4;2006;1.142,6
Total;17 Rioja, La;5;2024;1.900,2
Total;17 Rioja, La;5;2023;1.844,2
Total;17 Rioja, La;5;2022;1.711,7
Total;17 Rioja, La;5;2021;1.663,4
Total;17 Rioja, La;5;2020;1.615,8
Total;17 Rioja, La;5;2019;1.605,4
Total;17 Rioja, La;5;2018;1.553,6
Total;17 Rioja, La;5;2017;1.506,7
Total;17 Rioja, La;5;2016;1.487,9
Total;17 Rioja, La;5;2015;1.498,8
Total;17 Rioja, La;5;2014;1.514,7
Total;17 Rioja, La;5;2013;1.513,9
Total;17 Rioja, La;5;2012;1.505,2
Total;17 Rioja, La;5;2011;1.488,5
Total;17 Rioja, La;5;2010;1.487,1
Total;17 Rioja, La;5;2009;1.441,4
Total;17 Rioja, La;5;2008;1.415,0
Total;17 Rioja, La;5;2007;1.338,9
Total;17 Rioja, La;5;2006;1.276,2
Total;17 Rioja, La;6;2024;2.117,9
Total;17 Rioja, La;6;2023;2.048,3
Total;17 Rioja, La;6;2022;1.918,9
Total;17 Rioja, La;6;2021;1.870,7
Total;17 Rioja, La;6;2020;1.819,1
Total;17 Rioja, La;6;2019;1.776,9
Total;17 Rioja, La;6;2018;1.756,3
Total;17 Rioja, La;6;2017;1.711,2
Total;17 Rioja, La;6;2016;1.710,9
Total;17 Rioja, La;6;2015;1.701,1
Total;17 Rioja, La;6;2014;1.718,4
Total;17 Rioja, La;6;2013;1.687,5
Total;17 Rioja, La;6;2012;1.696,4
Total;17 Rioja, La;6;2011;1.683,0
Total;17 Rioja, La;6;2010;1.684,7
Total;17 Rioja, La;6;2009;1.618,7
Total;17 Rioja, La;6;2008;1.578,3
Total;17 Rioja, La;6;2007;1.483,6
Total;17 Rioja, La;6;2006;1.434,3
Total;17 Rioja, La;7;2024;2.422,4
Total;17 Rioja, La;7;2023;2.349,1
Total;17 Rioja, La;7;2022;2.187,5
Total;17 Rioja, La;7;2021;2.138,9
Total;17 Rioja, La;7;2020;2.120,5
Total;17 Rioja, La;7;2019;2.058,3
Total;17 Rioja, La;7;2018;2.018,6
Total;17 Rioja, La;7;2017;1.957,1
Total;17 Rioja, La;7;2016;1.964,6
Total;17 Rioja, La;7;2015;1.957,0
Total;17 Rioja, La;7;2014;2.000,1
Total;17 Rioja, La;7;2013;1.969,4
Total;17 Rioja, La;7;2012;1.920,9
Total;17 Rioja, La;7;2011;1.911,1
Total;17 Rioja, La;7;2010;1.929,6
Total;17 Rioja, La;7;2009;1.873,9
Total;17 Rioja, La;7;2008;1.796,8
Total;17 Rioja, La;7;2007;1.688,1
Total;17 Rioja, La;7;2006;1.609,2
Total;17 Rioja, La;8;2024;2.883,8
Total;17 Rioja, La;8;2023;2.787,3
Total;17 Rioja, La;8;2022;2.591,8
Total;17 Rioja, La;8;2021;2.553,7
Total;17 Rioja, La;8;2020;2.563,2
Total;17 Rioja, La;8;2019;2.415,2
Total;17 Rioja, La;8;2018;2.430,8
Total;17 Rioja, La;8;2017;2.345,6
Total;17 Rioja, La;8;2016;2.359,1
Total;17 Rioja, La;8;2015;2.366,4
Total;17 Rioja, La;8;2014;2.413,6
Total;17 Rioja, La;8;2013;2.374,4
Total;17 Rioja, La;8;2012;2.321,4
Total;17 Rioja, La;8;2011;2.263,9
Total;17 Rioja, La;8;2010;2.287,7
Total;17 Rioja, La;8;2009;2.252,2
Total;17 Rioja, La;8;2008;2.140,8
Total;17 Rioja, La;8;2007;2.055,6
Total;17 Rioja, La;8;2006;1.961,6
Total;17 Rioja, La;9;2024;3.545,9
Total;17 Rioja, La;9;2023;3.444,2
Total;17 Rioja, La;9;2022;3.210,7
Total;17 Rioja, La;9;2021;3.133,4
Total;17 Rioja, La;9;2020;3.215,5
Total;17 Rioja, La;9;2019;3.027,3
Total;17 Rioja, La;9;2018;2.973,5
Total;17 Rioja, La;9;2017;2.911,1
Total;17 Rioja, La;9;2016;2.869,8
Total;17 Rioja, La;9;2015;2.921,7
Total;17 Rioja, La;9;2014;2.925,0
Total;17 Rioja, La;9;2013;2.966,5
Total;17 Rioja, La;9;2012;2.899,2
Total;17 Rioja, La;9;2011;2.888,2
Total;17 Rioja, La;9;2010;2.866,7
Total;17 Rioja, La;9;2009;2.797,9
Total;17 Rioja, La;9;2008;2.666,0
Total;17 Rioja, La;9;2007;2.568,5
Total;17 Rioja, La;9;2006;2.440,2
Total;17 Rioja, La;10;2024;5.458,4
Total;17 Rioja, La;10;2023;5.504,7
Total;17 Rioja, La;10;2022;4.891,0
Total;17 Rioja, La;10;2021;4.580,8
Total;17 Rioja, La;10;2020;4.807,0
Total;17 Rioja, La;10;2019;4.963,9
Total;17 Rioja, La;10;2018;4.458,9
Total;17 Rioja, La;10;2017;4.392,5
Total;17 Rioja, La;10;2016;4.392,4
Total;17 Rioja, La;10;2015;4.234,3
Total;17 Rioja, La;10;2014;4.640,7
Total;17 Rioja, La;10;2013;4.259,9
Total;17 Rioja, La;10;2012;4.284,9
Total;17 Rioja, La;10;2011;4.283,4
Total;17 Rioja, La;10;2010;4.260,2
Total;17 Rioja, La;10;2009;4.413,0
Total;17 Rioja, La;10;2008;4.075,2
Total;17 Rioja, La;10;2007;3.652,1
Total;17 Rioja, La;10;2006;3.593,3
Total;18 Ceuta;Total;2024;2.739,0
Total;18 Ceuta;Total;2023;2.284,5
Total;18 Ceuta;Total;2022;2.169,5
Total;18 Ceuta;Total;2021;2.243,9
Total;18 Ceuta;Total;2020;2.257,2
Total;18 Ceuta;Total;2019;2.323,3
Total;18 Ceuta;Total;2018;2.157,0
Total;18 Ceuta;Total;2017;2.115,4
Total;18 Ceuta;Total;2016;2.288,5
Total;18 Ceuta;Total;2015;2.064,9
Total;18 Ceuta;Total;2014;2.173,6
Total;18 Ceuta;Total;2013;2.293,6
Total;18 Ceuta;Total;2012;2.202,9
Total;18 Ceuta;Total;2011;1.923,6
Total;18 Ceuta;Total;2010;2.456,3
Total;18 Ceuta;Total;2009;2.101,5
Total;18 Ceuta;Total;2008;2.104,2
Total;18 Ceuta;Total;2007;1.887,8
Total;18 Ceuta;Total;2006;1.926,7
Total;18 Ceuta;1;2024;870,5
Total;18 Ceuta;1;2023;706,8
Total;18 Ceuta;1;2022;709,5
Total;18 Ceuta;1;2021;764,6
Total;18 Ceuta;1;2020;602,3
Total;18 Ceuta;1;2019;630,1
Total;18 Ceuta;1;2018;634,3
Total;18 Ceuta;1;2017;621,4
Total;18 Ceuta;1;2016;530,2
Total;18 Ceuta;1;2015;392,8
Total;18 Ceuta;1;2014;466,4
Total;18 Ceuta;1;2013;402,6
Total;18 Ceuta;1;2012;512,3
Total;18 Ceuta;1;2011;549,5
Total;18 Ceuta;1;2010;417,0
Total;18 Ceuta;1;2009;247,1
Total;18 Ceuta;1;2008;393,7
Total;18 Ceuta;1;2007;450,8
Total;18 Ceuta;1;2006;588,2
Total;18 Ceuta;2;2024;1.253,6
Total;18 Ceuta;2;2023;1.233,6
Total;18 Ceuta;2;2022;1.137,9
Total;18 Ceuta;2;2021;1.022,0
Total;18 Ceuta;2;2020;988,6
Total;18 Ceuta;2;2019;986,9
Total;18 Ceuta;2;2018;931,4
Total;18 Ceuta;2;2017;888,7
Total;18 Ceuta;2;2016;824,2
Total;18 Ceuta;2;2015;798,8
Total;18 Ceuta;2;2014;823,3
Total;18 Ceuta;2;2013;765,9
Total;18 Ceuta;2;2012;906,8
Total;18 Ceuta;2;2011;909,0
Total;18 Ceuta;2;2010;838,2
Total;18 Ceuta;2;2009;902,9
Total;18 Ceuta;2;2008;873,8
Total;18 Ceuta;2;2007;873,4
Total;18 Ceuta;2;2006;763,2
Total;18 Ceuta;3;2024;1.455,3
Total;18 Ceuta;3;2023;1.413,3
Total;18 Ceuta;3;2022;1.355,0
Total;18 Ceuta;3;2021;1.285,2
Total;18 Ceuta;3;2020;1.265,0
Total;18 Ceuta;3;2019;1.228,8
Total;18 Ceuta;3;2018;1.115,5
Total;18 Ceuta;3;2017;1.184,2
Total;18 Ceuta;3;2016;1.123,8
Total;18 Ceuta;3;2015;1.084,2
Total;18 Ceuta;3;2014;1.081,6
Total;18 Ceuta;3;2013;1.070,7
Total;18 Ceuta;3;2012;1.125,3
Total;18 Ceuta;3;2011;1.105,1
Total;18 Ceuta;3;2010;1.132,6
Total;18 Ceuta;3;2009;1.110,2
Total;18 Ceuta;3;2008;1.118,4
Total;18 Ceuta;3;2007;1.093,0
Total;18 Ceuta;3;2006;999,0
Total;18 Ceuta;4;2024;1.680,9
Total;18 Ceuta;4;2023;1.592,9
Total;18 Ceuta;4;2022;1.526,4
Total;18 Ceuta;4;2021;1.467,4
Total;18 Ceuta;4;2020;1.431,8
Total;18 Ceuta;4;2019;1.429,5
Total;18 Ceuta;4;2018;1.385,9
Total;18 Ceuta;4;2017;1.292,3
Total;18 Ceuta;4;2016;1.337,1
Total;18 Ceuta;4;2015;1.307,3
Total;18 Ceuta;4;2014;1.296,6
Total;18 Ceuta;4;2013;1.343,2
Total;18 Ceuta;4;2012;1.314,7
Total;18 Ceuta;4;2011;1.329,3
Total;18 Ceuta;4;2010;1.332,5
Total;18 Ceuta;4;2009;1.297,9
Total;18 Ceuta;4;2008;1.284,9
Total;18 Ceuta;4;2007;1.206,5
Total;18 Ceuta;4;2006;1.145,5
Total;18 Ceuta;5;2024;1.885,1
Total;18 Ceuta;5;2023;1.834,2
Total;18 Ceuta;5;2022;1.721,8
Total;18 Ceuta;5;2021;1.643,7
Total;18 Ceuta;5;2020;1.614,1
Total;18 Ceuta;5;2019;1.583,0
Total;18 Ceuta;5;2018;1.532,4
Total;18 Ceuta;5;2017;1.509,5
Total;18 Ceuta;5;2016;1.483,8
Total;18 Ceuta;5;2015;1.482,0
Total;18 Ceuta;5;2014;1.476,4
Total;18 Ceuta;5;2013;1.545,3
Total;18 Ceuta;5;2012;1.466,4
Total;18 Ceuta;5;2011;1.481,7
Total;18 Ceuta;5;2010;1.487,3
Total;18 Ceuta;5;2009;1.426,1
Total;18 Ceuta;5;2008;1.401,5
Total;18 Ceuta;5;2007;1.315,9
Total;18 Ceuta;5;2006;1.264,3
Total;18 Ceuta;6;2024;2.126,4
Total;18 Ceuta;6;2023;2.096,9
Total;18 Ceuta;6;2022;1.921,9
Total;18 Ceuta;6;2021;1.867,2
Total;18 Ceuta;6;2020;1.818,5
Total;18 Ceuta;6;2019;1.776,6
Total;18 Ceuta;6;2018;1.739,9
Total;18 Ceuta;6;2017;1.699,1
Total;18 Ceuta;6;2016;1.687,3
Total;18 Ceuta;6;2015;1.701,6
Total;18 Ceuta;6;2014;1.733,2
Total;18 Ceuta;6;2013;1.715,3
Total;18 Ceuta;6;2012;1.680,3
Total;18 Ceuta;6;2011;1.742,1
Total;18 Ceuta;6;2010;1.669,0
Total;18 Ceuta;6;2009;1.654,1
Total;18 Ceuta;6;2008;1.589,6
Total;18 Ceuta;6;2007;1.511,6
Total;18 Ceuta;6;2006;1.357,2
Total;18 Ceuta;7;2024;2.465,3
Total;18 Ceuta;7;2023;2.352,2
Total;18 Ceuta;7;2022;2.174,3
Total;18 Ceuta;7;2021;2.111,5
Total;18 Ceuta;7;2020;2.126,9
Total;18 Ceuta;7;2019;2.053,0
Total;18 Ceuta;7;2018;1.993,8
Total;18 Ceuta;7;2017;1.982,8
Total;18 Ceuta;7;2016;1.923,1
Total;18 Ceuta;7;2015;1.937,4
Total;18 Ceuta;7;2014;1.976,6
Total;18 Ceuta;7;2013;1.968,3
Total;18 Ceuta;7;2012;1.969,3
Total;18 Ceuta;7;2011;1.918,1
Total;18 Ceuta;7;2010;1.948,1
Total;18 Ceuta;7;2009;1.878,6
Total;18 Ceuta;7;2008;1.776,0
Total;18 Ceuta;7;2007;1.698,6
Total;18 Ceuta;7;2006;1.659,9
Total;18 Ceuta;8;2024;2.981,3
Total;18 Ceuta;8;2023;2.771,2
Total;18 Ceuta;8;2022;2.599,3
Total;18 Ceuta;8;2021;2.598,4
Total;18 Ceuta;8;2020;2.521,3
Total;18 Ceuta;8;2019;2.377,1
Total;18 Ceuta;8;2018;2.443,5
Total;18 Ceuta;8;2017;2.307,5
Total;18 Ceuta;8;2016;2.322,5
Total;18 Ceuta;8;2015;2.373,5
Total;18 Ceuta;8;2014;2.429,0
Total;18 Ceuta;8;2013;2.411,9
Total;18 Ceuta;8;2012;2.292,5
Total;18 Ceuta;8;2011;2.251,0
Total;18 Ceuta;8;2010;2.324,7
Total;18 Ceuta;8;2009;2.239,5
Total;18 Ceuta;8;2008;2.104,0
Total;18 Ceuta;8;2007;2.020,7
Total;18 Ceuta;8;2006;1.933,4
Total;18 Ceuta;9;2024;3.499,0
Total;18 Ceuta;9;2023;3.432,5
Total;18 Ceuta;9;2022;3.151,0
Total;18 Ceuta;9;2021;3.051,9
Total;18 Ceuta;9;2020;3.216,1
Total;18 Ceuta;9;2019;3.063,3
Total;18 Ceuta;9;2018;3.071,5
Total;18 Ceuta;9;2017;2.983,9
Total;18 Ceuta;9;2016;3.007,1
Total;18 Ceuta;9;2015;2.987,3
Total;18 Ceuta;9;2014;2.951,8
Total;18 Ceuta;9;2013;2.839,9
Total;18 Ceuta;9;2012;2.802,8
Total;18 Ceuta;9;2011;2.827,2
Total;18 Ceuta;9;2010;2.825,6
Total;18 Ceuta;9;2009;2.828,9
Total;18 Ceuta;9;2008;2.797,7
Total;18 Ceuta;9;2007;2.656,6
Total;18 Ceuta;9;2006;2.453,1
Total;18 Ceuta;10;2024;5.002,0
Total;18 Ceuta;10;2023;5.120,9
Total;18 Ceuta;10;2022;4.673,9
Total;18 Ceuta;10;2021;5.828,8
Total;18 Ceuta;10;2020;4.120,4
Total;18 Ceuta;10;2019;4.293,7
Total;18 Ceuta;10;2018;4.201,6
Total;18 Ceuta;10;2017;4.049,8
Total;18 Ceuta;10;2016;3.966,2
Total;18 Ceuta;10;2015;4.635,3
Total;18 Ceuta;10;2014;4.199,3
Total;18 Ceuta;10;2013;4.272,7
Total;18 Ceuta;10;2012;4.488,0
Total;18 Ceuta;10;2011;3.989,7
Total;18 Ceuta;10;2010;4.396,7
Total;18 Ceuta;10;2009;4.343,3
Total;18 Ceuta;10;2008;4.119,4
Total;18 Ceuta;10;2007;3.610,6
Total;18 Ceuta;10;2006;3.439,9
Total;19 Melilla;Total;2024;2.502,2
Total;19 Melilla;Total;2023;2.363,3
Total;19 Melilla;Total;2022;2.169,7
Total;19 Melilla;Total;2021;2.122,1
Total;19 Melilla;Total;2020;2.662,6
Total;19 Melilla;Total;2019;2.291,7
Total;19 Melilla;Total;2018;2.231,1
Total;19 Melilla;Total;2017;2.475,8
Total;19 Melilla;Total;2016;2.138,7
Total;19 Melilla;Total;2015;2.147,4
Total;19 Melilla;Total;2014;2.384,2
Total;19 Melilla;Total;2013;1.999,8
Total;19 Melilla;Total;2012;2.105,9
Total;19 Melilla;Total;2011;2.543,7
Total;19 Melilla;Total;2010;1.909,2
Total;19 Melilla;Total;2009;2.364,0
Total;19 Melilla;Total;2008;2.274,8
Total;19 Melilla;Total;2007;1.933,8
Total;19 Melilla;Total;2006;1.774,3
Total;19 Melilla;1;2024;671,6
Total;19 Melilla;1;2023;665,4
Total;19 Melilla;1;2022;344,0
Total;19 Melilla;1;2021;696,5
Total;19 Melilla;1;2020;592,8
Total;19 Melilla;1;2019;535,0
Total;19 Melilla;1;2018;517,8
Total;19 Melilla;1;2017;597,4
Total;19 Melilla;1;2016;536,9
Total;19 Melilla;1;2015;556,2
Total;19 Melilla;1;2014;484,5
Total;19 Melilla;1;2013;423,5
Total;19 Melilla;1;2012;408,0
Total;19 Melilla;1;2011;461,5
Total;19 Melilla;1;2010;448,9
Total;19 Melilla;1;2009;484,8
Total;19 Melilla;1;2008;521,2
Total;19 Melilla;1;2007;527,8
Total;19 Melilla;1;2006;492,9
Total;19 Melilla;2;2024;1.332,4
Total;19 Melilla;2;2023;1.172,9
Total;19 Melilla;2;2022;1.157,3
Total;19 Melilla;2;2021;1.037,6
Total;19 Melilla;2;2020;988,8
Total;19 Melilla;2;2019;950,7
Total;19 Melilla;2;2018;857,2
Total;19 Melilla;2;2017;853,1
Total;19 Melilla;2;2016;883,8
Total;19 Melilla;2;2015;824,8
Total;19 Melilla;2;2014;789,4
Total;19 Melilla;2;2013;873,1
Total;19 Melilla;2;2012;798,2
Total;19 Melilla;2;2011;904,8
Total;19 Melilla;2;2010;956,8
Total;19 Melilla;2;2009;870,9
Total;19 Melilla;2;2008;1.008,7
Total;19 Melilla;2;2007;816,5
Total;19 Melilla;2;2006;783,9
Total;19 Melilla;3;2024;1.499,3
Total;19 Melilla;3;2023;1.466,6
Total;19 Melilla;3;2022;1.315,2
Total;19 Melilla;3;2021;1.228,3
Total;19 Melilla;3;2020;1.208,2
Total;19 Melilla;3;2019;1.219,5
Total;19 Melilla;3;2018;1.156,6
Total;19 Melilla;3;2017;1.064,5
Total;19 Melilla;3;2016;1.097,7
Total;19 Melilla;3;2015;1.040,5
Total;19 Melilla;3;2014;1.114,9
Total;19 Melilla;3;2013;1.080,5
Total;19 Melilla;3;2012;1.111,8
Total;19 Melilla;3;2011;1.140,7
Total;19 Melilla;3;2010;1.129,7
Total;19 Melilla;3;2009;1.136,9
Total;19 Melilla;3;2008;1.102,4
Total;19 Melilla;3;2007;1.087,3
Total;19 Melilla;3;2006;1.013,7
Total;19 Melilla;4;2024;1.660,0
Total;19 Melilla;4;2023;1.650,7
Total;19 Melilla;4;2022;1.509,0
Total;19 Melilla;4;2021;1.451,5
Total;19 Melilla;4;2020;1.442,3
Total;19 Melilla;4;2019;1.410,9
Total;19 Melilla;4;2018;1.366,9
Total;19 Melilla;4;2017;1.281,4
Total;19 Melilla;4;2016;1.311,2
Total;19 Melilla;4;2015;1.333,7
Total;19 Melilla;4;2014;1.336,6
Total;19 Melilla;4;2013;1.336,0
Total;19 Melilla;4;2012;1.355,6
Total;19 Melilla;4;2011;1.296,4
Total;19 Melilla;4;2010;1.317,2
Total;19 Melilla;4;2009;1.302,1
Total;19 Melilla;4;2008;1.243,9
Total;19 Melilla;4;2007;1.227,4
Total;19 Melilla;4;2006;1.142,2
Total;19 Melilla;5;2024;1.887,3
Total;19 Melilla;5;2023;1.845,3
Total;19 Melilla;5;2022;1.696,9
Total;19 Melilla;5;2021;1.691,9
Total;19 Melilla;5;2020;1.572,0
Total;19 Melilla;5;2019;1.619,1
Total;19 Melilla;5;2018;1.527,8
Total;19 Melilla;5;2017;1.492,0
Total;19 Melilla;5;2016;1.467,2
Total;19 Melilla;5;2015;1.522,7
Total;19 Melilla;5;2014;1.475,3
Total;19 Melilla;5;2013;1.539,0
Total;19 Melilla;5;2012;1.520,2
Total;19 Melilla;5;2011;1.516,4
Total;19 Melilla;5;2010;1.497,3
Total;19 Melilla;5;2009;1.470,6
Total;19 Melilla;5;2008;1.421,6
Total;19 Melilla;5;2007;1.337,2
Total;19 Melilla;5;2006;1.254,6
Total;19 Melilla;6;2024;2.155,8
Total;19 Melilla;6;2023;2.061,9
Total;19 Melilla;6;2022;1.903,6
Total;19 Melilla;6;2021;1.863,5
Total;19 Melilla;6;2020;1.845,2
Total;19 Melilla;6;2019;1.818,7
Total;19 Melilla;6;2018;1.749,7
Total;19 Melilla;6;2017;1.736,7
Total;19 Melilla;6;2016;1.743,7
Total;19 Melilla;6;2015;1.682,2
Total;19 Melilla;6;2014;1.770,5
Total;19 Melilla;6;2013;1.680,7
Total;19 Melilla;6;2012;1.633,1
Total;19 Melilla;6;2011;1.685,9
Total;19 Melilla;6;2010;1.680,4
Total;19 Melilla;6;2009;1.696,0
Total;19 Melilla;6;2008;1.572,0
Total;19 Melilla;6;2007;1.479,9
Total;19 Melilla;6;2006;1.427,5
Total;19 Melilla;7;2024;2.427,5
Total;19 Melilla;7;2023;2.347,5
Total;19 Melilla;7;2022;2.185,5
Total;19 Melilla;7;2021;2.166,5
Total;19 Melilla;7;2020;2.147,2
Total;19 Melilla;7;2019;2.073,5
Total;19 Melilla;7;2018;2.009,5
Total;19 Melilla;7;2017;1.976,1
Total;19 Melilla;7;2016;1.985,4
Total;19 Melilla;7;2015;1.963,4
Total;19 Melilla;7;2014;2.003,7
Total;19 Melilla;7;2013;1.957,0
Total;19 Melilla;7;2012;1.965,4
Total;19 Melilla;7;2011;1.954,6
Total;19 Melilla;7;2010;1.880,9
Total;19 Melilla;7;2009;1.895,4
Total;19 Melilla;7;2008;1.771,9
Total;19 Melilla;7;2007;1.702,3
Total;19 Melilla;7;2006;1.643,9
Total;19 Melilla;8;2024;2.966,1
Total;19 Melilla;8;2023;2.779,4
Total;19 Melilla;8;2022;2.592,2
Total;19 Melilla;8;2021;2.575,2
Total;19 Melilla;8;2020;2.470,5
Total;19 Melilla;8;2019;2.446,6
Total;19 Melilla;8;2018;2.396,7
Total;19 Melilla;8;2017;2.351,6
Total;19 Melilla;8;2016;2.366,0
Total;19 Melilla;8;2015;2.250,6
Total;19 Melilla;8;2014;2.409,4
Total;19 Melilla;8;2013;2.312,9
Total;19 Melilla;8;2012;2.312,3
Total;19 Melilla;8;2011;2.288,6
Total;19 Melilla;8;2010;2.185,0
Total;19 Melilla;8;2009;2.204,9
Total;19 Melilla;8;2008;2.161,5
Total;19 Melilla;8;2007;2.064,7
Total;19 Melilla;8;2006;1.966,2
Total;19 Melilla;9;2024;3.699,3
Total;19 Melilla;9;2023;3.489,5
Total;19 Melilla;9;2022;3.220,7
Total;19 Melilla;9;2021;3.222,2
Total;19 Melilla;9;2020;3.249,1
Total;19 Melilla;9;2019;3.000,7
Total;19 Melilla;9;2018;2.962,2
Total;19 Melilla;9;2017;3.005,1
Total;19 Melilla;9;2016;2.918,0
Total;19 Melilla;9;2015;3.060,8
Total;19 Melilla;9;2014;3.001,6
Total;19 Melilla;9;2013;3.039,3
Total;19 Melilla;9;2012;2.814,9
Total;19 Melilla;9;2011;2.866,1
Total;19 Melilla;9;2010;2.945,3
Total;19 Melilla;9;2009;2.876,0
Total;19 Melilla;9;2008;2.752,4
Total;19 Melilla;9;2007;2.646,0
Total;19 Melilla;9;2006;2.516,2
Total;19 Melilla;10;2024;5.552,6
Total;19 Melilla;10;2023;5.202,3
Total;19 Melilla;10;2022;4.221,5
Total;19 Melilla;10;2021;4.333,4
Total;19 Melilla;10;2020;4.678,9
Total;19 Melilla;10;2019;4.294,1
Total;19 Melilla;10;2018;4.558,0
Total;19 Melilla;10;2017;4.129,9
Total;19 Melilla;10;2016;4.060,5
Total;19 Melilla;10;2015;4.428,7
Total;19 Melilla;10;2014;4.248,8
Total;19 Melilla;10;2013;4.074,8
Total;19 Melilla;10;2012;4.283,5
Total;19 Melilla;10;2011;4.152,7
Total;19 Melilla;10;2010;4.236,2
Total;19 Melilla;10;2009;4.464,2
Total;19 Melilla;10;2008;3.996,9
Total;19 Melilla;10;2007;3.394,6
Total;19 Melilla;10;2006;3.404,1
Jornada a tiempo completo;Total Nacional;Total;2024;2.618,2
Jornada a tiempo completo;Total Nacional;Total;2023;2.503,8
Jornada a tiempo completo;Total Nacional;Total;2022;2.332,3
Jornada a tiempo completo;Total Nacional;Total;2021;2.304,0
Jornada a tiempo completo;Total Nacional;Total;2020;2.258,3
Jornada a tiempo completo;Total Nacional;Total;2019;2.207,3
Jornada a tiempo completo;Total Nacional;Total;2018;2.177,1
Jornada a tiempo completo;Total Nacional;Total;2017;2.120,8
Jornada a tiempo completo;Total Nacional;Total;2016;2.106,7
Jornada a tiempo completo;Total Nacional;Total;2015;2.142,0
Jornada a tiempo completo;Total Nacional;Total;2014;2.132,2
Jornada a tiempo completo;Total Nacional;Total;2013;2.121,3
Jornada a tiempo completo;Total Nacional;Total;2012;2.076,3
Jornada a tiempo completo;Total Nacional;Total;2011;2.046,8
Jornada a tiempo completo;Total Nacional;Total;2010;2.022,2
Jornada a tiempo completo;Total Nacional;Total;2009;1.995,4
Jornada a tiempo completo;Total Nacional;Total;2008;1.929,6
Jornada a tiempo completo;Total Nacional;Total;2007;1.779,1
Jornada a tiempo completo;Total Nacional;Total;2006;1.703,9
Jornada a tiempo completo;Total Nacional;1;2024;980,9
Jornada a tiempo completo;Total Nacional;1;2023;909,4
Jornada a tiempo completo;Total Nacional;1;2022;874,8
Jornada a tiempo completo;Total Nacional;1;2021;780,2
Jornada a tiempo completo;Total Nacional;1;2020;737,6
Jornada a tiempo completo;Total Nacional;1;2019;745,7
Jornada a tiempo completo;Total Nacional;1;2018;670,7
Jornada a tiempo completo;Total Nacional;1;2017;642,0
Jornada a tiempo completo;Total Nacional;1;2016;633,4
Jornada a tiempo completo;Total Nacional;1;2015;615,8
Jornada a tiempo completo;Total Nacional;1;2014;575,4
Jornada a tiempo completo;Total Nacional;1;2013;563,4
Jornada a tiempo completo;Total Nacional;1;2012;587,5
Jornada a tiempo completo;Total Nacional;1;2011;610,9
Jornada a tiempo completo;Total Nacional;1;2010;629,5
Jornada a tiempo completo;Total Nacional;1;2009;628,6
Jornada a tiempo completo;Total Nacional;1;2008;655,1
Jornada a tiempo completo;Total Nacional;1;2007;624,4
Jornada a tiempo completo;Total Nacional;1;2006;575,1
Jornada a tiempo completo;Total Nacional;2;2024;1.301,3
Jornada a tiempo completo;Total Nacional;2;2023;1.236,5
Jornada a tiempo completo;Total Nacional;2;2022;1.153,2
Jornada a tiempo completo;Total Nacional;2;2021;1.055,7
Jornada a tiempo completo;Total Nacional;2;2020;1.027,6
Jornada a tiempo completo;Total Nacional;2;2019;1.020,1
Jornada a tiempo completo;Total Nacional;2;2018;925,8
Jornada a tiempo completo;Total Nacional;2;2017;882,9
Jornada a tiempo completo;Total Nacional;2;2016;878,9
Jornada a tiempo completo;Total Nacional;2;2015;850,5
Jornada a tiempo completo;Total Nacional;2;2014;844,5
Jornada a tiempo completo;Total Nacional;2;2013;843,9
Jornada a tiempo completo;Total Nacional;2;2012;873,3
Jornada a tiempo completo;Total Nacional;2;2011;882,5
Jornada a tiempo completo;Total Nacional;2;2010;912,8
Jornada a tiempo completo;Total Nacional;2;2009;891,5
Jornada a tiempo completo;Total Nacional;2;2008;899,7
Jornada a tiempo completo;Total Nacional;2;2007;864,6
Jornada a tiempo completo;Total Nacional;2;2006;810,6
Jornada a tiempo completo;Total Nacional;3;2024;1.488,5
Jornada a tiempo completo;Total Nacional;3;2023;1.435,1
Jornada a tiempo completo;Total Nacional;3;2022;1.338,9
Jornada a tiempo completo;Total Nacional;3;2021;1.256,7
Jornada a tiempo completo;Total Nacional;3;2020;1.238,1
Jornada a tiempo completo;Total Nacional;3;2019;1.223,0
Jornada a tiempo completo;Total Nacional;3;2018;1.158,9
Jornada a tiempo completo;Total Nacional;3;2017;1.124,0
Jornada a tiempo completo;Total Nacional;3;2016;1.120,8
Jornada a tiempo completo;Total Nacional;3;2015;1.104,0
Jornada a tiempo completo;Total Nacional;3;2014;1.104,8
Jornada a tiempo completo;Total Nacional;3;2013;1.108,7
Jornada a tiempo completo;Total Nacional;3;2012;1.122,6
Jornada a tiempo completo;Total Nacional;3;2011;1.129,3
Jornada a tiempo completo;Total Nacional;3;2010;1.142,9
Jornada a tiempo completo;Total Nacional;3;2009;1.120,3
Jornada a tiempo completo;Total Nacional;3;2008;1.113,2
Jornada a tiempo completo;Total Nacional;3;2007;1.063,0
Jornada a tiempo completo;Total Nacional;3;2006;1.007,1
Jornada a tiempo completo;Total Nacional;4;2024;1.681,4
Jornada a tiempo completo;Total Nacional;4;2023;1.631,5
Jornada a tiempo completo;Total Nacional;4;2022;1.524,0
Jornada a tiempo completo;Total Nacional;4;2021;1.455,6
Jornada a tiempo completo;Total Nacional;4;2020;1.423,5
Jornada a tiempo completo;Total Nacional;4;2019;1.418,6
Jornada a tiempo completo;Total Nacional;4;2018;1.358,4
Jornada a tiempo completo;Total Nacional;4;2017;1.323,1
Jornada a tiempo completo;Total Nacional;4;2016;1.325,5
Jornada a tiempo completo;Total Nacional;4;2015;1.312,2
Jornada a tiempo completo;Total Nacional;4;2014;1.315,8
Jornada a tiempo completo;Total Nacional;4;2013;1.319,1
Jornada a tiempo completo;Total Nacional;4;2012;1.323,3
Jornada a tiempo completo;Total Nacional;4;2011;1.311,6
Jornada a tiempo completo;Total Nacional;4;2010;1.317,0
Jornada a tiempo completo;Total Nacional;4;2009;1.290,5
Jornada a tiempo completo;Total Nacional;4;2008;1.267,9
Jornada a tiempo completo;Total Nacional;4;2007;1.203,8
Jornada a tiempo completo;Total Nacional;4;2006;1.144,5
Jornada a tiempo completo;Total Nacional;5;2024;1.889,8
Jornada a tiempo completo;Total Nacional;5;2023;1.834,5
Jornada a tiempo completo;Total Nacional;5;2022;1.708,5
Jornada a tiempo completo;Total Nacional;5;2021;1.652,9
Jornada a tiempo completo;Total Nacional;5;2020;1.606,8
Jornada a tiempo completo;Total Nacional;5;2019;1.595,5
Jornada a tiempo completo;Total Nacional;5;2018;1.546,1
Jornada a tiempo completo;Total Nacional;5;2017;1.498,1
Jornada a tiempo completo;Total Nacional;5;2016;1.497,6
Jornada a tiempo completo;Total Nacional;5;2015;1.497,3
Jornada a tiempo completo;Total Nacional;5;2014;1.503,5
Jornada a tiempo completo;Total Nacional;5;2013;1.502,8
Jornada a tiempo completo;Total Nacional;5;2012;1.493,3
Jornada a tiempo completo;Total Nacional;5;2011;1.484,3
Jornada a tiempo completo;Total Nacional;5;2010;1.478,4
Jornada a tiempo completo;Total Nacional;5;2009;1.444,0
Jornada a tiempo completo;Total Nacional;5;2008;1.411,8
Jornada a tiempo completo;Total Nacional;5;2007;1.337,1
Jornada a tiempo completo;Total Nacional;5;2006;1.270,2
Jornada a tiempo completo;Total Nacional;6;2024;2.129,9
Jornada a tiempo completo;Total Nacional;6;2023;2.060,2
Jornada a tiempo completo;Total Nacional;6;2022;1.913,3
Jornada a tiempo completo;Total Nacional;6;2021;1.866,1
Jornada a tiempo completo;Total Nacional;6;2020;1.816,7
Jornada a tiempo completo;Total Nacional;6;2019;1.793,5
Jornada a tiempo completo;Total Nacional;6;2018;1.752,6
Jornada a tiempo completo;Total Nacional;6;2017;1.698,5
Jornada a tiempo completo;Total Nacional;6;2016;1.703,6
Jornada a tiempo completo;Total Nacional;6;2015;1.704,2
Jornada a tiempo completo;Total Nacional;6;2014;1.715,7
Jornada a tiempo completo;Total Nacional;6;2013;1.704,1
Jornada a tiempo completo;Total Nacional;6;2012;1.685,6
Jornada a tiempo completo;Total Nacional;6;2011;1.678,7
Jornada a tiempo completo;Total Nacional;6;2010;1.667,6
Jornada a tiempo completo;Total Nacional;6;2009;1.627,5
Jornada a tiempo completo;Total Nacional;6;2008;1.577,8
Jornada a tiempo completo;Total Nacional;6;2007;1.491,7
Jornada a tiempo completo;Total Nacional;6;2006;1.418,3
Jornada a tiempo completo;Total Nacional;7;2024;2.448,3
Jornada a tiempo completo;Total Nacional;7;2023;2.356,8
Jornada a tiempo completo;Total Nacional;7;2022;2.182,1
Jornada a tiempo completo;Total Nacional;7;2021;2.148,9
Jornada a tiempo completo;Total Nacional;7;2020;2.107,1
Jornada a tiempo completo;Total Nacional;7;2019;2.058,5
Jornada a tiempo completo;Total Nacional;7;2018;2.017,1
Jornada a tiempo completo;Total Nacional;7;2017;1.969,9
Jornada a tiempo completo;Total Nacional;7;2016;1.969,7
Jornada a tiempo completo;Total Nacional;7;2015;1.961,1
Jornada a tiempo completo;Total Nacional;7;2014;1.997,7
Jornada a tiempo completo;Total Nacional;7;2013;1.980,3
Jornada a tiempo completo;Total Nacional;7;2012;1.943,5
Jornada a tiempo completo;Total Nacional;7;2011;1.926,7
Jornada a tiempo completo;Total Nacional;7;2010;1.916,6
Jornada a tiempo completo;Total Nacional;7;2009;1.870,6
Jornada a tiempo completo;Total Nacional;7;2008;1.795,1
Jornada a tiempo completo;Total Nacional;7;2007;1.703,3
Jornada a tiempo completo;Total Nacional;7;2006;1.629,3
Jornada a tiempo completo;Total Nacional;8;2024;2.914,7
Jornada a tiempo completo;Total Nacional;8;2023;2.781,2
Jornada a tiempo completo;Total Nacional;8;2022;2.593,4
Jornada a tiempo completo;Total Nacional;8;2021;2.558,4
Jornada a tiempo completo;Total Nacional;8;2020;2.541,4
Jornada a tiempo completo;Total Nacional;8;2019;2.446,2
Jornada a tiempo completo;Total Nacional;8;2018;2.421,7
Jornada a tiempo completo;Total Nacional;8;2017;2.363,3
Jornada a tiempo completo;Total Nacional;8;2016;2.355,2
Jornada a tiempo completo;Total Nacional;8;2015;2.364,2
Jornada a tiempo completo;Total Nacional;8;2014;2.387,0
Jornada a tiempo completo;Total Nacional;8;2013;2.364,3
Jornada a tiempo completo;Total Nacional;8;2012;2.304,4
Jornada a tiempo completo;Total Nacional;8;2011;2.292,3
Jornada a tiempo completo;Total Nacional;8;2010;2.291,5
Jornada a tiempo completo;Total Nacional;8;2009;2.240,5
Jornada a tiempo completo;Total Nacional;8;2008;2.144,5
Jornada a tiempo completo;Total Nacional;8;2007;2.042,8
Jornada a tiempo completo;Total Nacional;8;2006;1.960,3
Jornada a tiempo completo;Total Nacional;9;2024;3.570,3
Jornada a tiempo completo;Total Nacional;9;2023;3.392,2
Jornada a tiempo completo;Total Nacional;9;2022;3.173,9
Jornada a tiempo completo;Total Nacional;9;2021;3.144,9
Jornada a tiempo completo;Total Nacional;9;2020;3.161,0
Jornada a tiempo completo;Total Nacional;9;2019;3.036,8
Jornada a tiempo completo;Total Nacional;9;2018;3.008,0
Jornada a tiempo completo;Total Nacional;9;2017;2.956,1
Jornada a tiempo completo;Total Nacional;9;2016;2.922,8
Jornada a tiempo completo;Total Nacional;9;2015;2.964,6
Jornada a tiempo completo;Total Nacional;9;2014;2.947,0
Jornada a tiempo completo;Total Nacional;9;2013;2.916,7
Jornada a tiempo completo;Total Nacional;9;2012;2.852,3
Jornada a tiempo completo;Total Nacional;9;2011;2.849,1
Jornada a tiempo completo;Total Nacional;9;2010;2.841,8
Jornada a tiempo completo;Total Nacional;9;2009;2.818,5
Jornada a tiempo completo;Total Nacional;9;2008;2.695,1
Jornada a tiempo completo;Total Nacional;9;2007;2.570,6
Jornada a tiempo completo;Total Nacional;9;2006;2.448,2
Jornada a tiempo completo;Total Nacional;10;2024;5.741,0
Jornada a tiempo completo;Total Nacional;10;2023;5.386,7
Jornada a tiempo completo;Total Nacional;10;2022;5.003,9
Jornada a tiempo completo;Total Nacional;10;2021;5.083,8
Jornada a tiempo completo;Total Nacional;10;2020;4.964,0
Jornada a tiempo completo;Total Nacional;10;2019;4.725,5
Jornada a tiempo completo;Total Nacional;10;2018;4.799,6
Jornada a tiempo completo;Total Nacional;10;2017;4.631,2
Jornada a tiempo completo;Total Nacional;10;2016;4.568,7
Jornada a tiempo completo;Total Nacional;10;2015;4.786,6
Jornada a tiempo completo;Total Nacional;10;2014;4.616,9
Jornada a tiempo completo;Total Nacional;10;2013;4.574,9
Jornada a tiempo completo;Total Nacional;10;2012;4.515,0
Jornada a tiempo completo;Total Nacional;10;2011;4.418,4
Jornada a tiempo completo;Total Nacional;10;2010;4.356,5
Jornada a tiempo completo;Total Nacional;10;2009;4.370,1
Jornada a tiempo completo;Total Nacional;10;2008;4.346,3
Jornada a tiempo completo;Total Nacional;10;2007;3.670,8
Jornada a tiempo completo;Total Nacional;10;2006;3.573,7
Jornada a tiempo completo;01 Andalucía;Total;2024;2.348,7
Jornada a tiempo completo;01 Andalucía;Total;2023;2.325,0
Jornada a tiempo completo;01 Andalucía;Total;2022;2.104,8
Jornada a tiempo completo;01 Andalucía;Total;2021;2.073,6
Jornada a tiempo completo;01 Andalucía;Total;2020;2.035,0
Jornada a tiempo completo;01 Andalucía;Total;2019;1.980,1
Jornada a tiempo completo;01 Andalucía;Total;2018;1.978,9
Jornada a tiempo completo;01 Andalucía;Total;2017;1.933,6
Jornada a tiempo completo;01 Andalucía;Total;2016;1.922,8
Jornada a tiempo completo;01 Andalucía;Total;2015;1.901,4
Jornada a tiempo completo;01 Andalucía;Total;2014;1.899,4
Jornada a tiempo completo;01 Andalucía;Total;2013;1.891,2
Jornada a tiempo completo;01 Andalucía;Total;2012;1.856,0
Jornada a tiempo completo;01 Andalucía;Total;2011;1.889,9
Jornada a tiempo completo;01 Andalucía;Total;2010;1.852,1
Jornada a tiempo completo;01 Andalucía;Total;2009;1.837,3
Jornada a tiempo completo;01 Andalucía;Total;2008;1.750,5
Jornada a tiempo completo;01 Andalucía;Total;2007;1.643,4
Jornada a tiempo completo;01 Andalucía;Total;2006;1.563,1
Jornada a tiempo completo;01 Andalucía;1;2024;983,6
Jornada a tiempo completo;01 Andalucía;1;2023;895,3
Jornada a tiempo completo;01 Andalucía;1;2022;870,2
Jornada a tiempo completo;01 Andalucía;1;2021;774,0
Jornada a tiempo completo;01 Andalucía;1;2020;732,9
Jornada a tiempo completo;01 Andalucía;1;2019;750,6
Jornada a tiempo completo;01 Andalucía;1;2018;663,5
Jornada a tiempo completo;01 Andalucía;1;2017;649,3
Jornada a tiempo completo;01 Andalucía;1;2016;625,7
Jornada a tiempo completo;01 Andalucía;1;2015;617,6
Jornada a tiempo completo;01 Andalucía;1;2014;575,4
Jornada a tiempo completo;01 Andalucía;1;2013;577,5
Jornada a tiempo completo;01 Andalucía;1;2012;582,0
Jornada a tiempo completo;01 Andalucía;1;2011;591,5
Jornada a tiempo completo;01 Andalucía;1;2010;625,2
Jornada a tiempo completo;01 Andalucía;1;2009;626,0
Jornada a tiempo completo;01 Andalucía;1;2008;637,0
Jornada a tiempo completo;01 Andalucía;1;2007;617,9
Jornada a tiempo completo;01 Andalucía;1;2006;549,3
Jornada a tiempo completo;01 Andalucía;2;2024;1.290,4
Jornada a tiempo completo;01 Andalucía;2;2023;1.215,8
Jornada a tiempo completo;01 Andalucía;2;2022;1.148,0
Jornada a tiempo completo;01 Andalucía;2;2021;1.046,0
Jornada a tiempo completo;01 Andalucía;2;2020;1.009,2
Jornada a tiempo completo;01 Andalucía;2;2019;1.008,3
Jornada a tiempo completo;01 Andalucía;2;2018;918,8
Jornada a tiempo completo;01 Andalucía;2;2017;880,6
Jornada a tiempo completo;01 Andalucía;2;2016;868,6
Jornada a tiempo completo;01 Andalucía;2;2015;848,4
Jornada a tiempo completo;01 Andalucía;2;2014;841,0
Jornada a tiempo completo;01 Andalucía;2;2013;836,2
Jornada a tiempo completo;01 Andalucía;2;2012;859,0
Jornada a tiempo completo;01 Andalucía;2;2011;871,5
Jornada a tiempo completo;01 Andalucía;2;2010;908,1
Jornada a tiempo completo;01 Andalucía;2;2009;881,1
Jornada a tiempo completo;01 Andalucía;2;2008;897,2
Jornada a tiempo completo;01 Andalucía;2;2007;854,6
Jornada a tiempo completo;01 Andalucía;2;2006;803,7
Jornada a tiempo completo;01 Andalucía;3;2024;1.488,3
Jornada a tiempo completo;01 Andalucía;3;2023;1.434,8
Jornada a tiempo completo;01 Andalucía;3;2022;1.340,7
Jornada a tiempo completo;01 Andalucía;3;2021;1.256,2
Jornada a tiempo completo;01 Andalucía;3;2020;1.235,1
Jornada a tiempo completo;01 Andalucía;3;2019;1.222,3
Jornada a tiempo completo;01 Andalucía;3;2018;1.151,7
Jornada a tiempo completo;01 Andalucía;3;2017;1.115,4
Jornada a tiempo completo;01 Andalucía;3;2016;1.107,6
Jornada a tiempo completo;01 Andalucía;3;2015;1.097,4
Jornada a tiempo completo;01 Andalucía;3;2014;1.105,8
Jornada a tiempo completo;01 Andalucía;3;2013;1.106,4
Jornada a tiempo completo;01 Andalucía;3;2012;1.118,0
Jornada a tiempo completo;01 Andalucía;3;2011;1.124,7
Jornada a tiempo completo;01 Andalucía;3;2010;1.143,3
Jornada a tiempo completo;01 Andalucía;3;2009;1.119,3
Jornada a tiempo completo;01 Andalucía;3;2008;1.116,4
Jornada a tiempo completo;01 Andalucía;3;2007;1.062,8
Jornada a tiempo completo;01 Andalucía;3;2006;1.007,7
Jornada a tiempo completo;01 Andalucía;4;2024;1.683,2
Jornada a tiempo completo;01 Andalucía;4;2023;1.632,7
Jornada a tiempo completo;01 Andalucía;4;2022;1.522,5
Jornada a tiempo completo;01 Andalucía;4;2021;1.449,8
Jornada a tiempo completo;01 Andalucía;4;2020;1.420,3
Jornada a tiempo completo;01 Andalucía;4;2019;1.413,9
Jornada a tiempo completo;01 Andalucía;4;2018;1.362,4
Jornada a tiempo completo;01 Andalucía;4;2017;1.324,3
Jornada a tiempo completo;01 Andalucía;4;2016;1.324,9
Jornada a tiempo completo;01 Andalucía;4;2015;1.314,4
Jornada a tiempo completo;01 Andalucía;4;2014;1.315,3
Jornada a tiempo completo;01 Andalucía;4;2013;1.315,9
Jornada a tiempo completo;01 Andalucía;4;2012;1.318,0
Jornada a tiempo completo;01 Andalucía;4;2011;1.309,7
Jornada a tiempo completo;01 Andalucía;4;2010;1.319,5
Jornada a tiempo completo;01 Andalucía;4;2009;1.288,7
Jornada a tiempo completo;01 Andalucía;4;2008;1.270,9
Jornada a tiempo completo;01 Andalucía;4;2007;1.204,0
Jornada a tiempo completo;01 Andalucía;4;2006;1.143,3
Jornada a tiempo completo;01 Andalucía;5;2024;1.897,4
Jornada a tiempo completo;01 Andalucía;5;2023;1.831,9
Jornada a tiempo completo;01 Andalucía;5;2022;1.706,0
Jornada a tiempo completo;01 Andalucía;5;2021;1.655,0
Jornada a tiempo completo;01 Andalucía;5;2020;1.604,1
Jornada a tiempo completo;01 Andalucía;5;2019;1.597,4
Jornada a tiempo completo;01 Andalucía;5;2018;1.544,6
Jornada a tiempo completo;01 Andalucía;5;2017;1.499,9
Jornada a tiempo completo;01 Andalucía;5;2016;1.500,6
Jornada a tiempo completo;01 Andalucía;5;2015;1.500,6
Jornada a tiempo completo;01 Andalucía;5;2014;1.502,4
Jornada a tiempo completo;01 Andalucía;5;2013;1.500,5
Jornada a tiempo completo;01 Andalucía;5;2012;1.496,8
Jornada a tiempo completo;01 Andalucía;5;2011;1.484,4
Jornada a tiempo completo;01 Andalucía;5;2010;1.476,0
Jornada a tiempo completo;01 Andalucía;5;2009;1.443,1
Jornada a tiempo completo;01 Andalucía;5;2008;1.413,7
Jornada a tiempo completo;01 Andalucía;5;2007;1.336,0
Jornada a tiempo completo;01 Andalucía;5;2006;1.268,1
Jornada a tiempo completo;01 Andalucía;6;2024;2.131,0
Jornada a tiempo completo;01 Andalucía;6;2023;2.059,5
Jornada a tiempo completo;01 Andalucía;6;2022;1.908,3
Jornada a tiempo completo;01 Andalucía;6;2021;1.857,4
Jornada a tiempo completo;01 Andalucía;6;2020;1.810,3
Jornada a tiempo completo;01 Andalucía;6;2019;1.794,6
Jornada a tiempo completo;01 Andalucía;6;2018;1.748,7
Jornada a tiempo completo;01 Andalucía;6;2017;1.692,5
Jornada a tiempo completo;01 Andalucía;6;2016;1.703,6
Jornada a tiempo completo;01 Andalucía;6;2015;1.697,3
Jornada a tiempo completo;01 Andalucía;6;2014;1.708,7
Jornada a tiempo completo;01 Andalucía;6;2013;1.702,0
Jornada a tiempo completo;01 Andalucía;6;2012;1.679,0
Jornada a tiempo completo;01 Andalucía;6;2011;1.674,4
Jornada a tiempo completo;01 Andalucía;6;2010;1.664,3
Jornada a tiempo completo;01 Andalucía;6;2009;1.620,1
Jornada a tiempo completo;01 Andalucía;6;2008;1.573,4
Jornada a tiempo completo;01 Andalucía;6;2007;1.487,5
Jornada a tiempo completo;01 Andalucía;6;2006;1.415,6
Jornada a tiempo completo;01 Andalucía;7;2024;2.456,4
Jornada a tiempo completo;01 Andalucía;7;2023;2.354,4
Jornada a tiempo completo;01 Andalucía;7;2022;2.177,2
Jornada a tiempo completo;01 Andalucía;7;2021;2.144,8
Jornada a tiempo completo;01 Andalucía;7;2020;2.102,4
Jornada a tiempo completo;01 Andalucía;7;2019;2.063,7
Jornada a tiempo completo;01 Andalucía;7;2018;2.015,9
Jornada a tiempo completo;01 Andalucía;7;2017;1.979,8
Jornada a tiempo completo;01 Andalucía;7;2016;1.972,1
Jornada a tiempo completo;01 Andalucía;7;2015;1.961,4
Jornada a tiempo completo;01 Andalucía;7;2014;1.994,7
Jornada a tiempo completo;01 Andalucía;7;2013;1.986,7
Jornada a tiempo completo;01 Andalucía;7;2012;1.935,0
Jornada a tiempo completo;01 Andalucía;7;2011;1.927,0
Jornada a tiempo completo;01 Andalucía;7;2010;1.919,7
Jornada a tiempo completo;01 Andalucía;7;2009;1.861,0
Jornada a tiempo completo;01 Andalucía;7;2008;1.793,6
Jornada a tiempo completo;01 Andalucía;7;2007;1.707,1
Jornada a tiempo completo;01 Andalucía;7;2006;1.628,5
Jornada a tiempo completo;01 Andalucía;8;2024;2.910,6
Jornada a tiempo completo;01 Andalucía;8;2023;2.774,5
Jornada a tiempo completo;01 Andalucía;8;2022;2.595,6
Jornada a tiempo completo;01 Andalucía;8;2021;2.563,9
Jornada a tiempo completo;01 Andalucía;8;2020;2.546,3
Jornada a tiempo completo;01 Andalucía;8;2019;2.444,3
Jornada a tiempo completo;01 Andalucía;8;2018;2.430,2
Jornada a tiempo completo;01 Andalucía;8;2017;2.362,5
Jornada a tiempo completo;01 Andalucía;8;2016;2.347,8
Jornada a tiempo completo;01 Andalucía;8;2015;2.370,1
Jornada a tiempo completo;01 Andalucía;8;2014;2.378,7
Jornada a tiempo completo;01 Andalucía;8;2013;2.348,0
Jornada a tiempo completo;01 Andalucía;8;2012;2.296,7
Jornada a tiempo completo;01 Andalucía;8;2011;2.287,2
Jornada a tiempo completo;01 Andalucía;8;2010;2.287,8
Jornada a tiempo completo;01 Andalucía;8;2009;2.241,6
Jornada a tiempo completo;01 Andalucía;8;2008;2.153,8
Jornada a tiempo completo;01 Andalucía;8;2007;2.046,9
Jornada a tiempo completo;01 Andalucía;8;2006;1.964,5
Jornada a tiempo completo;01 Andalucía;9;2024;3.547,1
Jornada a tiempo completo;01 Andalucía;9;2023;3.379,4
Jornada a tiempo completo;01 Andalucía;9;2022;3.151,8
Jornada a tiempo completo;01 Andalucía;9;2021;3.108,2
Jornada a tiempo completo;01 Andalucía;9;2020;3.157,8
Jornada a tiempo completo;01 Andalucía;9;2019;3.020,4
Jornada a tiempo completo;01 Andalucía;9;2018;2.989,9
Jornada a tiempo completo;01 Andalucía;9;2017;2.967,2
Jornada a tiempo completo;01 Andalucía;9;2016;2.908,7
Jornada a tiempo completo;01 Andalucía;9;2015;2.957,0
Jornada a tiempo completo;01 Andalucía;9;2014;2.936,6
Jornada a tiempo completo;01 Andalucía;9;2013;2.908,5
Jornada a tiempo completo;01 Andalucía;9;2012;2.862,3
Jornada a tiempo completo;01 Andalucía;9;2011;2.859,9
Jornada a tiempo completo;01 Andalucía;9;2010;2.850,5
Jornada a tiempo completo;01 Andalucía;9;2009;2.837,2
Jornada a tiempo completo;01 Andalucía;9;2008;2.699,6
Jornada a tiempo completo;01 Andalucía;9;2007;2.562,5
Jornada a tiempo completo;01 Andalucía;9;2006;2.449,8
Jornada a tiempo completo;01 Andalucía;10;2024;5.404,2
Jornada a tiempo completo;01 Andalucía;10;2023;5.379,3
Jornada a tiempo completo;01 Andalucía;10;2022;4.832,1
Jornada a tiempo completo;01 Andalucía;10;2021;4.936,0
Jornada a tiempo completo;01 Andalucía;10;2020;4.833,3
Jornada a tiempo completo;01 Andalucía;10;2019;4.479,6
Jornada a tiempo completo;01 Andalucía;10;2018;4.567,1
Jornada a tiempo completo;01 Andalucía;10;2017;4.467,1
Jornada a tiempo completo;01 Andalucía;10;2016;4.381,2
Jornada a tiempo completo;01 Andalucía;10;2015;4.448,4
Jornada a tiempo completo;01 Andalucía;10;2014;4.506,5
Jornada a tiempo completo;01 Andalucía;10;2013;4.460,4
Jornada a tiempo completo;01 Andalucía;10;2012;4.345,4
Jornada a tiempo completo;01 Andalucía;10;2011;4.279,4
Jornada a tiempo completo;01 Andalucía;10;2010;4.235,3
Jornada a tiempo completo;01 Andalucía;10;2009;4.213,0
Jornada a tiempo completo;01 Andalucía;10;2008;4.096,6
Jornada a tiempo completo;01 Andalucía;10;2007;3.581,0
Jornada a tiempo completo;01 Andalucía;10;2006;3.423,0
Jornada a tiempo completo;02 Aragón;Total;2024;2.601,7
Jornada a tiempo completo;02 Aragón;Total;2023;2.431,1
Jornada a tiempo completo;02 Aragón;Total;2022;2.274,5
Jornada a tiempo completo;02 Aragón;Total;2021;2.195,2
Jornada a tiempo completo;02 Aragón;Total;2020;2.158,6
Jornada a tiempo completo;02 Aragón;Total;2019;2.162,4
Jornada a tiempo completo;02 Aragón;Total;2018;2.197,7
Jornada a tiempo completo;02 Aragón;Total;2017;2.138,6
Jornada a tiempo completo;02 Aragón;Total;2016;2.015,8
Jornada a tiempo completo;02 Aragón;Total;2015;2.140,4
Jornada a tiempo completo;02 Aragón;Total;2014;2.115,0
Jornada a tiempo completo;02 Aragón;Total;2013;2.121,7
Jornada a tiempo completo;02 Aragón;Total;2012;2.096,7
Jornada a tiempo completo;02 Aragón;Total;2011;2.084,9
Jornada a tiempo completo;02 Aragón;Total;2010;2.099,5
Jornada a tiempo completo;02 Aragón;Total;2009;2.121,3
Jornada a tiempo completo;02 Aragón;Total;2008;1.960,0
Jornada a tiempo completo;02 Aragón;Total;2007;1.867,6
Jornada a tiempo completo;02 Aragón;Total;2006;1.771,9
Jornada a tiempo completo;02 Aragón;1;2024;898,8
Jornada a tiempo completo;02 Aragón;1;2023;946,5
Jornada a tiempo completo;02 Aragón;1;2022;880,0
Jornada a tiempo completo;02 Aragón;1;2021;802,1
Jornada a tiempo completo;02 Aragón;1;2020;773,6
Jornada a tiempo completo;02 Aragón;1;2019;753,9
Jornada a tiempo completo;02 Aragón;1;2018;638,5
Jornada a tiempo completo;02 Aragón;1;2017;643,6
Jornada a tiempo completo;02 Aragón;1;2016;660,7
Jornada a tiempo completo;02 Aragón;1;2015;583,4
Jornada a tiempo completo;02 Aragón;1;2014;604,6
Jornada a tiempo completo;02 Aragón;1;2013;552,2
Jornada a tiempo completo;02 Aragón;1;2012;601,6
Jornada a tiempo completo;02 Aragón;1;2011;609,7
Jornada a tiempo completo;02 Aragón;1;2010;665,1
Jornada a tiempo completo;02 Aragón;1;2009;674,3
Jornada a tiempo completo;02 Aragón;1;2008;634,4
Jornada a tiempo completo;02 Aragón;1;2007;586,0
Jornada a tiempo completo;02 Aragón;1;2006;591,6
Jornada a tiempo completo;02 Aragón;2;2024;1.312,2
Jornada a tiempo completo;02 Aragón;2;2023;1.260,3
Jornada a tiempo completo;02 Aragón;2;2022;1.162,9
Jornada a tiempo completo;02 Aragón;2;2021;1.035,5
Jornada a tiempo completo;02 Aragón;2;2020;1.044,9
Jornada a tiempo completo;02 Aragón;2;2019;1.041,3
Jornada a tiempo completo;02 Aragón;2;2018;909,1
Jornada a tiempo completo;02 Aragón;2;2017;874,6
Jornada a tiempo completo;02 Aragón;2;2016;866,4
Jornada a tiempo completo;02 Aragón;2;2015;853,5
Jornada a tiempo completo;02 Aragón;2;2014;863,1
Jornada a tiempo completo;02 Aragón;2;2013;844,9
Jornada a tiempo completo;02 Aragón;2;2012;859,6
Jornada a tiempo completo;02 Aragón;2;2011;917,4
Jornada a tiempo completo;02 Aragón;2;2010;907,0
Jornada a tiempo completo;02 Aragón;2;2009;891,3
Jornada a tiempo completo;02 Aragón;2;2008;902,9
Jornada a tiempo completo;02 Aragón;2;2007;846,3
Jornada a tiempo completo;02 Aragón;2;2006;819,1
Jornada a tiempo completo;02 Aragón;3;2024;1.498,7
Jornada a tiempo completo;02 Aragón;3;2023;1.440,7
Jornada a tiempo completo;02 Aragón;3;2022;1.343,1
Jornada a tiempo completo;02 Aragón;3;2021;1.261,7
Jornada a tiempo completo;02 Aragón;3;2020;1.244,5
Jornada a tiempo completo;02 Aragón;3;2019;1.221,9
Jornada a tiempo completo;02 Aragón;3;2018;1.162,1
Jornada a tiempo completo;02 Aragón;3;2017;1.127,8
Jornada a tiempo completo;02 Aragón;3;2016;1.132,3
Jornada a tiempo completo;02 Aragón;3;2015;1.107,3
Jornada a tiempo completo;02 Aragón;3;2014;1.107,0
Jornada a tiempo completo;02 Aragón;3;2013;1.109,0
Jornada a tiempo completo;02 Aragón;3;2012;1.119,7
Jornada a tiempo completo;02 Aragón;3;2011;1.134,6
Jornada a tiempo completo;02 Aragón;3;2010;1.148,3
Jornada a tiempo completo;02 Aragón;3;2009;1.114,6
Jornada a tiempo completo;02 Aragón;3;2008;1.116,2
Jornada a tiempo completo;02 Aragón;3;2007;1.062,7
Jornada a tiempo completo;02 Aragón;3;2006;1.005,2
Jornada a tiempo completo;02 Aragón;4;2024;1.686,8
Jornada a tiempo completo;02 Aragón;4;2023;1.636,1
Jornada a tiempo completo;02 Aragón;4;2022;1.527,8
Jornada a tiempo completo;02 Aragón;4;2021;1.456,6
Jornada a tiempo completo;02 Aragón;4;2020;1.422,8
Jornada a tiempo completo;02 Aragón;4;2019;1.427,3
Jornada a tiempo completo;02 Aragón;4;2018;1.362,5
Jornada a tiempo completo;02 Aragón;4;2017;1.329,2
Jornada a tiempo completo;02 Aragón;4;2016;1.324,7
Jornada a tiempo completo;02 Aragón;4;2015;1.305,8
Jornada a tiempo completo;02 Aragón;4;2014;1.324,7
Jornada a tiempo completo;02 Aragón;4;2013;1.315,5
Jornada a tiempo completo;02 Aragón;4;2012;1.322,9
Jornada a tiempo completo;02 Aragón;4;2011;1.305,0
Jornada a tiempo completo;02 Aragón;4;2010;1.310,4
Jornada a tiempo completo;02 Aragón;4;2009;1.287,9
Jornada a tiempo completo;02 Aragón;4;2008;1.265,8
Jornada a tiempo completo;02 Aragón;4;2007;1.206,2
Jornada a tiempo completo;02 Aragón;4;2006;1.147,3
Jornada a tiempo completo;02 Aragón;5;2024;1.888,0
Jornada a tiempo completo;02 Aragón;5;2023;1.844,7
Jornada a tiempo completo;02 Aragón;5;2022;1.706,6
Jornada a tiempo completo;02 Aragón;5;2021;1.644,6
Jornada a tiempo completo;02 Aragón;5;2020;1.607,7
Jornada a tiempo completo;02 Aragón;5;2019;1.594,3
Jornada a tiempo completo;02 Aragón;5;2018;1.535,3
Jornada a tiempo completo;02 Aragón;5;2017;1.496,9
Jornada a tiempo completo;02 Aragón;5;2016;1.501,6
Jornada a tiempo completo;02 Aragón;5;2015;1.496,2
Jornada a tiempo completo;02 Aragón;5;2014;1.511,0
Jornada a tiempo completo;02 Aragón;5;2013;1.499,9
Jornada a tiempo completo;02 Aragón;5;2012;1.496,8
Jornada a tiempo completo;02 Aragón;5;2011;1.474,7
Jornada a tiempo completo;02 Aragón;5;2010;1.485,6
Jornada a tiempo completo;02 Aragón;5;2009;1.444,5
Jornada a tiempo completo;02 Aragón;5;2008;1.404,7
Jornada a tiempo completo;02 Aragón;5;2007;1.342,1
Jornada a tiempo completo;02 Aragón;5;2006;1.274,3
Jornada a tiempo completo;02 Aragón;6;2024;2.127,1
Jornada a tiempo completo;02 Aragón;6;2023;2.055,8
Jornada a tiempo completo;02 Aragón;6;2022;1.911,7
Jornada a tiempo completo;02 Aragón;6;2021;1.863,4
Jornada a tiempo completo;02 Aragón;6;2020;1.823,6
Jornada a tiempo completo;02 Aragón;6;2019;1.788,6
Jornada a tiempo completo;02 Aragón;6;2018;1.757,7
Jornada a tiempo completo;02 Aragón;6;2017;1.709,9
Jornada a tiempo completo;02 Aragón;6;2016;1.701,0
Jornada a tiempo completo;02 Aragón;6;2015;1.698,5
Jornada a tiempo completo;02 Aragón;6;2014;1.725,2
Jornada a tiempo completo;02 Aragón;6;2013;1.705,4
Jornada a tiempo completo;02 Aragón;6;2012;1.694,0
Jornada a tiempo completo;02 Aragón;6;2011;1.683,1
Jornada a tiempo completo;02 Aragón;6;2010;1.671,0
Jornada a tiempo completo;02 Aragón;6;2009;1.625,4
Jornada a tiempo completo;02 Aragón;6;2008;1.581,2
Jornada a tiempo completo;02 Aragón;6;2007;1.492,6
Jornada a tiempo completo;02 Aragón;6;2006;1.419,3
Jornada a tiempo completo;02 Aragón;7;2024;2.472,2
Jornada a tiempo completo;02 Aragón;7;2023;2.347,6
Jornada a tiempo completo;02 Aragón;7;2022;2.191,7
Jornada a tiempo completo;02 Aragón;7;2021;2.151,0
Jornada a tiempo completo;02 Aragón;7;2020;2.107,6
Jornada a tiempo completo;02 Aragón;7;2019;2.049,9
Jornada a tiempo completo;02 Aragón;7;2018;2.011,0
Jornada a tiempo completo;02 Aragón;7;2017;1.956,1
Jornada a tiempo completo;02 Aragón;7;2016;1.978,5
Jornada a tiempo completo;02 Aragón;7;2015;1.974,6
Jornada a tiempo completo;02 Aragón;7;2014;1.993,0
Jornada a tiempo completo;02 Aragón;7;2013;1.978,8
Jornada a tiempo completo;02 Aragón;7;2012;1.927,9
Jornada a tiempo completo;02 Aragón;7;2011;1.920,8
Jornada a tiempo completo;02 Aragón;7;2010;1.904,6
Jornada a tiempo completo;02 Aragón;7;2009;1.858,7
Jornada a tiempo completo;02 Aragón;7;2008;1.798,4
Jornada a tiempo completo;02 Aragón;7;2007;1.701,7
Jornada a tiempo completo;02 Aragón;7;2006;1.625,0
Jornada a tiempo completo;02 Aragón;8;2024;2.918,4
Jornada a tiempo completo;02 Aragón;8;2023;2.760,3
Jornada a tiempo completo;02 Aragón;8;2022;2.586,5
Jornada a tiempo completo;02 Aragón;8;2021;2.528,1
Jornada a tiempo completo;02 Aragón;8;2020;2.529,9
Jornada a tiempo completo;02 Aragón;8;2019;2.467,6
Jornada a tiempo completo;02 Aragón;8;2018;2.414,3
Jornada a tiempo completo;02 Aragón;8;2017;2.380,1
Jornada a tiempo completo;02 Aragón;8;2016;2.354,2
Jornada a tiempo completo;02 Aragón;8;2015;2.354,5
Jornada a tiempo completo;02 Aragón;8;2014;2.396,2
Jornada a tiempo completo;02 Aragón;8;2013;2.365,3
Jornada a tiempo completo;02 Aragón;8;2012;2.301,0
Jornada a tiempo completo;02 Aragón;8;2011;2.293,8
Jornada a tiempo completo;02 Aragón;8;2010;2.283,7
Jornada a tiempo completo;02 Aragón;8;2009;2.220,7
Jornada a tiempo completo;02 Aragón;8;2008;2.128,1
Jornada a tiempo completo;02 Aragón;8;2007;2.051,7
Jornada a tiempo completo;02 Aragón;8;2006;1.970,0
Jornada a tiempo completo;02 Aragón;9;2024;3.551,1
Jornada a tiempo completo;02 Aragón;9;2023;3.355,7
Jornada a tiempo completo;02 Aragón;9;2022;3.160,0
Jornada a tiempo completo;02 Aragón;9;2021;3.151,3
Jornada a tiempo completo;02 Aragón;9;2020;3.138,6
Jornada a tiempo completo;02 Aragón;9;2019;2.997,0
Jornada a tiempo completo;02 Aragón;9;2018;2.983,9
Jornada a tiempo completo;02 Aragón;9;2017;2.951,5
Jornada a tiempo completo;02 Aragón;9;2016;2.896,3
Jornada a tiempo completo;02 Aragón;9;2015;2.964,7
Jornada a tiempo completo;02 Aragón;9;2014;2.935,2
Jornada a tiempo completo;02 Aragón;9;2013;2.910,2
Jornada a tiempo completo;02 Aragón;9;2012;2.865,8
Jornada a tiempo completo;02 Aragón;9;2011;2.853,0
Jornada a tiempo completo;02 Aragón;9;2010;2.843,0
Jornada a tiempo completo;02 Aragón;9;2009;2.810,2
Jornada a tiempo completo;02 Aragón;9;2008;2.644,5
Jornada a tiempo completo;02 Aragón;9;2007;2.566,4
Jornada a tiempo completo;02 Aragón;9;2006;2.432,5
Jornada a tiempo completo;02 Aragón;10;2024;5.662,1
Jornada a tiempo completo;02 Aragón;10;2023;5.272,5
Jornada a tiempo completo;02 Aragón;10;2022;5.113,8
Jornada a tiempo completo;02 Aragón;10;2021;5.074,2
Jornada a tiempo completo;02 Aragón;10;2020;5.054,8
Jornada a tiempo completo;02 Aragón;10;2019;4.483,2
Jornada a tiempo completo;02 Aragón;10;2018;4.736,3
Jornada a tiempo completo;02 Aragón;10;2017;4.640,1
Jornada a tiempo completo;02 Aragón;10;2016;4.480,0
Jornada a tiempo completo;02 Aragón;10;2015;4.613,8
Jornada a tiempo completo;02 Aragón;10;2014;4.579,4
Jornada a tiempo completo;02 Aragón;10;2013;4.492,6
Jornada a tiempo completo;02 Aragón;10;2012;4.415,5
Jornada a tiempo completo;02 Aragón;10;2011;4.512,3
Jornada a tiempo completo;02 Aragón;10;2010;4.466,4
Jornada a tiempo completo;02 Aragón;10;2009;4.360,0
Jornada a tiempo completo;02 Aragón;10;2008;4.355,4
Jornada a tiempo completo;02 Aragón;10;2007;3.667,1
Jornada a tiempo completo;02 Aragón;10;2006;3.545,1
Jornada a tiempo completo;03 Asturias, Principado de;Total;2024;2.553,6
Jornada a tiempo completo;03 Asturias, Principado de;Total;2023;2.479,1
Jornada a tiempo completo;03 Asturias, Principado de;Total;2022;2.325,6
Jornada a tiempo completo;03 Asturias, Principado de;Total;2021;2.324,3
Jornada a tiempo completo;03 Asturias, Principado de;Total;2020;2.375,5
Jornada a tiempo completo;03 Asturias, Principado de;Total;2019;2.341,8
Jornada a tiempo completo;03 Asturias, Principado de;Total;2018;2.236,7
Jornada a tiempo completo;03 Asturias, Principado de;Total;2017;2.227,5
Jornada a tiempo completo;03 Asturias, Principado de;Total;2016;2.187,8
Jornada a tiempo completo;03 Asturias, Principado de;Total;2015;2.178,8
Jornada a tiempo completo;03 Asturias, Principado de;Total;2014;2.121,5
Jornada a tiempo completo;03 Asturias, Principado de;Total;2013;2.243,5
Jornada a tiempo completo;03 Asturias, Principado de;Total;2012;2.087,1
Jornada a tiempo completo;03 Asturias, Principado de;Total;2011;2.125,0
Jornada a tiempo completo;03 Asturias, Principado de;Total;2010;2.078,8
Jornada a tiempo completo;03 Asturias, Principado de;Total;2009;1.993,4
Jornada a tiempo completo;03 Asturias, Principado de;Total;2008;1.898,3
Jornada a tiempo completo;03 Asturias, Principado de;Total;2007;1.845,5
Jornada a tiempo completo;03 Asturias, Principado de;Total;2006;1.733,4
Jornada a tiempo completo;03 Asturias, Principado de;1;2024;991,1
Jornada a tiempo completo;03 Asturias, Principado de;1;2023;930,6
Jornada a tiempo completo;03 Asturias, Principado de;1;2022;837,7
Jornada a tiempo completo;03 Asturias, Principado de;1;2021;753,0
Jornada a tiempo completo;03 Asturias, Principado de;1;2020;727,9
Jornada a tiempo completo;03 Asturias, Principado de;1;2019;713,1
Jornada a tiempo completo;03 Asturias, Principado de;1;2018;655,2
Jornada a tiempo completo;03 Asturias, Principado de;1;2017;627,4
Jornada a tiempo completo;03 Asturias, Principado de;1;2016;651,1
Jornada a tiempo completo;03 Asturias, Principado de;1;2015;616,5
Jornada a tiempo completo;03 Asturias, Principado de;1;2014;587,9
Jornada a tiempo completo;03 Asturias, Principado de;1;2013;536,6
Jornada a tiempo completo;03 Asturias, Principado de;1;2012;570,8
Jornada a tiempo completo;03 Asturias, Principado de;1;2011;659,9
Jornada a tiempo completo;03 Asturias, Principado de;1;2010;635,2
Jornada a tiempo completo;03 Asturias, Principado de;1;2009;627,9
Jornada a tiempo completo;03 Asturias, Principado de;1;2008;654,6
Jornada a tiempo completo;03 Asturias, Principado de;1;2007;609,5
Jornada a tiempo completo;03 Asturias, Principado de;1;2006;613,4
Jornada a tiempo completo;03 Asturias, Principado de;2;2024;1.318,2
Jornada a tiempo completo;03 Asturias, Principado de;2;2023;1.238,8
Jornada a tiempo completo;03 Asturias, Principado de;2;2022;1.158,2
Jornada a tiempo completo;03 Asturias, Principado de;2;2021;1.060,5
Jornada a tiempo completo;03 Asturias, Principado de;2;2020;1.033,5
Jornada a tiempo completo;03 Asturias, Principado de;2;2019;1.017,5
Jornada a tiempo completo;03 Asturias, Principado de;2;2018;923,0
Jornada a tiempo completo;03 Asturias, Principado de;2;2017;842,4
Jornada a tiempo completo;03 Asturias, Principado de;2;2016;853,2
Jornada a tiempo completo;03 Asturias, Principado de;2;2015;856,2
Jornada a tiempo completo;03 Asturias, Principado de;2;2014;826,5
Jornada a tiempo completo;03 Asturias, Principado de;2;2013;821,7
Jornada a tiempo completo;03 Asturias, Principado de;2;2012;871,0
Jornada a tiempo completo;03 Asturias, Principado de;2;2011;889,9
Jornada a tiempo completo;03 Asturias, Principado de;2;2010;937,1
Jornada a tiempo completo;03 Asturias, Principado de;2;2009;905,9
Jornada a tiempo completo;03 Asturias, Principado de;2;2008;906,8
Jornada a tiempo completo;03 Asturias, Principado de;2;2007;870,3
Jornada a tiempo completo;03 Asturias, Principado de;2;2006;807,3
Jornada a tiempo completo;03 Asturias, Principado de;3;2024;1.483,8
Jornada a tiempo completo;03 Asturias, Principado de;3;2023;1.424,8
Jornada a tiempo completo;03 Asturias, Principado de;3;2022;1.344,4
Jornada a tiempo completo;03 Asturias, Principado de;3;2021;1.251,2
Jornada a tiempo completo;03 Asturias, Principado de;3;2020;1.243,5
Jornada a tiempo completo;03 Asturias, Principado de;3;2019;1.232,6
Jornada a tiempo completo;03 Asturias, Principado de;3;2018;1.150,0
Jornada a tiempo completo;03 Asturias, Principado de;3;2017;1.120,2
Jornada a tiempo completo;03 Asturias, Principado de;3;2016;1.130,7
Jornada a tiempo completo;03 Asturias, Principado de;3;2015;1.091,1
Jornada a tiempo completo;03 Asturias, Principado de;3;2014;1.089,2
Jornada a tiempo completo;03 Asturias, Principado de;3;2013;1.106,7
Jornada a tiempo completo;03 Asturias, Principado de;3;2012;1.127,6
Jornada a tiempo completo;03 Asturias, Principado de;3;2011;1.126,4
Jornada a tiempo completo;03 Asturias, Principado de;3;2010;1.147,0
Jornada a tiempo completo;03 Asturias, Principado de;3;2009;1.120,2
Jornada a tiempo completo;03 Asturias, Principado de;3;2008;1.117,0
Jornada a tiempo completo;03 Asturias, Principado de;3;2007;1.062,4
Jornada a tiempo completo;03 Asturias, Principado de;3;2006;1.013,6
Jornada a tiempo completo;03 Asturias, Principado de;4;2024;1.678,3
Jornada a tiempo completo;03 Asturias, Principado de;4;2023;1.622,7
Jornada a tiempo completo;03 Asturias, Principado de;4;2022;1.529,7
Jornada a tiempo completo;03 Asturias, Principado de;4;2021;1.456,3
Jornada a tiempo completo;03 Asturias, Principado de;4;2020;1.430,4
Jornada a tiempo completo;03 Asturias, Principado de;4;2019;1.410,7
Jornada a tiempo completo;03 Asturias, Principado de;4;2018;1.349,3
Jornada a tiempo completo;03 Asturias, Principado de;4;2017;1.315,8
Jornada a tiempo completo;03 Asturias, Principado de;4;2016;1.321,3
Jornada a tiempo completo;03 Asturias, Principado de;4;2015;1.303,6
Jornada a tiempo completo;03 Asturias, Principado de;4;2014;1.313,6
Jornada a tiempo completo;03 Asturias, Principado de;4;2013;1.317,2
Jornada a tiempo completo;03 Asturias, Principado de;4;2012;1.334,2
Jornada a tiempo completo;03 Asturias, Principado de;4;2011;1.321,8
Jornada a tiempo completo;03 Asturias, Principado de;4;2010;1.314,6
Jornada a tiempo completo;03 Asturias, Principado de;4;2009;1.285,1
Jornada a tiempo completo;03 Asturias, Principado de;4;2008;1.260,5
Jornada a tiempo completo;03 Asturias, Principado de;4;2007;1.192,6
Jornada a tiempo completo;03 Asturias, Principado de;4;2006;1.138,6
Jornada a tiempo completo;03 Asturias, Principado de;5;2024;1.900,2
Jornada a tiempo completo;03 Asturias, Principado de;5;2023;1.828,6
Jornada a tiempo completo;03 Asturias, Principado de;5;2022;1.705,2
Jornada a tiempo completo;03 Asturias, Principado de;5;2021;1.668,8
Jornada a tiempo completo;03 Asturias, Principado de;5;2020;1.615,5
Jornada a tiempo completo;03 Asturias, Principado de;5;2019;1.587,8
Jornada a tiempo completo;03 Asturias, Principado de;5;2018;1.551,7
Jornada a tiempo completo;03 Asturias, Principado de;5;2017;1.504,3
Jornada a tiempo completo;03 Asturias, Principado de;5;2016;1.504,0
Jornada a tiempo completo;03 Asturias, Principado de;5;2015;1.494,9
Jornada a tiempo completo;03 Asturias, Principado de;5;2014;1.507,1
Jornada a tiempo completo;03 Asturias, Principado de;5;2013;1.505,9
Jornada a tiempo completo;03 Asturias, Principado de;5;2012;1.507,0
Jornada a tiempo completo;03 Asturias, Principado de;5;2011;1.483,9
Jornada a tiempo completo;03 Asturias, Principado de;5;2010;1.478,3
Jornada a tiempo completo;03 Asturias, Principado de;5;2009;1.452,8
Jornada a tiempo completo;03 Asturias, Principado de;5;2008;1.415,1
Jornada a tiempo completo;03 Asturias, Principado de;5;2007;1.343,5
Jornada a tiempo completo;03 Asturias, Principado de;5;2006;1.268,3
Jornada a tiempo completo;03 Asturias, Principado de;6;2024;2.130,7
Jornada a tiempo completo;03 Asturias, Principado de;6;2023;2.073,1
Jornada a tiempo completo;03 Asturias, Principado de;6;2022;1.922,8
Jornada a tiempo completo;03 Asturias, Principado de;6;2021;1.864,9
Jornada a tiempo completo;03 Asturias, Principado de;6;2020;1.828,4
Jornada a tiempo completo;03 Asturias, Principado de;6;2019;1.793,3
Jornada a tiempo completo;03 Asturias, Principado de;6;2018;1.740,8
Jornada a tiempo completo;03 Asturias, Principado de;6;2017;1.700,6
Jornada a tiempo completo;03 Asturias, Principado de;6;2016;1.699,8
Jornada a tiempo completo;03 Asturias, Principado de;6;2015;1.717,0
Jornada a tiempo completo;03 Asturias, Principado de;6;2014;1.721,3
Jornada a tiempo completo;03 Asturias, Principado de;6;2013;1.728,7
Jornada a tiempo completo;03 Asturias, Principado de;6;2012;1.673,3
Jornada a tiempo completo;03 Asturias, Principado de;6;2011;1.675,6
Jornada a tiempo completo;03 Asturias, Principado de;6;2010;1.669,5
Jornada a tiempo completo;03 Asturias, Principado de;6;2009;1.631,1
Jornada a tiempo completo;03 Asturias, Principado de;6;2008;1.581,1
Jornada a tiempo completo;03 Asturias, Principado de;6;2007;1.481,7
Jornada a tiempo completo;03 Asturias, Principado de;6;2006;1.423,8
Jornada a tiempo completo;03 Asturias, Principado de;7;2024;2.450,2
Jornada a tiempo completo;03 Asturias, Principado de;7;2023;2.364,7
Jornada a tiempo completo;03 Asturias, Principado de;7;2022;2.191,9
Jornada a tiempo completo;03 Asturias, Principado de;7;2021;2.136,9
Jornada a tiempo completo;03 Asturias, Principado de;7;2020;2.099,9
Jornada a tiempo completo;03 Asturias, Principado de;7;2019;2.067,6
Jornada a tiempo completo;03 Asturias, Principado de;7;2018;2.021,3
Jornada a tiempo completo;03 Asturias, Principado de;7;2017;1.972,9
Jornada a tiempo completo;03 Asturias, Principado de;7;2016;1.978,7
Jornada a tiempo completo;03 Asturias, Principado de;7;2015;1.962,8
Jornada a tiempo completo;03 Asturias, Principado de;7;2014;2.008,6
Jornada a tiempo completo;03 Asturias, Principado de;7;2013;1.957,9
Jornada a tiempo completo;03 Asturias, Principado de;7;2012;1.946,9
Jornada a tiempo completo;03 Asturias, Principado de;7;2011;1.934,4
Jornada a tiempo completo;03 Asturias, Principado de;7;2010;1.925,5
Jornada a tiempo completo;03 Asturias, Principado de;7;2009;1.861,8
Jornada a tiempo completo;03 Asturias, Principado de;7;2008;1.799,0
Jornada a tiempo completo;03 Asturias, Principado de;7;2007;1.701,5
Jornada a tiempo completo;03 Asturias, Principado de;7;2006;1.634,9
Jornada a tiempo completo;03 Asturias, Principado de;8;2024;2.908,2
Jornada a tiempo completo;03 Asturias, Principado de;8;2023;2.786,8
Jornada a tiempo completo;03 Asturias, Principado de;8;2022;2.585,5
Jornada a tiempo completo;03 Asturias, Principado de;8;2021;2.532,2
Jornada a tiempo completo;03 Asturias, Principado de;8;2020;2.542,1
Jornada a tiempo completo;03 Asturias, Principado de;8;2019;2.451,3
Jornada a tiempo completo;03 Asturias, Principado de;8;2018;2.430,9
Jornada a tiempo completo;03 Asturias, Principado de;8;2017;2.371,0
Jornada a tiempo completo;03 Asturias, Principado de;8;2016;2.353,8
Jornada a tiempo completo;03 Asturias, Principado de;8;2015;2.358,4
Jornada a tiempo completo;03 Asturias, Principado de;8;2014;2.375,8
Jornada a tiempo completo;03 Asturias, Principado de;8;2013;2.367,7
Jornada a tiempo completo;03 Asturias, Principado de;8;2012;2.298,1
Jornada a tiempo completo;03 Asturias, Principado de;8;2011;2.278,6
Jornada a tiempo completo;03 Asturias, Principado de;8;2010;2.289,4
Jornada a tiempo completo;03 Asturias, Principado de;8;2009;2.209,2
Jornada a tiempo completo;03 Asturias, Principado de;8;2008;2.132,5
Jornada a tiempo completo;03 Asturias, Principado de;8;2007;2.018,6
Jornada a tiempo completo;03 Asturias, Principado de;8;2006;1.950,8
Jornada a tiempo completo;03 Asturias, Principado de;9;2024;3.601,3
Jornada a tiempo completo;03 Asturias, Principado de;9;2023;3.414,5
Jornada a tiempo completo;03 Asturias, Principado de;9;2022;3.172,5
Jornada a tiempo completo;03 Asturias, Principado de;9;2021;3.163,6
Jornada a tiempo completo;03 Asturias, Principado de;9;2020;3.140,0
Jornada a tiempo completo;03 Asturias, Principado de;9;2019;3.038,2
Jornada a tiempo completo;03 Asturias, Principado de;9;2018;2.996,3
Jornada a tiempo completo;03 Asturias, Principado de;9;2017;2.946,6
Jornada a tiempo completo;03 Asturias, Principado de;9;2016;2.919,3
Jornada a tiempo completo;03 Asturias, Principado de;9;2015;2.932,1
Jornada a tiempo completo;03 Asturias, Principado de;9;2014;2.940,8
Jornada a tiempo completo;03 Asturias, Principado de;9;2013;2.952,9
Jornada a tiempo completo;03 Asturias, Principado de;9;2012;2.863,7
Jornada a tiempo completo;03 Asturias, Principado de;9;2011;2.867,3
Jornada a tiempo completo;03 Asturias, Principado de;9;2010;2.807,9
Jornada a tiempo completo;03 Asturias, Principado de;9;2009;2.807,5
Jornada a tiempo completo;03 Asturias, Principado de;9;2008;2.679,7
Jornada a tiempo completo;03 Asturias, Principado de;9;2007;2.595,2
Jornada a tiempo completo;03 Asturias, Principado de;9;2006;2.475,0
Jornada a tiempo completo;03 Asturias, Principado de;10;2024;5.343,9
Jornada a tiempo completo;03 Asturias, Principado de;10;2023;5.364,9
Jornada a tiempo completo;03 Asturias, Principado de;10;2022;5.221,8
Jornada a tiempo completo;03 Asturias, Principado de;10;2021;4.802,6
Jornada a tiempo completo;03 Asturias, Principado de;10;2020;4.946,8
Jornada a tiempo completo;03 Asturias, Principado de;10;2019;4.497,3
Jornada a tiempo completo;03 Asturias, Principado de;10;2018;4.679,4
Jornada a tiempo completo;03 Asturias, Principado de;10;2017;4.681,7
Jornada a tiempo completo;03 Asturias, Principado de;10;2016;4.488,1
Jornada a tiempo completo;03 Asturias, Principado de;10;2015;4.348,8
Jornada a tiempo completo;03 Asturias, Principado de;10;2014;4.474,0
Jornada a tiempo completo;03 Asturias, Principado de;10;2013;4.388,6
Jornada a tiempo completo;03 Asturias, Principado de;10;2012;4.237,1
Jornada a tiempo completo;03 Asturias, Principado de;10;2011;4.385,8
Jornada a tiempo completo;03 Asturias, Principado de;10;2010;4.408,0
Jornada a tiempo completo;03 Asturias, Principado de;10;2009;4.195,4
Jornada a tiempo completo;03 Asturias, Principado de;10;2008;4.132,3
Jornada a tiempo completo;03 Asturias, Principado de;10;2007;3.588,2
Jornada a tiempo completo;03 Asturias, Principado de;10;2006;3.550,8
Jornada a tiempo completo;04 Balears, Illes;Total;2024;2.518,6
Jornada a tiempo completo;04 Balears, Illes;Total;2023;2.396,9
Jornada a tiempo completo;04 Balears, Illes;Total;2022;2.425,0
Jornada a tiempo completo;04 Balears, Illes;Total;2021;2.259,9
Jornada a tiempo completo;04 Balears, Illes;Total;2020;2.000,3
Jornada a tiempo completo;04 Balears, Illes;Total;2019;2.125,0
Jornada a tiempo completo;04 Balears, Illes;Total;2018;2.043,3
Jornada a tiempo completo;04 Balears, Illes;Total;2017;1.925,5
Jornada a tiempo completo;04 Balears, Illes;Total;2016;1.946,9
Jornada a tiempo completo;04 Balears, Illes;Total;2015;1.936,2
Jornada a tiempo completo;04 Balears, Illes;Total;2014;1.880,7
Jornada a tiempo completo;04 Balears, Illes;Total;2013;1.968,4
Jornada a tiempo completo;04 Balears, Illes;Total;2012;1.872,7
Jornada a tiempo completo;04 Balears, Illes;Total;2011;1.901,1
Jornada a tiempo completo;04 Balears, Illes;Total;2010;1.885,7
Jornada a tiempo completo;04 Balears, Illes;Total;2009;1.860,8
Jornada a tiempo completo;04 Balears, Illes;Total;2008;1.718,9
Jornada a tiempo completo;04 Balears, Illes;Total;2007;1.727,0
Jornada a tiempo completo;04 Balears, Illes;Total;2006;1.553,6
Jornada a tiempo completo;04 Balears, Illes;1;2024;989,3
Jornada a tiempo completo;04 Balears, Illes;1;2023;862,6
Jornada a tiempo completo;04 Balears, Illes;1;2022;931,8
Jornada a tiempo completo;04 Balears, Illes;1;2021;775,6
Jornada a tiempo completo;04 Balears, Illes;1;2020;690,0
Jornada a tiempo completo;04 Balears, Illes;1;2019;766,0
Jornada a tiempo completo;04 Balears, Illes;1;2018;..
Jornada a tiempo completo;04 Balears, Illes;1;2017;601,7
Jornada a tiempo completo;04 Balears, Illes;1;2016;670,7
Jornada a tiempo completo;04 Balears, Illes;1;2015;552,0
Jornada a tiempo completo;04 Balears, Illes;1;2014;540,0
Jornada a tiempo completo;04 Balears, Illes;1;2013;567,8
Jornada a tiempo completo;04 Balears, Illes;1;2012;582,0
Jornada a tiempo completo;04 Balears, Illes;1;2011;659,8
Jornada a tiempo completo;04 Balears, Illes;1;2010;636,4
Jornada a tiempo completo;04 Balears, Illes;1;2009;664,0
Jornada a tiempo completo;04 Balears, Illes;1;2008;706,3
Jornada a tiempo completo;04 Balears, Illes;1;2007;628,5
Jornada a tiempo completo;04 Balears, Illes;1;2006;591,3
Jornada a tiempo completo;04 Balears, Illes;2;2024;1.303,8
Jornada a tiempo completo;04 Balears, Illes;2;2023;1.223,5
Jornada a tiempo completo;04 Balears, Illes;2;2022;1.158,4
Jornada a tiempo completo;04 Balears, Illes;2;2021;1.034,2
Jornada a tiempo completo;04 Balears, Illes;2;2020;1.025,7
Jornada a tiempo completo;04 Balears, Illes;2;2019;1.024,4
Jornada a tiempo completo;04 Balears, Illes;2;2018;932,0
Jornada a tiempo completo;04 Balears, Illes;2;2017;863,1
Jornada a tiempo completo;04 Balears, Illes;2;2016;866,9
Jornada a tiempo completo;04 Balears, Illes;2;2015;846,2
Jornada a tiempo completo;04 Balears, Illes;2;2014;851,1
Jornada a tiempo completo;04 Balears, Illes;2;2013;823,8
Jornada a tiempo completo;04 Balears, Illes;2;2012;837,3
Jornada a tiempo completo;04 Balears, Illes;2;2011;909,1
Jornada a tiempo completo;04 Balears, Illes;2;2010;899,4
Jornada a tiempo completo;04 Balears, Illes;2;2009;887,7
Jornada a tiempo completo;04 Balears, Illes;2;2008;896,3
Jornada a tiempo completo;04 Balears, Illes;2;2007;838,2
Jornada a tiempo completo;04 Balears, Illes;2;2006;802,6
Jornada a tiempo completo;04 Balears, Illes;3;2024;1.483,9
Jornada a tiempo completo;04 Balears, Illes;3;2023;1.438,6
Jornada a tiempo completo;04 Balears, Illes;3;2022;1.343,3
Jornada a tiempo completo;04 Balears, Illes;3;2021;1.259,7
Jornada a tiempo completo;04 Balears, Illes;3;2020;1.243,8
Jornada a tiempo completo;04 Balears, Illes;3;2019;1.241,7
Jornada a tiempo completo;04 Balears, Illes;3;2018;1.180,2
Jornada a tiempo completo;04 Balears, Illes;3;2017;1.119,3
Jornada a tiempo completo;04 Balears, Illes;3;2016;1.138,8
Jornada a tiempo completo;04 Balears, Illes;3;2015;1.123,0
Jornada a tiempo completo;04 Balears, Illes;3;2014;1.114,8
Jornada a tiempo completo;04 Balears, Illes;3;2013;1.119,9
Jornada a tiempo completo;04 Balears, Illes;3;2012;1.114,2
Jornada a tiempo completo;04 Balears, Illes;3;2011;1.150,3
Jornada a tiempo completo;04 Balears, Illes;3;2010;1.155,7
Jornada a tiempo completo;04 Balears, Illes;3;2009;1.134,7
Jornada a tiempo completo;04 Balears, Illes;3;2008;1.117,7
Jornada a tiempo completo;04 Balears, Illes;3;2007;1.070,6
Jornada a tiempo completo;04 Balears, Illes;3;2006;1.011,4
Jornada a tiempo completo;04 Balears, Illes;4;2024;1.683,0
Jornada a tiempo completo;04 Balears, Illes;4;2023;1.632,6
Jornada a tiempo completo;04 Balears, Illes;4;2022;1.526,2
Jornada a tiempo completo;04 Balears, Illes;4;2021;1.451,4
Jornada a tiempo completo;04 Balears, Illes;4;2020;1.430,6
Jornada a tiempo completo;04 Balears, Illes;4;2019;1.419,2
Jornada a tiempo completo;04 Balears, Illes;4;2018;1.357,4
Jornada a tiempo completo;04 Balears, Illes;4;2017;1.321,9
Jornada a tiempo completo;04 Balears, Illes;4;2016;1.335,1
Jornada a tiempo completo;04 Balears, Illes;4;2015;1.303,7
Jornada a tiempo completo;04 Balears, Illes;4;2014;1.330,2
Jornada a tiempo completo;04 Balears, Illes;4;2013;1.316,3
Jornada a tiempo completo;04 Balears, Illes;4;2012;1.328,8
Jornada a tiempo completo;04 Balears, Illes;4;2011;1.307,7
Jornada a tiempo completo;04 Balears, Illes;4;2010;1.324,3
Jornada a tiempo completo;04 Balears, Illes;4;2009;1.297,4
Jornada a tiempo completo;04 Balears, Illes;4;2008;1.271,5
Jornada a tiempo completo;04 Balears, Illes;4;2007;1.206,3
Jornada a tiempo completo;04 Balears, Illes;4;2006;1.142,6
Jornada a tiempo completo;04 Balears, Illes;5;2024;1.903,9
Jornada a tiempo completo;04 Balears, Illes;5;2023;1.839,5
Jornada a tiempo completo;04 Balears, Illes;5;2022;1.727,2
Jornada a tiempo completo;04 Balears, Illes;5;2021;1.668,2
Jornada a tiempo completo;04 Balears, Illes;5;2020;1.603,5
Jornada a tiempo completo;04 Balears, Illes;5;2019;1.603,3
Jornada a tiempo completo;04 Balears, Illes;5;2018;1.558,3
Jornada a tiempo completo;04 Balears, Illes;5;2017;1.498,8
Jornada a tiempo completo;04 Balears, Illes;5;2016;1.504,2
Jornada a tiempo completo;04 Balears, Illes;5;2015;1.497,3
Jornada a tiempo completo;04 Balears, Illes;5;2014;1.502,3
Jornada a tiempo completo;04 Balears, Illes;5;2013;1.500,4
Jornada a tiempo completo;04 Balears, Illes;5;2012;1.481,7
Jornada a tiempo completo;04 Balears, Illes;5;2011;1.476,1
Jornada a tiempo completo;04 Balears, Illes;5;2010;1.471,9
Jornada a tiempo completo;04 Balears, Illes;5;2009;1.437,6
Jornada a tiempo completo;04 Balears, Illes;5;2008;1.412,6
Jornada a tiempo completo;04 Balears, Illes;5;2007;1.330,9
Jornada a tiempo completo;04 Balears, Illes;5;2006;1.261,5
Jornada a tiempo completo;04 Balears, Illes;6;2024;2.109,6
Jornada a tiempo completo;04 Balears, Illes;6;2023;2.040,8
Jornada a tiempo completo;04 Balears, Illes;6;2022;1.922,4
Jornada a tiempo completo;04 Balears, Illes;6;2021;1.884,0
Jornada a tiempo completo;04 Balears, Illes;6;2020;1.826,2
Jornada a tiempo completo;04 Balears, Illes;6;2019;1.796,6
Jornada a tiempo completo;04 Balears, Illes;6;2018;1.755,9
Jornada a tiempo completo;04 Balears, Illes;6;2017;1.696,8
Jornada a tiempo completo;04 Balears, Illes;6;2016;1.684,7
Jornada a tiempo completo;04 Balears, Illes;6;2015;1.692,8
Jornada a tiempo completo;04 Balears, Illes;6;2014;1.714,2
Jornada a tiempo completo;04 Balears, Illes;6;2013;1.698,4
Jornada a tiempo completo;04 Balears, Illes;6;2012;1.675,2
Jornada a tiempo completo;04 Balears, Illes;6;2011;1.685,2
Jornada a tiempo completo;04 Balears, Illes;6;2010;1.660,2
Jornada a tiempo completo;04 Balears, Illes;6;2009;1.618,9
Jornada a tiempo completo;04 Balears, Illes;6;2008;1.574,7
Jornada a tiempo completo;04 Balears, Illes;6;2007;1.490,2
Jornada a tiempo completo;04 Balears, Illes;6;2006;1.417,1
Jornada a tiempo completo;04 Balears, Illes;7;2024;2.444,0
Jornada a tiempo completo;04 Balears, Illes;7;2023;2.345,6
Jornada a tiempo completo;04 Balears, Illes;7;2022;2.176,8
Jornada a tiempo completo;04 Balears, Illes;7;2021;2.152,0
Jornada a tiempo completo;04 Balears, Illes;7;2020;2.093,6
Jornada a tiempo completo;04 Balears, Illes;7;2019;2.065,2
Jornada a tiempo completo;04 Balears, Illes;7;2018;1.999,7
Jornada a tiempo completo;04 Balears, Illes;7;2017;1.941,8
Jornada a tiempo completo;04 Balears, Illes;7;2016;1.948,0
Jornada a tiempo completo;04 Balears, Illes;7;2015;1.943,2
Jornada a tiempo completo;04 Balears, Illes;7;2014;1.981,7
Jornada a tiempo completo;04 Balears, Illes;7;2013;1.975,6
Jornada a tiempo completo;04 Balears, Illes;7;2012;1.947,0
Jornada a tiempo completo;04 Balears, Illes;7;2011;1.928,3
Jornada a tiempo completo;04 Balears, Illes;7;2010;1.924,4
Jornada a tiempo completo;04 Balears, Illes;7;2009;1.870,4
Jornada a tiempo completo;04 Balears, Illes;7;2008;1.798,7
Jornada a tiempo completo;04 Balears, Illes;7;2007;1.682,0
Jornada a tiempo completo;04 Balears, Illes;7;2006;1.627,8
Jornada a tiempo completo;04 Balears, Illes;8;2024;2.888,8
Jornada a tiempo completo;04 Balears, Illes;8;2023;2.779,1
Jornada a tiempo completo;04 Balears, Illes;8;2022;2.561,7
Jornada a tiempo completo;04 Balears, Illes;8;2021;2.553,1
Jornada a tiempo completo;04 Balears, Illes;8;2020;2.552,0
Jornada a tiempo completo;04 Balears, Illes;8;2019;2.469,4
Jornada a tiempo completo;04 Balears, Illes;8;2018;2.433,0
Jornada a tiempo completo;04 Balears, Illes;8;2017;2.364,9
Jornada a tiempo completo;04 Balears, Illes;8;2016;2.343,8
Jornada a tiempo completo;04 Balears, Illes;8;2015;2.372,4
Jornada a tiempo completo;04 Balears, Illes;8;2014;2.388,5
Jornada a tiempo completo;04 Balears, Illes;8;2013;2.368,0
Jornada a tiempo completo;04 Balears, Illes;8;2012;2.327,4
Jornada a tiempo completo;04 Balears, Illes;8;2011;2.305,6
Jornada a tiempo completo;04 Balears, Illes;8;2010;2.300,8
Jornada a tiempo completo;04 Balears, Illes;8;2009;2.214,6
Jornada a tiempo completo;04 Balears, Illes;8;2008;2.136,5
Jornada a tiempo completo;04 Balears, Illes;8;2007;2.028,8
Jornada a tiempo completo;04 Balears, Illes;8;2006;1.954,5
Jornada a tiempo completo;04 Balears, Illes;9;2024;3.541,7
Jornada a tiempo completo;04 Balears, Illes;9;2023;3.389,7
Jornada a tiempo completo;04 Balears, Illes;9;2022;3.207,0
Jornada a tiempo completo;04 Balears, Illes;9;2021;3.173,8
Jornada a tiempo completo;04 Balears, Illes;9;2020;3.190,0
Jornada a tiempo completo;04 Balears, Illes;9;2019;3.034,1
Jornada a tiempo completo;04 Balears, Illes;9;2018;3.020,8
Jornada a tiempo completo;04 Balears, Illes;9;2017;2.882,0
Jornada a tiempo completo;04 Balears, Illes;9;2016;2.943,1
Jornada a tiempo completo;04 Balears, Illes;9;2015;2.967,0
Jornada a tiempo completo;04 Balears, Illes;9;2014;2.957,8
Jornada a tiempo completo;04 Balears, Illes;9;2013;2.894,9
Jornada a tiempo completo;04 Balears, Illes;9;2012;2.793,4
Jornada a tiempo completo;04 Balears, Illes;9;2011;2.799,3
Jornada a tiempo completo;04 Balears, Illes;9;2010;2.808,4
Jornada a tiempo completo;04 Balears, Illes;9;2009;2.797,6
Jornada a tiempo completo;04 Balears, Illes;9;2008;2.679,7
Jornada a tiempo completo;04 Balears, Illes;9;2007;2.607,3
Jornada a tiempo completo;04 Balears, Illes;9;2006;2.447,6
Jornada a tiempo completo;04 Balears, Illes;10;2024;5.775,0
Jornada a tiempo completo;04 Balears, Illes;10;2023;5.393,0
Jornada a tiempo completo;04 Balears, Illes;10;2022;5.308,2
Jornada a tiempo completo;04 Balears, Illes;10;2021;5.210,9
Jornada a tiempo completo;04 Balears, Illes;10;2020;4.652,7
Jornada a tiempo completo;04 Balears, Illes;10;2019;5.077,2
Jornada a tiempo completo;04 Balears, Illes;10;2018;4.644,7
Jornada a tiempo completo;04 Balears, Illes;10;2017;4.780,7
Jornada a tiempo completo;04 Balears, Illes;10;2016;4.416,2
Jornada a tiempo completo;04 Balears, Illes;10;2015;4.570,3
Jornada a tiempo completo;04 Balears, Illes;10;2014;4.467,4
Jornada a tiempo completo;04 Balears, Illes;10;2013;4.552,7
Jornada a tiempo completo;04 Balears, Illes;10;2012;4.526,3
Jornada a tiempo completo;04 Balears, Illes;10;2011;4.499,1
Jornada a tiempo completo;04 Balears, Illes;10;2010;4.189,4
Jornada a tiempo completo;04 Balears, Illes;10;2009;4.370,8
Jornada a tiempo completo;04 Balears, Illes;10;2008;4.336,5
Jornada a tiempo completo;04 Balears, Illes;10;2007;3.718,7
Jornada a tiempo completo;04 Balears, Illes;10;2006;3.455,2
Jornada a tiempo completo;05 Canarias;Total;2024;2.189,0
Jornada a tiempo completo;05 Canarias;Total;2023;2.160,3
Jornada a tiempo completo;05 Canarias;Total;2022;2.054,2
Jornada a tiempo completo;05 Canarias;Total;2021;2.116,5
Jornada a tiempo completo;05 Canarias;Total;2020;1.959,6
Jornada a tiempo completo;05 Canarias;Total;2019;1.907,8
Jornada a tiempo completo;05 Canarias;Total;2018;1.820,9
Jornada a tiempo completo;05 Canarias;Total;2017;1.786,4
Jornada a tiempo completo;05 Canarias;Total;2016;1.795,0
Jornada a tiempo completo;05 Canarias;Total;2015;1.769,1
Jornada a tiempo completo;05 Canarias;Total;2014;1.834,6
Jornada a tiempo completo;05 Canarias;Total;2013;1.850,5
Jornada a tiempo completo;05 Canarias;Total;2012;1.818,5
Jornada a tiempo completo;05 Canarias;Total;2011;1.790,5
Jornada a tiempo completo;05 Canarias;Total;2010;1.767,7
Jornada a tiempo completo;05 Canarias;Total;2009;1.786,0
Jornada a tiempo completo;05 Canarias;Total;2008;1.677,9
Jornada a tiempo completo;05 Canarias;Total;2007;1.520,1
Jornada a tiempo completo;05 Canarias;Total;2006;1.508,5
Jornada a tiempo completo;05 Canarias;1;2024;1.011,7
Jornada a tiempo completo;05 Canarias;1;2023;914,1
Jornada a tiempo completo;05 Canarias;1;2022;871,0
Jornada a tiempo completo;05 Canarias;1;2021;754,9
Jornada a tiempo completo;05 Canarias;1;2020;738,8
Jornada a tiempo completo;05 Canarias;1;2019;763,5
Jornada a tiempo completo;05 Canarias;1;2018;646,3
Jornada a tiempo completo;05 Canarias;1;2017;630,2
Jornada a tiempo completo;05 Canarias;1;2016;632,9
Jornada a tiempo completo;05 Canarias;1;2015;602,2
Jornada a tiempo completo;05 Canarias;1;2014;610,0
Jornada a tiempo completo;05 Canarias;1;2013;565,8
Jornada a tiempo completo;05 Canarias;1;2012;584,8
Jornada a tiempo completo;05 Canarias;1;2011;614,6
Jornada a tiempo completo;05 Canarias;1;2010;623,1
Jornada a tiempo completo;05 Canarias;1;2009;628,0
Jornada a tiempo completo;05 Canarias;1;2008;652,5
Jornada a tiempo completo;05 Canarias;1;2007;621,4
Jornada a tiempo completo;05 Canarias;1;2006;576,9
Jornada a tiempo completo;05 Canarias;2;2024;1.310,0
Jornada a tiempo completo;05 Canarias;2;2023;1.240,9
Jornada a tiempo completo;05 Canarias;2;2022;1.150,0
Jornada a tiempo completo;05 Canarias;2;2021;1.080,1
Jornada a tiempo completo;05 Canarias;2;2020;1.023,6
Jornada a tiempo completo;05 Canarias;2;2019;1.035,9
Jornada a tiempo completo;05 Canarias;2;2018;937,1
Jornada a tiempo completo;05 Canarias;2;2017;886,0
Jornada a tiempo completo;05 Canarias;2;2016;885,7
Jornada a tiempo completo;05 Canarias;2;2015;848,2
Jornada a tiempo completo;05 Canarias;2;2014;850,7
Jornada a tiempo completo;05 Canarias;2;2013;853,3
Jornada a tiempo completo;05 Canarias;2;2012;879,5
Jornada a tiempo completo;05 Canarias;2;2011;886,5
Jornada a tiempo completo;05 Canarias;2;2010;895,4
Jornada a tiempo completo;05 Canarias;2;2009;883,9
Jornada a tiempo completo;05 Canarias;2;2008;896,5
Jornada a tiempo completo;05 Canarias;2;2007;855,2
Jornada a tiempo completo;05 Canarias;2;2006;801,1
Jornada a tiempo completo;05 Canarias;3;2024;1.484,1
Jornada a tiempo completo;05 Canarias;3;2023;1.437,0
Jornada a tiempo completo;05 Canarias;3;2022;1.333,1
Jornada a tiempo completo;05 Canarias;3;2021;1.251,9
Jornada a tiempo completo;05 Canarias;3;2020;1.243,9
Jornada a tiempo completo;05 Canarias;3;2019;1.213,9
Jornada a tiempo completo;05 Canarias;3;2018;1.161,3
Jornada a tiempo completo;05 Canarias;3;2017;1.116,4
Jornada a tiempo completo;05 Canarias;3;2016;1.107,3
Jornada a tiempo completo;05 Canarias;3;2015;1.110,0
Jornada a tiempo completo;05 Canarias;3;2014;1.101,0
Jornada a tiempo completo;05 Canarias;3;2013;1.108,6
Jornada a tiempo completo;05 Canarias;3;2012;1.114,8
Jornada a tiempo completo;05 Canarias;3;2011;1.118,5
Jornada a tiempo completo;05 Canarias;3;2010;1.140,8
Jornada a tiempo completo;05 Canarias;3;2009;1.105,7
Jornada a tiempo completo;05 Canarias;3;2008;1.104,8
Jornada a tiempo completo;05 Canarias;3;2007;1.062,5
Jornada a tiempo completo;05 Canarias;3;2006;1.005,4
Jornada a tiempo completo;05 Canarias;4;2024;1.685,0
Jornada a tiempo completo;05 Canarias;4;2023;1.640,9
Jornada a tiempo completo;05 Canarias;4;2022;1.526,2
Jornada a tiempo completo;05 Canarias;4;2021;1.457,9
Jornada a tiempo completo;05 Canarias;4;2020;1.415,2
Jornada a tiempo completo;05 Canarias;4;2019;1.412,5
Jornada a tiempo completo;05 Canarias;4;2018;1.352,2
Jornada a tiempo completo;05 Canarias;4;2017;1.328,4
Jornada a tiempo completo;05 Canarias;4;2016;1.331,7
Jornada a tiempo completo;05 Canarias;4;2015;1.313,2
Jornada a tiempo completo;05 Canarias;4;2014;1.306,6
Jornada a tiempo completo;05 Canarias;4;2013;1.315,2
Jornada a tiempo completo;05 Canarias;4;2012;1.319,5
Jornada a tiempo completo;05 Canarias;4;2011;1.310,6
Jornada a tiempo completo;05 Canarias;4;2010;1.308,3
Jornada a tiempo completo;05 Canarias;4;2009;1.287,1
Jornada a tiempo completo;05 Canarias;4;2008;1.263,2
Jornada a tiempo completo;05 Canarias;4;2007;1.209,6
Jornada a tiempo completo;05 Canarias;4;2006;1.145,8
Jornada a tiempo completo;05 Canarias;5;2024;1.887,4
Jornada a tiempo completo;05 Canarias;5;2023;1.833,8
Jornada a tiempo completo;05 Canarias;5;2022;1.711,8
Jornada a tiempo completo;05 Canarias;5;2021;1.647,1
Jornada a tiempo completo;05 Canarias;5;2020;1.619,3
Jornada a tiempo completo;05 Canarias;5;2019;1.598,5
Jornada a tiempo completo;05 Canarias;5;2018;1.541,4
Jornada a tiempo completo;05 Canarias;5;2017;1.512,3
Jornada a tiempo completo;05 Canarias;5;2016;1.503,4
Jornada a tiempo completo;05 Canarias;5;2015;1.494,1
Jornada a tiempo completo;05 Canarias;5;2014;1.508,7
Jornada a tiempo completo;05 Canarias;5;2013;1.496,9
Jornada a tiempo completo;05 Canarias;5;2012;1.481,5
Jornada a tiempo completo;05 Canarias;5;2011;1.492,8
Jornada a tiempo completo;05 Canarias;5;2010;1.484,3
Jornada a tiempo completo;05 Canarias;5;2009;1.443,6
Jornada a tiempo completo;05 Canarias;5;2008;1.410,1
Jornada a tiempo completo;05 Canarias;5;2007;1.335,9
Jornada a tiempo completo;05 Canarias;5;2006;1.267,5
Jornada a tiempo completo;05 Canarias;6;2024;2.123,3
Jornada a tiempo completo;05 Canarias;6;2023;2.045,4
Jornada a tiempo completo;05 Canarias;6;2022;1.894,8
Jornada a tiempo completo;05 Canarias;6;2021;1.882,6
Jornada a tiempo completo;05 Canarias;6;2020;1.798,9
Jornada a tiempo completo;05 Canarias;6;2019;1.782,8
Jornada a tiempo completo;05 Canarias;6;2018;1.739,9
Jornada a tiempo completo;05 Canarias;6;2017;1.681,4
Jornada a tiempo completo;05 Canarias;6;2016;1.690,2
Jornada a tiempo completo;05 Canarias;6;2015;1.704,3
Jornada a tiempo completo;05 Canarias;6;2014;1.717,0
Jornada a tiempo completo;05 Canarias;6;2013;1.697,9
Jornada a tiempo completo;05 Canarias;6;2012;1.674,4
Jornada a tiempo completo;05 Canarias;6;2011;1.678,7
Jornada a tiempo completo;05 Canarias;6;2010;1.661,6
Jornada a tiempo completo;05 Canarias;6;2009;1.616,1
Jornada a tiempo completo;05 Canarias;6;2008;1.581,2
Jornada a tiempo completo;05 Canarias;6;2007;1.488,3
Jornada a tiempo completo;05 Canarias;6;2006;1.418,8
Jornada a tiempo completo;05 Canarias;7;2024;2.432,4
Jornada a tiempo completo;05 Canarias;7;2023;2.347,6
Jornada a tiempo completo;05 Canarias;7;2022;2.177,3
Jornada a tiempo completo;05 Canarias;7;2021;2.146,8
Jornada a tiempo completo;05 Canarias;7;2020;2.096,0
Jornada a tiempo completo;05 Canarias;7;2019;2.069,5
Jornada a tiempo completo;05 Canarias;7;2018;2.032,6
Jornada a tiempo completo;05 Canarias;7;2017;1.956,5
Jornada a tiempo completo;05 Canarias;7;2016;1.953,5
Jornada a tiempo completo;05 Canarias;7;2015;1.956,8
Jornada a tiempo completo;05 Canarias;7;2014;2.014,3
Jornada a tiempo completo;05 Canarias;7;2013;2.000,0
Jornada a tiempo completo;05 Canarias;7;2012;1.929,4
Jornada a tiempo completo;05 Canarias;7;2011;1.929,5
Jornada a tiempo completo;05 Canarias;7;2010;1.916,1
Jornada a tiempo completo;05 Canarias;7;2009;1.872,2
Jornada a tiempo completo;05 Canarias;7;2008;1.798,8
Jornada a tiempo completo;05 Canarias;7;2007;1.704,8
Jornada a tiempo completo;05 Canarias;7;2006;1.630,4
Jornada a tiempo completo;05 Canarias;8;2024;2.896,7
Jornada a tiempo completo;05 Canarias;8;2023;2.786,7
Jornada a tiempo completo;05 Canarias;8;2022;2.564,3
Jornada a tiempo completo;05 Canarias;8;2021;2.555,9
Jornada a tiempo completo;05 Canarias;8;2020;2.535,1
Jornada a tiempo completo;05 Canarias;8;2019;2.439,5
Jornada a tiempo completo;05 Canarias;8;2018;2.409,5
Jornada a tiempo completo;05 Canarias;8;2017;2.346,3
Jornada a tiempo completo;05 Canarias;8;2016;2.349,3
Jornada a tiempo completo;05 Canarias;8;2015;2.368,0
Jornada a tiempo completo;05 Canarias;8;2014;2.391,0
Jornada a tiempo completo;05 Canarias;8;2013;2.343,2
Jornada a tiempo completo;05 Canarias;8;2012;2.302,4
Jornada a tiempo completo;05 Canarias;8;2011;2.306,3
Jornada a tiempo completo;05 Canarias;8;2010;2.300,4
Jornada a tiempo completo;05 Canarias;8;2009;2.254,2
Jornada a tiempo completo;05 Canarias;8;2008;2.152,7
Jornada a tiempo completo;05 Canarias;8;2007;2.030,9
Jornada a tiempo completo;05 Canarias;8;2006;1.953,2
Jornada a tiempo completo;05 Canarias;9;2024;3.563,2
Jornada a tiempo completo;05 Canarias;9;2023;3.393,1
Jornada a tiempo completo;05 Canarias;9;2022;3.181,6
Jornada a tiempo completo;05 Canarias;9;2021;3.177,7
Jornada a tiempo completo;05 Canarias;9;2020;3.229,4
Jornada a tiempo completo;05 Canarias;9;2019;3.050,0
Jornada a tiempo completo;05 Canarias;9;2018;3.022,8
Jornada a tiempo completo;05 Canarias;9;2017;2.923,4
Jornada a tiempo completo;05 Canarias;9;2016;2.974,2
Jornada a tiempo completo;05 Canarias;9;2015;2.965,7
Jornada a tiempo completo;05 Canarias;9;2014;2.896,7
Jornada a tiempo completo;05 Canarias;9;2013;2.915,7
Jornada a tiempo completo;05 Canarias;9;2012;2.848,0
Jornada a tiempo completo;05 Canarias;9;2011;2.860,8
Jornada a tiempo completo;05 Canarias;9;2010;2.877,5
Jornada a tiempo completo;05 Canarias;9;2009;2.865,6
Jornada a tiempo completo;05 Canarias;9;2008;2.720,1
Jornada a tiempo completo;05 Canarias;9;2007;2.598,8
Jornada a tiempo completo;05 Canarias;9;2006;2.473,8
Jornada a tiempo completo;05 Canarias;10;2024;5.374,5
Jornada a tiempo completo;05 Canarias;10;2023;5.115,1
Jornada a tiempo completo;05 Canarias;10;2022;4.921,0
Jornada a tiempo completo;05 Canarias;10;2021;5.094,0
Jornada a tiempo completo;05 Canarias;10;2020;4.943,5
Jornada a tiempo completo;05 Canarias;10;2019;4.634,2
Jornada a tiempo completo;05 Canarias;10;2018;4.563,2
Jornada a tiempo completo;05 Canarias;10;2017;4.590,2
Jornada a tiempo completo;05 Canarias;10;2016;4.458,1
Jornada a tiempo completo;05 Canarias;10;2015;4.626,5
Jornada a tiempo completo;05 Canarias;10;2014;4.490,9
Jornada a tiempo completo;05 Canarias;10;2013;4.344,8
Jornada a tiempo completo;05 Canarias;10;2012;4.758,6
Jornada a tiempo completo;05 Canarias;10;2011;4.410,2
Jornada a tiempo completo;05 Canarias;10;2010;4.466,7
Jornada a tiempo completo;05 Canarias;10;2009;4.413,6
Jornada a tiempo completo;05 Canarias;10;2008;4.375,5
Jornada a tiempo completo;05 Canarias;10;2007;3.552,4
Jornada a tiempo completo;05 Canarias;10;2006;3.605,6
Jornada a tiempo completo;06 Cantabria;Total;2024;2.571,6
Jornada a tiempo completo;06 Cantabria;Total;2023;2.542,0
Jornada a tiempo completo;06 Cantabria;Total;2022;2.329,3
Jornada a tiempo completo;06 Cantabria;Total;2021;2.274,5
Jornada a tiempo completo;06 Cantabria;Total;2020;2.182,9
Jornada a tiempo completo;06 Cantabria;Total;2019;2.182,9
Jornada a tiempo completo;06 Cantabria;Total;2018;2.178,1
Jornada a tiempo completo;06 Cantabria;Total;2017;2.108,7
Jornada a tiempo completo;06 Cantabria;Total;2016;2.109,5
Jornada a tiempo completo;06 Cantabria;Total;2015;2.079,0
Jornada a tiempo completo;06 Cantabria;Total;2014;2.171,7
Jornada a tiempo completo;06 Cantabria;Total;2013;2.092,7
Jornada a tiempo completo;06 Cantabria;Total;2012;2.080,0
Jornada a tiempo completo;06 Cantabria;Total;2011;2.071,0
Jornada a tiempo completo;06 Cantabria;Total;2010;2.002,6
Jornada a tiempo completo;06 Cantabria;Total;2009;1.955,4
Jornada a tiempo completo;06 Cantabria;Total;2008;1.931,1
Jornada a tiempo completo;06 Cantabria;Total;2007;1.755,3
Jornada a tiempo completo;06 Cantabria;Total;2006;1.743,5
Jornada a tiempo completo;06 Cantabria;1;2024;989,2
Jornada a tiempo completo;06 Cantabria;1;2023;971,0
Jornada a tiempo completo;06 Cantabria;1;2022;861,4
Jornada a tiempo completo;06 Cantabria;1;2021;799,0
Jornada a tiempo completo;06 Cantabria;1;2020;732,2
Jornada a tiempo completo;06 Cantabria;1;2019;711,6
Jornada a tiempo completo;06 Cantabria;1;2018;692,4
Jornada a tiempo completo;06 Cantabria;1;2017;621,9
Jornada a tiempo completo;06 Cantabria;1;2016;619,4
Jornada a tiempo completo;06 Cantabria;1;2015;679,1
Jornada a tiempo completo;06 Cantabria;1;2014;609,4
Jornada a tiempo completo;06 Cantabria;1;2013;557,9
Jornada a tiempo completo;06 Cantabria;1;2012;588,4
Jornada a tiempo completo;06 Cantabria;1;2011;596,1
Jornada a tiempo completo;06 Cantabria;1;2010;638,2
Jornada a tiempo completo;06 Cantabria;1;2009;614,1
Jornada a tiempo completo;06 Cantabria;1;2008;655,6
Jornada a tiempo completo;06 Cantabria;1;2007;622,7
Jornada a tiempo completo;06 Cantabria;1;2006;586,1
Jornada a tiempo completo;06 Cantabria;2;2024;1.309,5
Jornada a tiempo completo;06 Cantabria;2;2023;1.243,8
Jornada a tiempo completo;06 Cantabria;2;2022;1.168,3
Jornada a tiempo completo;06 Cantabria;2;2021;1.046,5
Jornada a tiempo completo;06 Cantabria;2;2020;1.036,1
Jornada a tiempo completo;06 Cantabria;2;2019;1.024,3
Jornada a tiempo completo;06 Cantabria;2;2018;968,3
Jornada a tiempo completo;06 Cantabria;2;2017;903,2
Jornada a tiempo completo;06 Cantabria;2;2016;868,0
Jornada a tiempo completo;06 Cantabria;2;2015;853,0
Jornada a tiempo completo;06 Cantabria;2;2014;834,1
Jornada a tiempo completo;06 Cantabria;2;2013;848,1
Jornada a tiempo completo;06 Cantabria;2;2012;865,2
Jornada a tiempo completo;06 Cantabria;2;2011;888,8
Jornada a tiempo completo;06 Cantabria;2;2010;899,4
Jornada a tiempo completo;06 Cantabria;2;2009;882,4
Jornada a tiempo completo;06 Cantabria;2;2008;902,3
Jornada a tiempo completo;06 Cantabria;2;2007;866,2
Jornada a tiempo completo;06 Cantabria;2;2006;816,0
Jornada a tiempo completo;06 Cantabria;3;2024;1.479,6
Jornada a tiempo completo;06 Cantabria;3;2023;1.437,8
Jornada a tiempo completo;06 Cantabria;3;2022;1.343,5
Jornada a tiempo completo;06 Cantabria;3;2021;1.260,7
Jornada a tiempo completo;06 Cantabria;3;2020;1.251,3
Jornada a tiempo completo;06 Cantabria;3;2019;1.219,4
Jornada a tiempo completo;06 Cantabria;3;2018;1.172,8
Jornada a tiempo completo;06 Cantabria;3;2017;1.127,5
Jornada a tiempo completo;06 Cantabria;3;2016;1.134,0
Jornada a tiempo completo;06 Cantabria;3;2015;1.123,8
Jornada a tiempo completo;06 Cantabria;3;2014;1.111,6
Jornada a tiempo completo;06 Cantabria;3;2013;1.121,9
Jornada a tiempo completo;06 Cantabria;3;2012;1.140,0
Jornada a tiempo completo;06 Cantabria;3;2011;1.120,9
Jornada a tiempo completo;06 Cantabria;3;2010;1.139,3
Jornada a tiempo completo;06 Cantabria;3;2009;1.121,7
Jornada a tiempo completo;06 Cantabria;3;2008;1.108,8
Jornada a tiempo completo;06 Cantabria;3;2007;1.060,5
Jornada a tiempo completo;06 Cantabria;3;2006;1.002,3
Jornada a tiempo completo;06 Cantabria;4;2024;1.669,0
Jornada a tiempo completo;06 Cantabria;4;2023;1.619,0
Jornada a tiempo completo;06 Cantabria;4;2022;1.513,4
Jornada a tiempo completo;06 Cantabria;4;2021;1.450,1
Jornada a tiempo completo;06 Cantabria;4;2020;1.410,1
Jornada a tiempo completo;06 Cantabria;4;2019;1.424,9
Jornada a tiempo completo;06 Cantabria;4;2018;1.360,2
Jornada a tiempo completo;06 Cantabria;4;2017;1.318,2
Jornada a tiempo completo;06 Cantabria;4;2016;1.322,5
Jornada a tiempo completo;06 Cantabria;4;2015;1.301,4
Jornada a tiempo completo;06 Cantabria;4;2014;1.305,1
Jornada a tiempo completo;06 Cantabria;4;2013;1.303,2
Jornada a tiempo completo;06 Cantabria;4;2012;1.325,2
Jornada a tiempo completo;06 Cantabria;4;2011;1.312,2
Jornada a tiempo completo;06 Cantabria;4;2010;1.319,9
Jornada a tiempo completo;06 Cantabria;4;2009;1.296,4
Jornada a tiempo completo;06 Cantabria;4;2008;1.273,5
Jornada a tiempo completo;06 Cantabria;4;2007;1.214,6
Jornada a tiempo completo;06 Cantabria;4;2006;1.148,7
Jornada a tiempo completo;06 Cantabria;5;2024;1.881,9
Jornada a tiempo completo;06 Cantabria;5;2023;1.841,7
Jornada a tiempo completo;06 Cantabria;5;2022;1.715,8
Jornada a tiempo completo;06 Cantabria;5;2021;1.643,5
Jornada a tiempo completo;06 Cantabria;5;2020;1.614,9
Jornada a tiempo completo;06 Cantabria;5;2019;1.603,2
Jornada a tiempo completo;06 Cantabria;5;2018;1.551,3
Jornada a tiempo completo;06 Cantabria;5;2017;1.508,0
Jornada a tiempo completo;06 Cantabria;5;2016;1.495,8
Jornada a tiempo completo;06 Cantabria;5;2015;1.497,3
Jornada a tiempo completo;06 Cantabria;5;2014;1.520,0
Jornada a tiempo completo;06 Cantabria;5;2013;1.497,1
Jornada a tiempo completo;06 Cantabria;5;2012;1.499,9
Jornada a tiempo completo;06 Cantabria;5;2011;1.489,3
Jornada a tiempo completo;06 Cantabria;5;2010;1.471,1
Jornada a tiempo completo;06 Cantabria;5;2009;1.447,6
Jornada a tiempo completo;06 Cantabria;5;2008;1.398,5
Jornada a tiempo completo;06 Cantabria;5;2007;1.340,5
Jornada a tiempo completo;06 Cantabria;5;2006;1.271,1
Jornada a tiempo completo;06 Cantabria;6;2024;2.130,3
Jornada a tiempo completo;06 Cantabria;6;2023;2.052,4
Jornada a tiempo completo;06 Cantabria;6;2022;1.925,0
Jornada a tiempo completo;06 Cantabria;6;2021;1.855,2
Jornada a tiempo completo;06 Cantabria;6;2020;1.823,1
Jornada a tiempo completo;06 Cantabria;6;2019;1.780,6
Jornada a tiempo completo;06 Cantabria;6;2018;1.751,4
Jornada a tiempo completo;06 Cantabria;6;2017;1.698,9
Jornada a tiempo completo;06 Cantabria;6;2016;1.684,4
Jornada a tiempo completo;06 Cantabria;6;2015;1.694,6
Jornada a tiempo completo;06 Cantabria;6;2014;1.713,2
Jornada a tiempo completo;06 Cantabria;6;2013;1.703,6
Jornada a tiempo completo;06 Cantabria;6;2012;1.677,6
Jornada a tiempo completo;06 Cantabria;6;2011;1.670,5
Jornada a tiempo completo;06 Cantabria;6;2010;1.674,3
Jornada a tiempo completo;06 Cantabria;6;2009;1.635,3
Jornada a tiempo completo;06 Cantabria;6;2008;1.581,4
Jornada a tiempo completo;06 Cantabria;6;2007;1.489,1
Jornada a tiempo completo;06 Cantabria;6;2006;1.428,1
Jornada a tiempo completo;06 Cantabria;7;2024;2.456,8
Jornada a tiempo completo;06 Cantabria;7;2023;2.377,9
Jornada a tiempo completo;06 Cantabria;7;2022;2.191,4
Jornada a tiempo completo;06 Cantabria;7;2021;2.161,7
Jornada a tiempo completo;06 Cantabria;7;2020;2.102,8
Jornada a tiempo completo;06 Cantabria;7;2019;2.061,9
Jornada a tiempo completo;06 Cantabria;7;2018;2.034,7
Jornada a tiempo completo;06 Cantabria;7;2017;1.950,7
Jornada a tiempo completo;06 Cantabria;7;2016;1.951,3
Jornada a tiempo completo;06 Cantabria;7;2015;1.955,9
Jornada a tiempo completo;06 Cantabria;7;2014;1.997,9
Jornada a tiempo completo;06 Cantabria;7;2013;1.984,8
Jornada a tiempo completo;06 Cantabria;7;2012;1.945,4
Jornada a tiempo completo;06 Cantabria;7;2011;1.914,8
Jornada a tiempo completo;06 Cantabria;7;2010;1.904,0
Jornada a tiempo completo;06 Cantabria;7;2009;1.877,6
Jornada a tiempo completo;06 Cantabria;7;2008;1.794,4
Jornada a tiempo completo;06 Cantabria;7;2007;1.710,8
Jornada a tiempo completo;06 Cantabria;7;2006;1.629,0
Jornada a tiempo completo;06 Cantabria;8;2024;2.900,0
Jornada a tiempo completo;06 Cantabria;8;2023;2.813,6
Jornada a tiempo completo;06 Cantabria;8;2022;2.614,8
Jornada a tiempo completo;06 Cantabria;8;2021;2.569,1
Jornada a tiempo completo;06 Cantabria;8;2020;2.533,6
Jornada a tiempo completo;06 Cantabria;8;2019;2.412,9
Jornada a tiempo completo;06 Cantabria;8;2018;2.445,9
Jornada a tiempo completo;06 Cantabria;8;2017;2.363,8
Jornada a tiempo completo;06 Cantabria;8;2016;2.390,3
Jornada a tiempo completo;06 Cantabria;8;2015;2.365,3
Jornada a tiempo completo;06 Cantabria;8;2014;2.404,3
Jornada a tiempo completo;06 Cantabria;8;2013;2.370,0
Jornada a tiempo completo;06 Cantabria;8;2012;2.319,6
Jornada a tiempo completo;06 Cantabria;8;2011;2.273,3
Jornada a tiempo completo;06 Cantabria;8;2010;2.333,7
Jornada a tiempo completo;06 Cantabria;8;2009;2.227,6
Jornada a tiempo completo;06 Cantabria;8;2008;2.147,5
Jornada a tiempo completo;06 Cantabria;8;2007;2.049,5
Jornada a tiempo completo;06 Cantabria;8;2006;1.947,7
Jornada a tiempo completo;06 Cantabria;9;2024;3.584,2
Jornada a tiempo completo;06 Cantabria;9;2023;3.361,9
Jornada a tiempo completo;06 Cantabria;9;2022;3.174,8
Jornada a tiempo completo;06 Cantabria;9;2021;3.202,6
Jornada a tiempo completo;06 Cantabria;9;2020;3.132,8
Jornada a tiempo completo;06 Cantabria;9;2019;3.021,1
Jornada a tiempo completo;06 Cantabria;9;2018;3.016,2
Jornada a tiempo completo;06 Cantabria;9;2017;2.988,0
Jornada a tiempo completo;06 Cantabria;9;2016;2.934,9
Jornada a tiempo completo;06 Cantabria;9;2015;2.943,0
Jornada a tiempo completo;06 Cantabria;9;2014;2.940,8
Jornada a tiempo completo;06 Cantabria;9;2013;2.958,3
Jornada a tiempo completo;06 Cantabria;9;2012;2.869,0
Jornada a tiempo completo;06 Cantabria;9;2011;2.853,2
Jornada a tiempo completo;06 Cantabria;9;2010;2.813,0
Jornada a tiempo completo;06 Cantabria;9;2009;2.806,9
Jornada a tiempo completo;06 Cantabria;9;2008;2.716,4
Jornada a tiempo completo;06 Cantabria;9;2007;2.557,6
Jornada a tiempo completo;06 Cantabria;9;2006;2.444,8
Jornada a tiempo completo;06 Cantabria;10;2024;5.489,5
Jornada a tiempo completo;06 Cantabria;10;2023;5.223,5
Jornada a tiempo completo;06 Cantabria;10;2022;5.016,7
Jornada a tiempo completo;06 Cantabria;10;2021;4.934,9
Jornada a tiempo completo;06 Cantabria;10;2020;4.695,2
Jornada a tiempo completo;06 Cantabria;10;2019;4.447,4
Jornada a tiempo completo;06 Cantabria;10;2018;4.492,2
Jornada a tiempo completo;06 Cantabria;10;2017;4.488,5
Jornada a tiempo completo;06 Cantabria;10;2016;4.414,1
Jornada a tiempo completo;06 Cantabria;10;2015;4.535,4
Jornada a tiempo completo;06 Cantabria;10;2014;4.559,1
Jornada a tiempo completo;06 Cantabria;10;2013;4.442,5
Jornada a tiempo completo;06 Cantabria;10;2012;4.297,6
Jornada a tiempo completo;06 Cantabria;10;2011;4.375,0
Jornada a tiempo completo;06 Cantabria;10;2010;4.163,3
Jornada a tiempo completo;06 Cantabria;10;2009;4.272,2
Jornada a tiempo completo;06 Cantabria;10;2008;4.201,4
Jornada a tiempo completo;06 Cantabria;10;2007;3.564,2
Jornada a tiempo completo;06 Cantabria;10;2006;3.441,2
Jornada a tiempo completo;07 Castilla y León;Total;2024;2.518,9
Jornada a tiempo completo;07 Castilla y León;Total;2023;2.401,9
Jornada a tiempo completo;07 Castilla y León;Total;2022;2.289,4
Jornada a tiempo completo;07 Castilla y León;Total;2021;2.186,2
Jornada a tiempo completo;07 Castilla y León;Total;2020;2.170,1
Jornada a tiempo completo;07 Castilla y León;Total;2019;2.142,4
Jornada a tiempo completo;07 Castilla y León;Total;2018;2.045,8
Jornada a tiempo completo;07 Castilla y León;Total;2017;2.056,0
Jornada a tiempo completo;07 Castilla y León;Total;2016;2.049,2
Jornada a tiempo completo;07 Castilla y León;Total;2015;2.063,9
Jornada a tiempo completo;07 Castilla y León;Total;2014;2.050,2
Jornada a tiempo completo;07 Castilla y León;Total;2013;2.069,1
Jornada a tiempo completo;07 Castilla y León;Total;2012;2.025,2
Jornada a tiempo completo;07 Castilla y León;Total;2011;1.967,0
Jornada a tiempo completo;07 Castilla y León;Total;2010;1.953,8
Jornada a tiempo completo;07 Castilla y León;Total;2009;1.948,6
Jornada a tiempo completo;07 Castilla y León;Total;2008;1.847,6
Jornada a tiempo completo;07 Castilla y León;Total;2007;1.756,5
Jornada a tiempo completo;07 Castilla y León;Total;2006;1.684,2
Jornada a tiempo completo;07 Castilla y León;1;2024;1.004,5
Jornada a tiempo completo;07 Castilla y León;1;2023;899,0
Jornada a tiempo completo;07 Castilla y León;1;2022;877,0
Jornada a tiempo completo;07 Castilla y León;1;2021;792,2
Jornada a tiempo completo;07 Castilla y León;1;2020;723,4
Jornada a tiempo completo;07 Castilla y León;1;2019;759,6
Jornada a tiempo completo;07 Castilla y León;1;2018;662,4
Jornada a tiempo completo;07 Castilla y León;1;2017;639,7
Jornada a tiempo completo;07 Castilla y León;1;2016;629,1
Jornada a tiempo completo;07 Castilla y León;1;2015;608,3
Jornada a tiempo completo;07 Castilla y León;1;2014;621,1
Jornada a tiempo completo;07 Castilla y León;1;2013;574,1
Jornada a tiempo completo;07 Castilla y León;1;2012;595,2
Jornada a tiempo completo;07 Castilla y León;1;2011;613,5
Jornada a tiempo completo;07 Castilla y León;1;2010;625,3
Jornada a tiempo completo;07 Castilla y León;1;2009;616,8
Jornada a tiempo completo;07 Castilla y León;1;2008;686,7
Jornada a tiempo completo;07 Castilla y León;1;2007;625,6
Jornada a tiempo completo;07 Castilla y León;1;2006;584,7
Jornada a tiempo completo;07 Castilla y León;2;2024;1.286,9
Jornada a tiempo completo;07 Castilla y León;2;2023;1.245,2
Jornada a tiempo completo;07 Castilla y León;2;2022;1.157,5
Jornada a tiempo completo;07 Castilla y León;2;2021;1.057,2
Jornada a tiempo completo;07 Castilla y León;2;2020;1.032,7
Jornada a tiempo completo;07 Castilla y León;2;2019;1.027,0
Jornada a tiempo completo;07 Castilla y León;2;2018;917,3
Jornada a tiempo completo;07 Castilla y León;2;2017;886,2
Jornada a tiempo completo;07 Castilla y León;2;2016;866,7
Jornada a tiempo completo;07 Castilla y León;2;2015;864,6
Jornada a tiempo completo;07 Castilla y León;2;2014;827,1
Jornada a tiempo completo;07 Castilla y León;2;2013;843,5
Jornada a tiempo completo;07 Castilla y León;2;2012;888,9
Jornada a tiempo completo;07 Castilla y León;2;2011;877,8
Jornada a tiempo completo;07 Castilla y León;2;2010;924,4
Jornada a tiempo completo;07 Castilla y León;2;2009;899,7
Jornada a tiempo completo;07 Castilla y León;2;2008;916,1
Jornada a tiempo completo;07 Castilla y León;2;2007;877,9
Jornada a tiempo completo;07 Castilla y León;2;2006;817,6
Jornada a tiempo completo;07 Castilla y León;3;2024;1.490,1
Jornada a tiempo completo;07 Castilla y León;3;2023;1.435,7
Jornada a tiempo completo;07 Castilla y León;3;2022;1.341,5
Jornada a tiempo completo;07 Castilla y León;3;2021;1.253,9
Jornada a tiempo completo;07 Castilla y León;3;2020;1.239,4
Jornada a tiempo completo;07 Castilla y León;3;2019;1.222,0
Jornada a tiempo completo;07 Castilla y León;3;2018;1.170,2
Jornada a tiempo completo;07 Castilla y León;3;2017;1.132,1
Jornada a tiempo completo;07 Castilla y León;3;2016;1.132,5
Jornada a tiempo completo;07 Castilla y León;3;2015;1.112,0
Jornada a tiempo completo;07 Castilla y León;3;2014;1.105,8
Jornada a tiempo completo;07 Castilla y León;3;2013;1.110,6
Jornada a tiempo completo;07 Castilla y León;3;2012;1.129,5
Jornada a tiempo completo;07 Castilla y León;3;2011;1.132,3
Jornada a tiempo completo;07 Castilla y León;3;2010;1.143,1
Jornada a tiempo completo;07 Castilla y León;3;2009;1.118,4
Jornada a tiempo completo;07 Castilla y León;3;2008;1.114,9
Jornada a tiempo completo;07 Castilla y León;3;2007;1.063,7
Jornada a tiempo completo;07 Castilla y León;3;2006;1.002,9
Jornada a tiempo completo;07 Castilla y León;4;2024;1.682,4
Jornada a tiempo completo;07 Castilla y León;4;2023;1.629,6
Jornada a tiempo completo;07 Castilla y León;4;2022;1.523,0
Jornada a tiempo completo;07 Castilla y León;4;2021;1.461,4
Jornada a tiempo completo;07 Castilla y León;4;2020;1.421,8
Jornada a tiempo completo;07 Castilla y León;4;2019;1.425,1
Jornada a tiempo completo;07 Castilla y León;4;2018;1.364,1
Jornada a tiempo completo;07 Castilla y León;4;2017;1.325,6
Jornada a tiempo completo;07 Castilla y León;4;2016;1.318,0
Jornada a tiempo completo;07 Castilla y León;4;2015;1.304,6
Jornada a tiempo completo;07 Castilla y León;4;2014;1.315,7
Jornada a tiempo completo;07 Castilla y León;4;2013;1.315,0
Jornada a tiempo completo;07 Castilla y León;4;2012;1.323,9
Jornada a tiempo completo;07 Castilla y León;4;2011;1.309,8
Jornada a tiempo completo;07 Castilla y León;4;2010;1.318,4
Jornada a tiempo completo;07 Castilla y León;4;2009;1.289,1
Jornada a tiempo completo;07 Castilla y León;4;2008;1.264,4
Jornada a tiempo completo;07 Castilla y León;4;2007;1.210,4
Jornada a tiempo completo;07 Castilla y León;4;2006;1.144,1
Jornada a tiempo completo;07 Castilla y León;5;2024;1.891,5
Jornada a tiempo completo;07 Castilla y León;5;2023;1.827,7
Jornada a tiempo completo;07 Castilla y León;5;2022;1.704,5
Jornada a tiempo completo;07 Castilla y León;5;2021;1.650,3
Jornada a tiempo completo;07 Castilla y León;5;2020;1.604,8
Jornada a tiempo completo;07 Castilla y León;5;2019;1.595,2
Jornada a tiempo completo;07 Castilla y León;5;2018;1.543,3
Jornada a tiempo completo;07 Castilla y León;5;2017;1.492,5
Jornada a tiempo completo;07 Castilla y León;5;2016;1.495,6
Jornada a tiempo completo;07 Castilla y León;5;2015;1.494,6
Jornada a tiempo completo;07 Castilla y León;5;2014;1.502,7
Jornada a tiempo completo;07 Castilla y León;5;2013;1.505,1
Jornada a tiempo completo;07 Castilla y León;5;2012;1.492,2
Jornada a tiempo completo;07 Castilla y León;5;2011;1.482,8
Jornada a tiempo completo;07 Castilla y León;5;2010;1.477,3
Jornada a tiempo completo;07 Castilla y León;5;2009;1.443,2
Jornada a tiempo completo;07 Castilla y León;5;2008;1.409,4
Jornada a tiempo completo;07 Castilla y León;5;2007;1.341,5
Jornada a tiempo completo;07 Castilla y León;5;2006;1.270,0
Jornada a tiempo completo;07 Castilla y León;6;2024;2.117,4
Jornada a tiempo completo;07 Castilla y León;6;2023;2.055,1
Jornada a tiempo completo;07 Castilla y León;6;2022;1.915,4
Jornada a tiempo completo;07 Castilla y León;6;2021;1.862,6
Jornada a tiempo completo;07 Castilla y León;6;2020;1.816,9
Jornada a tiempo completo;07 Castilla y León;6;2019;1.795,1
Jornada a tiempo completo;07 Castilla y León;6;2018;1.750,2
Jornada a tiempo completo;07 Castilla y León;6;2017;1.694,0
Jornada a tiempo completo;07 Castilla y León;6;2016;1.706,3
Jornada a tiempo completo;07 Castilla y León;6;2015;1.702,9
Jornada a tiempo completo;07 Castilla y León;6;2014;1.712,8
Jornada a tiempo completo;07 Castilla y León;6;2013;1.701,9
Jornada a tiempo completo;07 Castilla y León;6;2012;1.685,5
Jornada a tiempo completo;07 Castilla y León;6;2011;1.681,3
Jornada a tiempo completo;07 Castilla y León;6;2010;1.660,1
Jornada a tiempo completo;07 Castilla y León;6;2009;1.637,4
Jornada a tiempo completo;07 Castilla y León;6;2008;1.575,7
Jornada a tiempo completo;07 Castilla y León;6;2007;1.492,6
Jornada a tiempo completo;07 Castilla y León;6;2006;1.420,9
Jornada a tiempo completo;07 Castilla y León;7;2024;2.458,1
Jornada a tiempo completo;07 Castilla y León;7;2023;2.353,9
Jornada a tiempo completo;07 Castilla y León;7;2022;2.177,6
Jornada a tiempo completo;07 Castilla y León;7;2021;2.145,2
Jornada a tiempo completo;07 Castilla y León;7;2020;2.103,7
Jornada a tiempo completo;07 Castilla y León;7;2019;2.051,9
Jornada a tiempo completo;07 Castilla y León;7;2018;2.009,1
Jornada a tiempo completo;07 Castilla y León;7;2017;1.966,9
Jornada a tiempo completo;07 Castilla y León;7;2016;1.975,8
Jornada a tiempo completo;07 Castilla y León;7;2015;1.955,3
Jornada a tiempo completo;07 Castilla y León;7;2014;1.992,9
Jornada a tiempo completo;07 Castilla y León;7;2013;1.986,8
Jornada a tiempo completo;07 Castilla y León;7;2012;1.942,7
Jornada a tiempo completo;07 Castilla y León;7;2011;1.929,7
Jornada a tiempo completo;07 Castilla y León;7;2010;1.907,0
Jornada a tiempo completo;07 Castilla y León;7;2009;1.868,0
Jornada a tiempo completo;07 Castilla y León;7;2008;1.792,9
Jornada a tiempo completo;07 Castilla y León;7;2007;1.702,1
Jornada a tiempo completo;07 Castilla y León;7;2006;1.627,4
Jornada a tiempo completo;07 Castilla y León;8;2024;2.932,8
Jornada a tiempo completo;07 Castilla y León;8;2023;2.785,6
Jornada a tiempo completo;07 Castilla y León;8;2022;2.596,9
Jornada a tiempo completo;07 Castilla y León;8;2021;2.540,4
Jornada a tiempo completo;07 Castilla y León;8;2020;2.548,2
Jornada a tiempo completo;07 Castilla y León;8;2019;2.455,4
Jornada a tiempo completo;07 Castilla y León;8;2018;2.437,7
Jornada a tiempo completo;07 Castilla y León;8;2017;2.363,2
Jornada a tiempo completo;07 Castilla y León;8;2016;2.355,6
Jornada a tiempo completo;07 Castilla y León;8;2015;2.376,8
Jornada a tiempo completo;07 Castilla y León;8;2014;2.389,8
Jornada a tiempo completo;07 Castilla y León;8;2013;2.353,2
Jornada a tiempo completo;07 Castilla y León;8;2012;2.304,0
Jornada a tiempo completo;07 Castilla y León;8;2011;2.307,4
Jornada a tiempo completo;07 Castilla y León;8;2010;2.290,2
Jornada a tiempo completo;07 Castilla y León;8;2009;2.249,8
Jornada a tiempo completo;07 Castilla y León;8;2008;2.132,2
Jornada a tiempo completo;07 Castilla y León;8;2007;2.049,1
Jornada a tiempo completo;07 Castilla y León;8;2006;1.963,2
Jornada a tiempo completo;07 Castilla y León;9;2024;3.561,8
Jornada a tiempo completo;07 Castilla y León;9;2023;3.378,1
Jornada a tiempo completo;07 Castilla y León;9;2022;3.186,2
Jornada a tiempo completo;07 Castilla y León;9;2021;3.124,2
Jornada a tiempo completo;07 Castilla y León;9;2020;3.164,6
Jornada a tiempo completo;07 Castilla y León;9;2019;3.026,1
Jornada a tiempo completo;07 Castilla y León;9;2018;3.008,3
Jornada a tiempo completo;07 Castilla y León;9;2017;2.948,5
Jornada a tiempo completo;07 Castilla y León;9;2016;2.897,1
Jornada a tiempo completo;07 Castilla y León;9;2015;2.956,7
Jornada a tiempo completo;07 Castilla y León;9;2014;2.955,5
Jornada a tiempo completo;07 Castilla y León;9;2013;2.907,0
Jornada a tiempo completo;07 Castilla y León;9;2012;2.852,7
Jornada a tiempo completo;07 Castilla y León;9;2011;2.861,7
Jornada a tiempo completo;07 Castilla y León;9;2010;2.838,8
Jornada a tiempo completo;07 Castilla y León;9;2009;2.800,9
Jornada a tiempo completo;07 Castilla y León;9;2008;2.687,6
Jornada a tiempo completo;07 Castilla y León;9;2007;2.572,0
Jornada a tiempo completo;07 Castilla y León;9;2006;2.434,4
Jornada a tiempo completo;07 Castilla y León;10;2024;5.587,7
Jornada a tiempo completo;07 Castilla y León;10;2023;5.250,6
Jornada a tiempo completo;07 Castilla y León;10;2022;4.849,2
Jornada a tiempo completo;07 Castilla y León;10;2021;4.969,6
Jornada a tiempo completo;07 Castilla y León;10;2020;4.819,1
Jornada a tiempo completo;07 Castilla y León;10;2019;4.770,4
Jornada a tiempo completo;07 Castilla y León;10;2018;4.548,6
Jornada a tiempo completo;07 Castilla y León;10;2017;4.626,2
Jornada a tiempo completo;07 Castilla y León;10;2016;4.476,4
Jornada a tiempo completo;07 Castilla y León;10;2015;4.783,9
Jornada a tiempo completo;07 Castilla y León;10;2014;4.456,6
Jornada a tiempo completo;07 Castilla y León;10;2013;4.506,3
Jornada a tiempo completo;07 Castilla y León;10;2012;4.406,9
Jornada a tiempo completo;07 Castilla y León;10;2011;4.422,1
Jornada a tiempo completo;07 Castilla y León;10;2010;4.108,5
Jornada a tiempo completo;07 Castilla y León;10;2009;4.238,6
Jornada a tiempo completo;07 Castilla y León;10;2008;4.049,0
Jornada a tiempo completo;07 Castilla y León;10;2007;3.550,8
Jornada a tiempo completo;07 Castilla y León;10;2006;3.412,2
Jornada a tiempo completo;08 Castilla - La Mancha;Total;2024;2.428,2
Jornada a tiempo completo;08 Castilla - La Mancha;Total;2023;2.218,3
Jornada a tiempo completo;08 Castilla - La Mancha;Total;2022;2.120,1
Jornada a tiempo completo;08 Castilla - La Mancha;Total;2021;2.110,4
Jornada a tiempo completo;08 Castilla - La Mancha;Total;2020;2.094,2
Jornada a tiempo completo;08 Castilla - La Mancha;Total;2019;2.089,0
Jornada a tiempo completo;08 Castilla - La Mancha;Total;2018;1.958,0
Jornada a tiempo completo;08 Castilla - La Mancha;Total;2017;1.949,8
Jornada a tiempo completo;08 Castilla - La Mancha;Total;2016;1.973,0
Jornada a tiempo completo;08 Castilla - La Mancha;Total;2015;1.974,7
Jornada a tiempo completo;08 Castilla - La Mancha;Total;2014;1.958,2
Jornada a tiempo completo;08 Castilla - La Mancha;Total;2013;1.980,7
Jornada a tiempo completo;08 Castilla - La Mancha;Total;2012;1.886,2
Jornada a tiempo completo;08 Castilla - La Mancha;Total;2011;1.955,8
Jornada a tiempo completo;08 Castilla - La Mancha;Total;2010;1.903,8
Jornada a tiempo completo;08 Castilla - La Mancha;Total;2009;1.878,1
Jornada a tiempo completo;08 Castilla - La Mancha;Total;2008;1.771,6
Jornada a tiempo completo;08 Castilla - La Mancha;Total;2007;1.649,5
Jornada a tiempo completo;08 Castilla - La Mancha;Total;2006;1.540,8
Jornada a tiempo completo;08 Castilla - La Mancha;1;2024;998,6
Jornada a tiempo completo;08 Castilla - La Mancha;1;2023;940,4
Jornada a tiempo completo;08 Castilla - La Mancha;1;2022;878,5
Jornada a tiempo completo;08 Castilla - La Mancha;1;2021;766,7
Jornada a tiempo completo;08 Castilla - La Mancha;1;2020;758,4
Jornada a tiempo completo;08 Castilla - La Mancha;1;2019;753,9
Jornada a tiempo completo;08 Castilla - La Mancha;1;2018;651,3
Jornada a tiempo completo;08 Castilla - La Mancha;1;2017;638,5
Jornada a tiempo completo;08 Castilla - La Mancha;1;2016;613,7
Jornada a tiempo completo;08 Castilla - La Mancha;1;2015;596,2
Jornada a tiempo completo;08 Castilla - La Mancha;1;2014;596,2
Jornada a tiempo completo;08 Castilla - La Mancha;1;2013;550,2
Jornada a tiempo completo;08 Castilla - La Mancha;1;2012;597,7
Jornada a tiempo completo;08 Castilla - La Mancha;1;2011;645,8
Jornada a tiempo completo;08 Castilla - La Mancha;1;2010;630,6
Jornada a tiempo completo;08 Castilla - La Mancha;1;2009;659,9
Jornada a tiempo completo;08 Castilla - La Mancha;1;2008;645,8
Jornada a tiempo completo;08 Castilla - La Mancha;1;2007;630,7
Jornada a tiempo completo;08 Castilla - La Mancha;1;2006;593,0
Jornada a tiempo completo;08 Castilla - La Mancha;2;2024;1.313,7
Jornada a tiempo completo;08 Castilla - La Mancha;2;2023;1.247,2
Jornada a tiempo completo;08 Castilla - La Mancha;2;2022;1.154,7
Jornada a tiempo completo;08 Castilla - La Mancha;2;2021;1.062,1
Jornada a tiempo completo;08 Castilla - La Mancha;2;2020;1.044,8
Jornada a tiempo completo;08 Castilla - La Mancha;2;2019;1.025,6
Jornada a tiempo completo;08 Castilla - La Mancha;2;2018;915,7
Jornada a tiempo completo;08 Castilla - La Mancha;2;2017;882,6
Jornada a tiempo completo;08 Castilla - La Mancha;2;2016;863,3
Jornada a tiempo completo;08 Castilla - La Mancha;2;2015;838,2
Jornada a tiempo completo;08 Castilla - La Mancha;2;2014;848,4
Jornada a tiempo completo;08 Castilla - La Mancha;2;2013;837,2
Jornada a tiempo completo;08 Castilla - La Mancha;2;2012;878,2
Jornada a tiempo completo;08 Castilla - La Mancha;2;2011;869,7
Jornada a tiempo completo;08 Castilla - La Mancha;2;2010;898,5
Jornada a tiempo completo;08 Castilla - La Mancha;2;2009;894,7
Jornada a tiempo completo;08 Castilla - La Mancha;2;2008;908,8
Jornada a tiempo completo;08 Castilla - La Mancha;2;2007;849,9
Jornada a tiempo completo;08 Castilla - La Mancha;2;2006;810,7
Jornada a tiempo completo;08 Castilla - La Mancha;3;2024;1.490,6
Jornada a tiempo completo;08 Castilla - La Mancha;3;2023;1.440,6
Jornada a tiempo completo;08 Castilla - La Mancha;3;2022;1.348,3
Jornada a tiempo completo;08 Castilla - La Mancha;3;2021;1.256,3
Jornada a tiempo completo;08 Castilla - La Mancha;3;2020;1.239,1
Jornada a tiempo completo;08 Castilla - La Mancha;3;2019;1.230,2
Jornada a tiempo completo;08 Castilla - La Mancha;3;2018;1.153,6
Jornada a tiempo completo;08 Castilla - La Mancha;3;2017;1.127,2
Jornada a tiempo completo;08 Castilla - La Mancha;3;2016;1.130,0
Jornada a tiempo completo;08 Castilla - La Mancha;3;2015;1.103,6
Jornada a tiempo completo;08 Castilla - La Mancha;3;2014;1.114,9
Jornada a tiempo completo;08 Castilla - La Mancha;3;2013;1.119,5
Jornada a tiempo completo;08 Castilla - La Mancha;3;2012;1.127,3
Jornada a tiempo completo;08 Castilla - La Mancha;3;2011;1.131,1
Jornada a tiempo completo;08 Castilla - La Mancha;3;2010;1.147,6
Jornada a tiempo completo;08 Castilla - La Mancha;3;2009;1.122,2
Jornada a tiempo completo;08 Castilla - La Mancha;3;2008;1.123,1
Jornada a tiempo completo;08 Castilla - La Mancha;3;2007;1.067,2
Jornada a tiempo completo;08 Castilla - La Mancha;3;2006;1.014,6
Jornada a tiempo completo;08 Castilla - La Mancha;4;2024;1.680,6
Jornada a tiempo completo;08 Castilla - La Mancha;4;2023;1.628,3
Jornada a tiempo completo;08 Castilla - La Mancha;4;2022;1.530,5
Jornada a tiempo completo;08 Castilla - La Mancha;4;2021;1.453,3
Jornada a tiempo completo;08 Castilla - La Mancha;4;2020;1.426,4
Jornada a tiempo completo;08 Castilla - La Mancha;4;2019;1.422,5
Jornada a tiempo completo;08 Castilla - La Mancha;4;2018;1.362,2
Jornada a tiempo completo;08 Castilla - La Mancha;4;2017;1.320,1
Jornada a tiempo completo;08 Castilla - La Mancha;4;2016;1.327,0
Jornada a tiempo completo;08 Castilla - La Mancha;4;2015;1.309,3
Jornada a tiempo completo;08 Castilla - La Mancha;4;2014;1.321,0
Jornada a tiempo completo;08 Castilla - La Mancha;4;2013;1.320,3
Jornada a tiempo completo;08 Castilla - La Mancha;4;2012;1.317,9
Jornada a tiempo completo;08 Castilla - La Mancha;4;2011;1.311,6
Jornada a tiempo completo;08 Castilla - La Mancha;4;2010;1.319,0
Jornada a tiempo completo;08 Castilla - La Mancha;4;2009;1.287,2
Jornada a tiempo completo;08 Castilla - La Mancha;4;2008;1.263,1
Jornada a tiempo completo;08 Castilla - La Mancha;4;2007;1.200,9
Jornada a tiempo completo;08 Castilla - La Mancha;4;2006;1.142,4
Jornada a tiempo completo;08 Castilla - La Mancha;5;2024;1.883,5
Jornada a tiempo completo;08 Castilla - La Mancha;5;2023;1.829,9
Jornada a tiempo completo;08 Castilla - La Mancha;5;2022;1.699,5
Jornada a tiempo completo;08 Castilla - La Mancha;5;2021;1.641,9
Jornada a tiempo completo;08 Castilla - La Mancha;5;2020;1.598,4
Jornada a tiempo completo;08 Castilla - La Mancha;5;2019;1.595,5
Jornada a tiempo completo;08 Castilla - La Mancha;5;2018;1.547,1
Jornada a tiempo completo;08 Castilla - La Mancha;5;2017;1.503,2
Jornada a tiempo completo;08 Castilla - La Mancha;5;2016;1.500,4
Jornada a tiempo completo;08 Castilla - La Mancha;5;2015;1.497,4
Jornada a tiempo completo;08 Castilla - La Mancha;5;2014;1.500,5
Jornada a tiempo completo;08 Castilla - La Mancha;5;2013;1.499,9
Jornada a tiempo completo;08 Castilla - La Mancha;5;2012;1.489,3
Jornada a tiempo completo;08 Castilla - La Mancha;5;2011;1.480,1
Jornada a tiempo completo;08 Castilla - La Mancha;5;2010;1.477,1
Jornada a tiempo completo;08 Castilla - La Mancha;5;2009;1.435,1
Jornada a tiempo completo;08 Castilla - La Mancha;5;2008;1.411,8
Jornada a tiempo completo;08 Castilla - La Mancha;5;2007;1.339,5
Jornada a tiempo completo;08 Castilla - La Mancha;5;2006;1.267,6
Jornada a tiempo completo;08 Castilla - La Mancha;6;2024;2.120,9
Jornada a tiempo completo;08 Castilla - La Mancha;6;2023;2.044,8
Jornada a tiempo completo;08 Castilla - La Mancha;6;2022;1.913,8
Jornada a tiempo completo;08 Castilla - La Mancha;6;2021;1.860,9
Jornada a tiempo completo;08 Castilla - La Mancha;6;2020;1.810,1
Jornada a tiempo completo;08 Castilla - La Mancha;6;2019;1.794,0
Jornada a tiempo completo;08 Castilla - La Mancha;6;2018;1.755,5
Jornada a tiempo completo;08 Castilla - La Mancha;6;2017;1.699,4
Jornada a tiempo completo;08 Castilla - La Mancha;6;2016;1.700,1
Jornada a tiempo completo;08 Castilla - La Mancha;6;2015;1.702,4
Jornada a tiempo completo;08 Castilla - La Mancha;6;2014;1.711,5
Jornada a tiempo completo;08 Castilla - La Mancha;6;2013;1.709,0
Jornada a tiempo completo;08 Castilla - La Mancha;6;2012;1.683,8
Jornada a tiempo completo;08 Castilla - La Mancha;6;2011;1.677,8
Jornada a tiempo completo;08 Castilla - La Mancha;6;2010;1.666,3
Jornada a tiempo completo;08 Castilla - La Mancha;6;2009;1.630,6
Jornada a tiempo completo;08 Castilla - La Mancha;6;2008;1.578,7
Jornada a tiempo completo;08 Castilla - La Mancha;6;2007;1.489,5
Jornada a tiempo completo;08 Castilla - La Mancha;6;2006;1.414,6
Jornada a tiempo completo;08 Castilla - La Mancha;7;2024;2.442,8
Jornada a tiempo completo;08 Castilla - La Mancha;7;2023;2.362,1
Jornada a tiempo completo;08 Castilla - La Mancha;7;2022;2.186,2
Jornada a tiempo completo;08 Castilla - La Mancha;7;2021;2.135,8
Jornada a tiempo completo;08 Castilla - La Mancha;7;2020;2.100,9
Jornada a tiempo completo;08 Castilla - La Mancha;7;2019;2.055,4
Jornada a tiempo completo;08 Castilla - La Mancha;7;2018;2.013,0
Jornada a tiempo completo;08 Castilla - La Mancha;7;2017;1.960,3
Jornada a tiempo completo;08 Castilla - La Mancha;7;2016;1.951,2
Jornada a tiempo completo;08 Castilla - La Mancha;7;2015;1.964,7
Jornada a tiempo completo;08 Castilla - La Mancha;7;2014;1.996,3
Jornada a tiempo completo;08 Castilla - La Mancha;7;2013;1.975,7
Jornada a tiempo completo;08 Castilla - La Mancha;7;2012;1.943,1
Jornada a tiempo completo;08 Castilla - La Mancha;7;2011;1.918,6
Jornada a tiempo completo;08 Castilla - La Mancha;7;2010;1.907,5
Jornada a tiempo completo;08 Castilla - La Mancha;7;2009;1.863,4
Jornada a tiempo completo;08 Castilla - La Mancha;7;2008;1.792,8
Jornada a tiempo completo;08 Castilla - La Mancha;7;2007;1.702,1
Jornada a tiempo completo;08 Castilla - La Mancha;7;2006;1.623,7
Jornada a tiempo completo;08 Castilla - La Mancha;8;2024;2.886,0
Jornada a tiempo completo;08 Castilla - La Mancha;8;2023;2.782,1
Jornada a tiempo completo;08 Castilla - La Mancha;8;2022;2.585,3
Jornada a tiempo completo;08 Castilla - La Mancha;8;2021;2.552,9
Jornada a tiempo completo;08 Castilla - La Mancha;8;2020;2.531,0
Jornada a tiempo completo;08 Castilla - La Mancha;8;2019;2.449,6
Jornada a tiempo completo;08 Castilla - La Mancha;8;2018;2.444,5
Jornada a tiempo completo;08 Castilla - La Mancha;8;2017;2.340,9
Jornada a tiempo completo;08 Castilla - La Mancha;8;2016;2.350,8
Jornada a tiempo completo;08 Castilla - La Mancha;8;2015;2.368,4
Jornada a tiempo completo;08 Castilla - La Mancha;8;2014;2.376,6
Jornada a tiempo completo;08 Castilla - La Mancha;8;2013;2.356,3
Jornada a tiempo completo;08 Castilla - La Mancha;8;2012;2.297,0
Jornada a tiempo completo;08 Castilla - La Mancha;8;2011;2.291,3
Jornada a tiempo completo;08 Castilla - La Mancha;8;2010;2.275,1
Jornada a tiempo completo;08 Castilla - La Mancha;8;2009;2.247,8
Jornada a tiempo completo;08 Castilla - La Mancha;8;2008;2.130,4
Jornada a tiempo completo;08 Castilla - La Mancha;8;2007;2.053,0
Jornada a tiempo completo;08 Castilla - La Mancha;8;2006;1.955,2
Jornada a tiempo completo;08 Castilla - La Mancha;9;2024;3.565,5
Jornada a tiempo completo;08 Castilla - La Mancha;9;2023;3.342,1
Jornada a tiempo completo;08 Castilla - La Mancha;9;2022;3.186,7
Jornada a tiempo completo;08 Castilla - La Mancha;9;2021;3.135,5
Jornada a tiempo completo;08 Castilla - La Mancha;9;2020;3.160,0
Jornada a tiempo completo;08 Castilla - La Mancha;9;2019;3.028,5
Jornada a tiempo completo;08 Castilla - La Mancha;9;2018;2.985,5
Jornada a tiempo completo;08 Castilla - La Mancha;9;2017;2.949,7
Jornada a tiempo completo;08 Castilla - La Mancha;9;2016;2.906,0
Jornada a tiempo completo;08 Castilla - La Mancha;9;2015;2.971,6
Jornada a tiempo completo;08 Castilla - La Mancha;9;2014;2.947,4
Jornada a tiempo completo;08 Castilla - La Mancha;9;2013;2.869,8
Jornada a tiempo completo;08 Castilla - La Mancha;9;2012;2.855,6
Jornada a tiempo completo;08 Castilla - La Mancha;9;2011;2.854,4
Jornada a tiempo completo;08 Castilla - La Mancha;9;2010;2.826,2
Jornada a tiempo completo;08 Castilla - La Mancha;9;2009;2.807,0
Jornada a tiempo completo;08 Castilla - La Mancha;9;2008;2.696,6
Jornada a tiempo completo;08 Castilla - La Mancha;9;2007;2.557,3
Jornada a tiempo completo;08 Castilla - La Mancha;9;2006;2.457,5
Jornada a tiempo completo;08 Castilla - La Mancha;10;2024;5.304,8
Jornada a tiempo completo;08 Castilla - La Mancha;10;2023;5.166,2
Jornada a tiempo completo;08 Castilla - La Mancha;10;2022;4.923,1
Jornada a tiempo completo;08 Castilla - La Mancha;10;2021;4.711,6
Jornada a tiempo completo;08 Castilla - La Mancha;10;2020;4.673,3
Jornada a tiempo completo;08 Castilla - La Mancha;10;2019;4.708,8
Jornada a tiempo completo;08 Castilla - La Mancha;10;2018;4.466,3
Jornada a tiempo completo;08 Castilla - La Mancha;10;2017;4.483,5
Jornada a tiempo completo;08 Castilla - La Mancha;10;2016;4.517,4
Jornada a tiempo completo;08 Castilla - La Mancha;10;2015;4.511,3
Jornada a tiempo completo;08 Castilla - La Mancha;10;2014;4.374,2
Jornada a tiempo completo;08 Castilla - La Mancha;10;2013;4.429,9
Jornada a tiempo completo;08 Castilla - La Mancha;10;2012;4.245,3
Jornada a tiempo completo;08 Castilla - La Mancha;10;2011;4.351,2
Jornada a tiempo completo;08 Castilla - La Mancha;10;2010;4.382,3
Jornada a tiempo completo;08 Castilla - La Mancha;10;2009;4.212,3
Jornada a tiempo completo;08 Castilla - La Mancha;10;2008;4.094,2
Jornada a tiempo completo;08 Castilla - La Mancha;10;2007;3.565,5
Jornada a tiempo completo;08 Castilla - La Mancha;10;2006;3.470,9
Jornada a tiempo completo;09 Cataluña;Total;2024;2.771,2
Jornada a tiempo completo;09 Cataluña;Total;2023;2.668,1
Jornada a tiempo completo;09 Cataluña;Total;2022;2.475,6
Jornada a tiempo completo;09 Cataluña;Total;2021;2.421,8
Jornada a tiempo completo;09 Cataluña;Total;2020;2.398,5
Jornada a tiempo completo;09 Cataluña;Total;2019;2.379,3
Jornada a tiempo completo;09 Cataluña;Total;2018;2.316,2
Jornada a tiempo completo;09 Cataluña;Total;2017;2.230,9
Jornada a tiempo completo;09 Cataluña;Total;2016;2.179,7
Jornada a tiempo completo;09 Cataluña;Total;2015;2.256,2
Jornada a tiempo completo;09 Cataluña;Total;2014;2.201,9
Jornada a tiempo completo;09 Cataluña;Total;2013;2.188,9
Jornada a tiempo completo;09 Cataluña;Total;2012;2.171,1
Jornada a tiempo completo;09 Cataluña;Total;2011;2.126,9
Jornada a tiempo completo;09 Cataluña;Total;2010;2.098,6
Jornada a tiempo completo;09 Cataluña;Total;2009;2.082,0
Jornada a tiempo completo;09 Cataluña;Total;2008;2.070,0
Jornada a tiempo completo;09 Cataluña;Total;2007;1.832,0
Jornada a tiempo completo;09 Cataluña;Total;2006;1.824,9
Jornada a tiempo completo;09 Cataluña;1;2024;980,2
Jornada a tiempo completo;09 Cataluña;1;2023;906,6
Jornada a tiempo completo;09 Cataluña;1;2022;889,6
Jornada a tiempo completo;09 Cataluña;1;2021;777,5
Jornada a tiempo completo;09 Cataluña;1;2020;751,0
Jornada a tiempo completo;09 Cataluña;1;2019;745,7
Jornada a tiempo completo;09 Cataluña;1;2018;681,1
Jornada a tiempo completo;09 Cataluña;1;2017;649,2
Jornada a tiempo completo;09 Cataluña;1;2016;626,3
Jornada a tiempo completo;09 Cataluña;1;2015;623,3
Jornada a tiempo completo;09 Cataluña;1;2014;562,6
Jornada a tiempo completo;09 Cataluña;1;2013;554,4
Jornada a tiempo completo;09 Cataluña;1;2012;580,4
Jornada a tiempo completo;09 Cataluña;1;2011;575,4
Jornada a tiempo completo;09 Cataluña;1;2010;650,8
Jornada a tiempo completo;09 Cataluña;1;2009;621,6
Jornada a tiempo completo;09 Cataluña;1;2008;676,6
Jornada a tiempo completo;09 Cataluña;1;2007;638,3
Jornada a tiempo completo;09 Cataluña;1;2006;597,9
Jornada a tiempo completo;09 Cataluña;2;2024;1.309,9
Jornada a tiempo completo;09 Cataluña;2;2023;1.239,4
Jornada a tiempo completo;09 Cataluña;2;2022;1.137,9
Jornada a tiempo completo;09 Cataluña;2;2021;1.054,8
Jornada a tiempo completo;09 Cataluña;2;2020;1.024,9
Jornada a tiempo completo;09 Cataluña;2;2019;1.022,7
Jornada a tiempo completo;09 Cataluña;2;2018;933,6
Jornada a tiempo completo;09 Cataluña;2;2017;886,5
Jornada a tiempo completo;09 Cataluña;2;2016;895,9
Jornada a tiempo completo;09 Cataluña;2;2015;849,9
Jornada a tiempo completo;09 Cataluña;2;2014;851,5
Jornada a tiempo completo;09 Cataluña;2;2013;865,5
Jornada a tiempo completo;09 Cataluña;2;2012;884,8
Jornada a tiempo completo;09 Cataluña;2;2011;879,0
Jornada a tiempo completo;09 Cataluña;2;2010;909,6
Jornada a tiempo completo;09 Cataluña;2;2009;896,7
Jornada a tiempo completo;09 Cataluña;2;2008;898,3
Jornada a tiempo completo;09 Cataluña;2;2007;876,1
Jornada a tiempo completo;09 Cataluña;2;2006;815,4
Jornada a tiempo completo;09 Cataluña;3;2024;1.482,9
Jornada a tiempo completo;09 Cataluña;3;2023;1.433,4
Jornada a tiempo completo;09 Cataluña;3;2022;1.335,3
Jornada a tiempo completo;09 Cataluña;3;2021;1.254,7
Jornada a tiempo completo;09 Cataluña;3;2020;1.237,7
Jornada a tiempo completo;09 Cataluña;3;2019;1.221,1
Jornada a tiempo completo;09 Cataluña;3;2018;1.160,2
Jornada a tiempo completo;09 Cataluña;3;2017;1.122,6
Jornada a tiempo completo;09 Cataluña;3;2016;1.122,7
Jornada a tiempo completo;09 Cataluña;3;2015;1.099,3
Jornada a tiempo completo;09 Cataluña;3;2014;1.110,0
Jornada a tiempo completo;09 Cataluña;3;2013;1.103,5
Jornada a tiempo completo;09 Cataluña;3;2012;1.109,8
Jornada a tiempo completo;09 Cataluña;3;2011;1.126,1
Jornada a tiempo completo;09 Cataluña;3;2010;1.144,0
Jornada a tiempo completo;09 Cataluña;3;2009;1.122,0
Jornada a tiempo completo;09 Cataluña;3;2008;1.112,5
Jornada a tiempo completo;09 Cataluña;3;2007;1.059,4
Jornada a tiempo completo;09 Cataluña;3;2006;1.003,6
Jornada a tiempo completo;09 Cataluña;4;2024;1.680,5
Jornada a tiempo completo;09 Cataluña;4;2023;1.625,4
Jornada a tiempo completo;09 Cataluña;4;2022;1.526,2
Jornada a tiempo completo;09 Cataluña;4;2021;1.459,7
Jornada a tiempo completo;09 Cataluña;4;2020;1.421,4
Jornada a tiempo completo;09 Cataluña;4;2019;1.424,7
Jornada a tiempo completo;09 Cataluña;4;2018;1.356,4
Jornada a tiempo completo;09 Cataluña;4;2017;1.322,7
Jornada a tiempo completo;09 Cataluña;4;2016;1.325,9
Jornada a tiempo completo;09 Cataluña;4;2015;1.321,0
Jornada a tiempo completo;09 Cataluña;4;2014;1.311,0
Jornada a tiempo completo;09 Cataluña;4;2013;1.324,9
Jornada a tiempo completo;09 Cataluña;4;2012;1.325,8
Jornada a tiempo completo;09 Cataluña;4;2011;1.311,4
Jornada a tiempo completo;09 Cataluña;4;2010;1.321,0
Jornada a tiempo completo;09 Cataluña;4;2009;1.291,2
Jornada a tiempo completo;09 Cataluña;4;2008;1.268,8
Jornada a tiempo completo;09 Cataluña;4;2007;1.202,4
Jornada a tiempo completo;09 Cataluña;4;2006;1.148,3
Jornada a tiempo completo;09 Cataluña;5;2024;1.890,3
Jornada a tiempo completo;09 Cataluña;5;2023;1.835,2
Jornada a tiempo completo;09 Cataluña;5;2022;1.714,9
Jornada a tiempo completo;09 Cataluña;5;2021;1.653,9
Jornada a tiempo completo;09 Cataluña;5;2020;1.609,7
Jornada a tiempo completo;09 Cataluña;5;2019;1.591,9
Jornada a tiempo completo;09 Cataluña;5;2018;1.555,3
Jornada a tiempo completo;09 Cataluña;5;2017;1.500,1
Jornada a tiempo completo;09 Cataluña;5;2016;1.497,7
Jornada a tiempo completo;09 Cataluña;5;2015;1.493,7
Jornada a tiempo completo;09 Cataluña;5;2014;1.502,8
Jornada a tiempo completo;09 Cataluña;5;2013;1.498,5
Jornada a tiempo completo;09 Cataluña;5;2012;1.492,8
Jornada a tiempo completo;09 Cataluña;5;2011;1.487,4
Jornada a tiempo completo;09 Cataluña;5;2010;1.486,6
Jornada a tiempo completo;09 Cataluña;5;2009;1.451,1
Jornada a tiempo completo;09 Cataluña;5;2008;1.413,3
Jornada a tiempo completo;09 Cataluña;5;2007;1.337,7
Jornada a tiempo completo;09 Cataluña;5;2006;1.274,4
Jornada a tiempo completo;09 Cataluña;6;2024;2.136,0
Jornada a tiempo completo;09 Cataluña;6;2023;2.066,5
Jornada a tiempo completo;09 Cataluña;6;2022;1.917,5
Jornada a tiempo completo;09 Cataluña;6;2021;1.871,4
Jornada a tiempo completo;09 Cataluña;6;2020;1.820,2
Jornada a tiempo completo;09 Cataluña;6;2019;1.800,4
Jornada a tiempo completo;09 Cataluña;6;2018;1.754,9
Jornada a tiempo completo;09 Cataluña;6;2017;1.706,6
Jornada a tiempo completo;09 Cataluña;6;2016;1.707,6
Jornada a tiempo completo;09 Cataluña;6;2015;1.708,2
Jornada a tiempo completo;09 Cataluña;6;2014;1.722,3
Jornada a tiempo completo;09 Cataluña;6;2013;1.708,7
Jornada a tiempo completo;09 Cataluña;6;2012;1.688,5
Jornada a tiempo completo;09 Cataluña;6;2011;1.680,4
Jornada a tiempo completo;09 Cataluña;6;2010;1.666,5
Jornada a tiempo completo;09 Cataluña;6;2009;1.628,8
Jornada a tiempo completo;09 Cataluña;6;2008;1.575,8
Jornada a tiempo completo;09 Cataluña;6;2007;1.496,0
Jornada a tiempo completo;09 Cataluña;6;2006;1.414,9
Jornada a tiempo completo;09 Cataluña;7;2024;2.449,9
Jornada a tiempo completo;09 Cataluña;7;2023;2.359,1
Jornada a tiempo completo;09 Cataluña;7;2022;2.184,1
Jornada a tiempo completo;09 Cataluña;7;2021;2.155,4
Jornada a tiempo completo;09 Cataluña;7;2020;2.100,5
Jornada a tiempo completo;09 Cataluña;7;2019;2.054,3
Jornada a tiempo completo;09 Cataluña;7;2018;2.022,0
Jornada a tiempo completo;09 Cataluña;7;2017;1.972,1
Jornada a tiempo completo;09 Cataluña;7;2016;1.970,9
Jornada a tiempo completo;09 Cataluña;7;2015;1.952,9
Jornada a tiempo completo;09 Cataluña;7;2014;1.995,1
Jornada a tiempo completo;09 Cataluña;7;2013;1.988,0
Jornada a tiempo completo;09 Cataluña;7;2012;1.940,2
Jornada a tiempo completo;09 Cataluña;7;2011;1.927,2
Jornada a tiempo completo;09 Cataluña;7;2010;1.917,6
Jornada a tiempo completo;09 Cataluña;7;2009;1.871,3
Jornada a tiempo completo;09 Cataluña;7;2008;1.792,8
Jornada a tiempo completo;09 Cataluña;7;2007;1.701,4
Jornada a tiempo completo;09 Cataluña;7;2006;1.628,8
Jornada a tiempo completo;09 Cataluña;8;2024;2.915,0
Jornada a tiempo completo;09 Cataluña;8;2023;2.780,2
Jornada a tiempo completo;09 Cataluña;8;2022;2.589,3
Jornada a tiempo completo;09 Cataluña;8;2021;2.567,4
Jornada a tiempo completo;09 Cataluña;8;2020;2.539,8
Jornada a tiempo completo;09 Cataluña;8;2019;2.444,7
Jornada a tiempo completo;09 Cataluña;8;2018;2.415,9
Jornada a tiempo completo;09 Cataluña;8;2017;2.347,3
Jornada a tiempo completo;09 Cataluña;8;2016;2.356,5
Jornada a tiempo completo;09 Cataluña;8;2015;2.368,2
Jornada a tiempo completo;09 Cataluña;8;2014;2.379,8
Jornada a tiempo completo;09 Cataluña;8;2013;2.370,3
Jornada a tiempo completo;09 Cataluña;8;2012;2.315,2
Jornada a tiempo completo;09 Cataluña;8;2011;2.285,3
Jornada a tiempo completo;09 Cataluña;8;2010;2.295,6
Jornada a tiempo completo;09 Cataluña;8;2009;2.244,4
Jornada a tiempo completo;09 Cataluña;8;2008;2.144,4
Jornada a tiempo completo;09 Cataluña;8;2007;2.041,3
Jornada a tiempo completo;09 Cataluña;8;2006;1.963,7
Jornada a tiempo completo;09 Cataluña;9;2024;3.595,9
Jornada a tiempo completo;09 Cataluña;9;2023;3.408,2
Jornada a tiempo completo;09 Cataluña;9;2022;3.176,3
Jornada a tiempo completo;09 Cataluña;9;2021;3.157,1
Jornada a tiempo completo;09 Cataluña;9;2020;3.152,5
Jornada a tiempo completo;09 Cataluña;9;2019;3.035,9
Jornada a tiempo completo;09 Cataluña;9;2018;2.979,0
Jornada a tiempo completo;09 Cataluña;9;2017;2.965,6
Jornada a tiempo completo;09 Cataluña;9;2016;2.922,1
Jornada a tiempo completo;09 Cataluña;9;2015;2.967,2
Jornada a tiempo completo;09 Cataluña;9;2014;2.935,6
Jornada a tiempo completo;09 Cataluña;9;2013;2.921,5
Jornada a tiempo completo;09 Cataluña;9;2012;2.854,9
Jornada a tiempo completo;09 Cataluña;9;2011;2.847,1
Jornada a tiempo completo;09 Cataluña;9;2010;2.847,5
Jornada a tiempo completo;09 Cataluña;9;2009;2.796,6
Jornada a tiempo completo;09 Cataluña;9;2008;2.689,0
Jornada a tiempo completo;09 Cataluña;9;2007;2.557,2
Jornada a tiempo completo;09 Cataluña;9;2006;2.445,1
Jornada a tiempo completo;09 Cataluña;10;2024;5.932,3
Jornada a tiempo completo;09 Cataluña;10;2023;5.243,6
Jornada a tiempo completo;09 Cataluña;10;2022;4.927,9
Jornada a tiempo completo;09 Cataluña;10;2021;5.121,3
Jornada a tiempo completo;09 Cataluña;10;2020;5.066,1
Jornada a tiempo completo;09 Cataluña;10;2019;4.764,7
Jornada a tiempo completo;09 Cataluña;10;2018;4.955,9
Jornada a tiempo completo;09 Cataluña;10;2017;4.575,5
Jornada a tiempo completo;09 Cataluña;10;2016;4.521,6
Jornada a tiempo completo;09 Cataluña;10;2015;4.847,1
Jornada a tiempo completo;09 Cataluña;10;2014;4.642,0
Jornada a tiempo completo;09 Cataluña;10;2013;4.608,1
Jornada a tiempo completo;09 Cataluña;10;2012;4.528,5
Jornada a tiempo completo;09 Cataluña;10;2011;4.448,0
Jornada a tiempo completo;09 Cataluña;10;2010;4.333,4
Jornada a tiempo completo;09 Cataluña;10;2009;4.425,4
Jornada a tiempo completo;09 Cataluña;10;2008;4.397,7
Jornada a tiempo completo;09 Cataluña;10;2007;3.650,0
Jornada a tiempo completo;09 Cataluña;10;2006;3.572,1
Jornada a tiempo completo;10 Comunitat Valenciana;Total;2024;2.455,8
Jornada a tiempo completo;10 Comunitat Valenciana;Total;2023;2.307,8
Jornada a tiempo completo;10 Comunitat Valenciana;Total;2022;2.149,4
Jornada a tiempo completo;10 Comunitat Valenciana;Total;2021;2.198,3
Jornada a tiempo completo;10 Comunitat Valenciana;Total;2020;2.152,3
Jornada a tiempo completo;10 Comunitat Valenciana;Total;2019;2.085,5
Jornada a tiempo completo;10 Comunitat Valenciana;Total;2018;2.042,4
Jornada a tiempo completo;10 Comunitat Valenciana;Total;2017;1.912,1
Jornada a tiempo completo;10 Comunitat Valenciana;Total;2016;1.967,5
Jornada a tiempo completo;10 Comunitat Valenciana;Total;2015;1.953,6
Jornada a tiempo completo;10 Comunitat Valenciana;Total;2014;2.000,4
Jornada a tiempo completo;10 Comunitat Valenciana;Total;2013;1.996,1
Jornada a tiempo completo;10 Comunitat Valenciana;Total;2012;1.952,7
Jornada a tiempo completo;10 Comunitat Valenciana;Total;2011;1.943,7
Jornada a tiempo completo;10 Comunitat Valenciana;Total;2010;1.877,7
Jornada a tiempo completo;10 Comunitat Valenciana;Total;2009;1.787,7
Jornada a tiempo completo;10 Comunitat Valenciana;Total;2008;1.726,6
Jornada a tiempo completo;10 Comunitat Valenciana;Total;2007;1.644,6
Jornada a tiempo completo;10 Comunitat Valenciana;Total;2006;1.547,1
Jornada a tiempo completo;10 Comunitat Valenciana;1;2024;978,8
Jornada a tiempo completo;10 Comunitat Valenciana;1;2023;923,4
Jornada a tiempo completo;10 Comunitat Valenciana;1;2022;865,9
Jornada a tiempo completo;10 Comunitat Valenciana;1;2021;790,4
Jornada a tiempo completo;10 Comunitat Valenciana;1;2020;750,4
Jornada a tiempo completo;10 Comunitat Valenciana;1;2019;737,0
Jornada a tiempo completo;10 Comunitat Valenciana;1;2018;666,6
Jornada a tiempo completo;10 Comunitat Valenciana;1;2017;647,0
Jornada a tiempo completo;10 Comunitat Valenciana;1;2016;656,7
Jornada a tiempo completo;10 Comunitat Valenciana;1;2015;603,2
Jornada a tiempo completo;10 Comunitat Valenciana;1;2014;581,2
Jornada a tiempo completo;10 Comunitat Valenciana;1;2013;592,0
Jornada a tiempo completo;10 Comunitat Valenciana;1;2012;600,8
Jornada a tiempo completo;10 Comunitat Valenciana;1;2011;611,9
Jornada a tiempo completo;10 Comunitat Valenciana;1;2010;627,3
Jornada a tiempo completo;10 Comunitat Valenciana;1;2009;632,2
Jornada a tiempo completo;10 Comunitat Valenciana;1;2008;662,0
Jornada a tiempo completo;10 Comunitat Valenciana;1;2007;631,6
Jornada a tiempo completo;10 Comunitat Valenciana;1;2006;559,3
Jornada a tiempo completo;10 Comunitat Valenciana;2;2024;1.292,6
Jornada a tiempo completo;10 Comunitat Valenciana;2;2023;1.235,9
Jornada a tiempo completo;10 Comunitat Valenciana;2;2022;1.145,3
Jornada a tiempo completo;10 Comunitat Valenciana;2;2021;1.059,6
Jornada a tiempo completo;10 Comunitat Valenciana;2;2020;1.035,7
Jornada a tiempo completo;10 Comunitat Valenciana;2;2019;1.007,7
Jornada a tiempo completo;10 Comunitat Valenciana;2;2018;928,2
Jornada a tiempo completo;10 Comunitat Valenciana;2;2017;882,4
Jornada a tiempo completo;10 Comunitat Valenciana;2;2016;890,5
Jornada a tiempo completo;10 Comunitat Valenciana;2;2015;853,2
Jornada a tiempo completo;10 Comunitat Valenciana;2;2014;838,0
Jornada a tiempo completo;10 Comunitat Valenciana;2;2013;835,4
Jornada a tiempo completo;10 Comunitat Valenciana;2;2012;873,4
Jornada a tiempo completo;10 Comunitat Valenciana;2;2011;899,7
Jornada a tiempo completo;10 Comunitat Valenciana;2;2010;912,1
Jornada a tiempo completo;10 Comunitat Valenciana;2;2009;899,0
Jornada a tiempo completo;10 Comunitat Valenciana;2;2008;902,7
Jornada a tiempo completo;10 Comunitat Valenciana;2;2007;867,9
Jornada a tiempo completo;10 Comunitat Valenciana;2;2006;812,1
Jornada a tiempo completo;10 Comunitat Valenciana;3;2024;1.495,1
Jornada a tiempo completo;10 Comunitat Valenciana;3;2023;1.441,3
Jornada a tiempo completo;10 Comunitat Valenciana;3;2022;1.341,3
Jornada a tiempo completo;10 Comunitat Valenciana;3;2021;1.260,5
Jornada a tiempo completo;10 Comunitat Valenciana;3;2020;1.242,6
Jornada a tiempo completo;10 Comunitat Valenciana;3;2019;1.218,3
Jornada a tiempo completo;10 Comunitat Valenciana;3;2018;1.159,0
Jornada a tiempo completo;10 Comunitat Valenciana;3;2017;1.130,2
Jornada a tiempo completo;10 Comunitat Valenciana;3;2016;1.125,8
Jornada a tiempo completo;10 Comunitat Valenciana;3;2015;1.101,8
Jornada a tiempo completo;10 Comunitat Valenciana;3;2014;1.103,6
Jornada a tiempo completo;10 Comunitat Valenciana;3;2013;1.108,7
Jornada a tiempo completo;10 Comunitat Valenciana;3;2012;1.136,4
Jornada a tiempo completo;10 Comunitat Valenciana;3;2011;1.137,9
Jornada a tiempo completo;10 Comunitat Valenciana;3;2010;1.142,9
Jornada a tiempo completo;10 Comunitat Valenciana;3;2009;1.125,8
Jornada a tiempo completo;10 Comunitat Valenciana;3;2008;1.115,4
Jornada a tiempo completo;10 Comunitat Valenciana;3;2007;1.068,6
Jornada a tiempo completo;10 Comunitat Valenciana;3;2006;1.010,5
Jornada a tiempo completo;10 Comunitat Valenciana;4;2024;1.686,9
Jornada a tiempo completo;10 Comunitat Valenciana;4;2023;1.628,3
Jornada a tiempo completo;10 Comunitat Valenciana;4;2022;1.519,3
Jornada a tiempo completo;10 Comunitat Valenciana;4;2021;1.459,8
Jornada a tiempo completo;10 Comunitat Valenciana;4;2020;1.429,5
Jornada a tiempo completo;10 Comunitat Valenciana;4;2019;1.419,8
Jornada a tiempo completo;10 Comunitat Valenciana;4;2018;1.353,7
Jornada a tiempo completo;10 Comunitat Valenciana;4;2017;1.319,0
Jornada a tiempo completo;10 Comunitat Valenciana;4;2016;1.323,5
Jornada a tiempo completo;10 Comunitat Valenciana;4;2015;1.311,5
Jornada a tiempo completo;10 Comunitat Valenciana;4;2014;1.312,7
Jornada a tiempo completo;10 Comunitat Valenciana;4;2013;1.317,6
Jornada a tiempo completo;10 Comunitat Valenciana;4;2012;1.325,2
Jornada a tiempo completo;10 Comunitat Valenciana;4;2011;1.312,1
Jornada a tiempo completo;10 Comunitat Valenciana;4;2010;1.313,9
Jornada a tiempo completo;10 Comunitat Valenciana;4;2009;1.288,5
Jornada a tiempo completo;10 Comunitat Valenciana;4;2008;1.268,1
Jornada a tiempo completo;10 Comunitat Valenciana;4;2007;1.201,1
Jornada a tiempo completo;10 Comunitat Valenciana;4;2006;1.146,4
Jornada a tiempo completo;10 Comunitat Valenciana;5;2024;1.885,4
Jornada a tiempo completo;10 Comunitat Valenciana;5;2023;1.829,3
Jornada a tiempo completo;10 Comunitat Valenciana;5;2022;1.706,5
Jornada a tiempo completo;10 Comunitat Valenciana;5;2021;1.656,4
Jornada a tiempo completo;10 Comunitat Valenciana;5;2020;1.597,7
Jornada a tiempo completo;10 Comunitat Valenciana;5;2019;1.593,5
Jornada a tiempo completo;10 Comunitat Valenciana;5;2018;1.545,8
Jornada a tiempo completo;10 Comunitat Valenciana;5;2017;1.492,2
Jornada a tiempo completo;10 Comunitat Valenciana;5;2016;1.499,8
Jornada a tiempo completo;10 Comunitat Valenciana;5;2015;1.493,9
Jornada a tiempo completo;10 Comunitat Valenciana;5;2014;1.496,2
Jornada a tiempo completo;10 Comunitat Valenciana;5;2013;1.503,5
Jornada a tiempo completo;10 Comunitat Valenciana;5;2012;1.494,1
Jornada a tiempo completo;10 Comunitat Valenciana;5;2011;1.481,7
Jornada a tiempo completo;10 Comunitat Valenciana;5;2010;1.468,5
Jornada a tiempo completo;10 Comunitat Valenciana;5;2009;1.434,4
Jornada a tiempo completo;10 Comunitat Valenciana;5;2008;1.405,5
Jornada a tiempo completo;10 Comunitat Valenciana;5;2007;1.334,1
Jornada a tiempo completo;10 Comunitat Valenciana;5;2006;1.272,3
Jornada a tiempo completo;10 Comunitat Valenciana;6;2024;2.140,2
Jornada a tiempo completo;10 Comunitat Valenciana;6;2023;2.062,5
Jornada a tiempo completo;10 Comunitat Valenciana;6;2022;1.914,1
Jornada a tiempo completo;10 Comunitat Valenciana;6;2021;1.865,0
Jornada a tiempo completo;10 Comunitat Valenciana;6;2020;1.813,8
Jornada a tiempo completo;10 Comunitat Valenciana;6;2019;1.785,5
Jornada a tiempo completo;10 Comunitat Valenciana;6;2018;1.751,0
Jornada a tiempo completo;10 Comunitat Valenciana;6;2017;1.699,6
Jornada a tiempo completo;10 Comunitat Valenciana;6;2016;1.709,9
Jornada a tiempo completo;10 Comunitat Valenciana;6;2015;1.702,9
Jornada a tiempo completo;10 Comunitat Valenciana;6;2014;1.709,0
Jornada a tiempo completo;10 Comunitat Valenciana;6;2013;1.696,1
Jornada a tiempo completo;10 Comunitat Valenciana;6;2012;1.680,3
Jornada a tiempo completo;10 Comunitat Valenciana;6;2011;1.674,8
Jornada a tiempo completo;10 Comunitat Valenciana;6;2010;1.667,6
Jornada a tiempo completo;10 Comunitat Valenciana;6;2009;1.626,1
Jornada a tiempo completo;10 Comunitat Valenciana;6;2008;1.571,2
Jornada a tiempo completo;10 Comunitat Valenciana;6;2007;1.493,3
Jornada a tiempo completo;10 Comunitat Valenciana;6;2006;1.420,6
Jornada a tiempo completo;10 Comunitat Valenciana;7;2024;2.442,9
Jornada a tiempo completo;10 Comunitat Valenciana;7;2023;2.362,7
Jornada a tiempo completo;10 Comunitat Valenciana;7;2022;2.181,5
Jornada a tiempo completo;10 Comunitat Valenciana;7;2021;2.145,0
Jornada a tiempo completo;10 Comunitat Valenciana;7;2020;2.119,2
Jornada a tiempo completo;10 Comunitat Valenciana;7;2019;2.056,4
Jornada a tiempo completo;10 Comunitat Valenciana;7;2018;2.018,8
Jornada a tiempo completo;10 Comunitat Valenciana;7;2017;1.967,4
Jornada a tiempo completo;10 Comunitat Valenciana;7;2016;1.966,8
Jornada a tiempo completo;10 Comunitat Valenciana;7;2015;1.954,6
Jornada a tiempo completo;10 Comunitat Valenciana;7;2014;2.010,9
Jornada a tiempo completo;10 Comunitat Valenciana;7;2013;1.973,4
Jornada a tiempo completo;10 Comunitat Valenciana;7;2012;1.947,1
Jornada a tiempo completo;10 Comunitat Valenciana;7;2011;1.926,7
Jornada a tiempo completo;10 Comunitat Valenciana;7;2010;1.911,6
Jornada a tiempo completo;10 Comunitat Valenciana;7;2009;1.868,2
Jornada a tiempo completo;10 Comunitat Valenciana;7;2008;1.795,9
Jornada a tiempo completo;10 Comunitat Valenciana;7;2007;1.702,8
Jornada a tiempo completo;10 Comunitat Valenciana;7;2006;1.622,5
Jornada a tiempo completo;10 Comunitat Valenciana;8;2024;2.913,6
Jornada a tiempo completo;10 Comunitat Valenciana;8;2023;2.773,5
Jornada a tiempo completo;10 Comunitat Valenciana;8;2022;2.620,1
Jornada a tiempo completo;10 Comunitat Valenciana;8;2021;2.564,1
Jornada a tiempo completo;10 Comunitat Valenciana;8;2020;2.547,3
Jornada a tiempo completo;10 Comunitat Valenciana;8;2019;2.434,7
Jornada a tiempo completo;10 Comunitat Valenciana;8;2018;2.412,6
Jornada a tiempo completo;10 Comunitat Valenciana;8;2017;2.358,7
Jornada a tiempo completo;10 Comunitat Valenciana;8;2016;2.344,2
Jornada a tiempo completo;10 Comunitat Valenciana;8;2015;2.351,2
Jornada a tiempo completo;10 Comunitat Valenciana;8;2014;2.381,9
Jornada a tiempo completo;10 Comunitat Valenciana;8;2013;2.361,3
Jornada a tiempo completo;10 Comunitat Valenciana;8;2012;2.320,4
Jornada a tiempo completo;10 Comunitat Valenciana;8;2011;2.305,7
Jornada a tiempo completo;10 Comunitat Valenciana;8;2010;2.280,3
Jornada a tiempo completo;10 Comunitat Valenciana;8;2009;2.225,8
Jornada a tiempo completo;10 Comunitat Valenciana;8;2008;2.137,1
Jornada a tiempo completo;10 Comunitat Valenciana;8;2007;2.035,3
Jornada a tiempo completo;10 Comunitat Valenciana;8;2006;1.965,1
Jornada a tiempo completo;10 Comunitat Valenciana;9;2024;3.542,7
Jornada a tiempo completo;10 Comunitat Valenciana;9;2023;3.386,8
Jornada a tiempo completo;10 Comunitat Valenciana;9;2022;3.156,4
Jornada a tiempo completo;10 Comunitat Valenciana;9;2021;3.118,5
Jornada a tiempo completo;10 Comunitat Valenciana;9;2020;3.130,8
Jornada a tiempo completo;10 Comunitat Valenciana;9;2019;3.034,5
Jornada a tiempo completo;10 Comunitat Valenciana;9;2018;3.021,7
Jornada a tiempo completo;10 Comunitat Valenciana;9;2017;2.943,1
Jornada a tiempo completo;10 Comunitat Valenciana;9;2016;2.898,1
Jornada a tiempo completo;10 Comunitat Valenciana;9;2015;2.957,2
Jornada a tiempo completo;10 Comunitat Valenciana;9;2014;2.938,1
Jornada a tiempo completo;10 Comunitat Valenciana;9;2013;2.933,9
Jornada a tiempo completo;10 Comunitat Valenciana;9;2012;2.844,3
Jornada a tiempo completo;10 Comunitat Valenciana;9;2011;2.841,8
Jornada a tiempo completo;10 Comunitat Valenciana;9;2010;2.840,2
Jornada a tiempo completo;10 Comunitat Valenciana;9;2009;2.814,1
Jornada a tiempo completo;10 Comunitat Valenciana;9;2008;2.684,5
Jornada a tiempo completo;10 Comunitat Valenciana;9;2007;2.570,1
Jornada a tiempo completo;10 Comunitat Valenciana;9;2006;2.453,0
Jornada a tiempo completo;10 Comunitat Valenciana;10;2024;5.735,5
Jornada a tiempo completo;10 Comunitat Valenciana;10;2023;5.344,0
Jornada a tiempo completo;10 Comunitat Valenciana;10;2022;4.859,9
Jornada a tiempo completo;10 Comunitat Valenciana;10;2021;5.176,7
Jornada a tiempo completo;10 Comunitat Valenciana;10;2020;5.136,2
Jornada a tiempo completo;10 Comunitat Valenciana;10;2019;4.760,2
Jornada a tiempo completo;10 Comunitat Valenciana;10;2018;4.786,9
Jornada a tiempo completo;10 Comunitat Valenciana;10;2017;4.442,6
Jornada a tiempo completo;10 Comunitat Valenciana;10;2016;4.492,7
Jornada a tiempo completo;10 Comunitat Valenciana;10;2015;4.578,6
Jornada a tiempo completo;10 Comunitat Valenciana;10;2014;4.620,2
Jornada a tiempo completo;10 Comunitat Valenciana;10;2013;4.558,0
Jornada a tiempo completo;10 Comunitat Valenciana;10;2012;4.469,1
Jornada a tiempo completo;10 Comunitat Valenciana;10;2011;4.410,6
Jornada a tiempo completo;10 Comunitat Valenciana;10;2010;4.197,2
Jornada a tiempo completo;10 Comunitat Valenciana;10;2009;4.254,1
Jornada a tiempo completo;10 Comunitat Valenciana;10;2008;4.198,9
Jornada a tiempo completo;10 Comunitat Valenciana;10;2007;3.633,4
Jornada a tiempo completo;10 Comunitat Valenciana;10;2006;3.466,1
Jornada a tiempo completo;11 Extremadura;Total;2024;2.306,3
Jornada a tiempo completo;11 Extremadura;Total;2023;2.139,2
Jornada a tiempo completo;11 Extremadura;Total;2022;2.050,9
Jornada a tiempo completo;11 Extremadura;Total;2021;1.808,7
Jornada a tiempo completo;11 Extremadura;Total;2020;1.987,2
Jornada a tiempo completo;11 Extremadura;Total;2019;1.928,5
Jornada a tiempo completo;11 Extremadura;Total;2018;1.821,8
Jornada a tiempo completo;11 Extremadura;Total;2017;1.788,0
Jornada a tiempo completo;11 Extremadura;Total;2016;1.860,0
Jornada a tiempo completo;11 Extremadura;Total;2015;1.773,1
Jornada a tiempo completo;11 Extremadura;Total;2014;1.798,1
Jornada a tiempo completo;11 Extremadura;Total;2013;1.845,8
Jornada a tiempo completo;11 Extremadura;Total;2012;1.772,5
Jornada a tiempo completo;11 Extremadura;Total;2011;1.757,2
Jornada a tiempo completo;11 Extremadura;Total;2010;1.768,7
Jornada a tiempo completo;11 Extremadura;Total;2009;1.660,9
Jornada a tiempo completo;11 Extremadura;Total;2008;1.702,5
Jornada a tiempo completo;11 Extremadura;Total;2007;1.580,6
Jornada a tiempo completo;11 Extremadura;Total;2006;1.453,6
Jornada a tiempo completo;11 Extremadura;1;2024;960,5
Jornada a tiempo completo;11 Extremadura;1;2023;951,6
Jornada a tiempo completo;11 Extremadura;1;2022;883,3
Jornada a tiempo completo;11 Extremadura;1;2021;769,4
Jornada a tiempo completo;11 Extremadura;1;2020;747,3
Jornada a tiempo completo;11 Extremadura;1;2019;736,2
Jornada a tiempo completo;11 Extremadura;1;2018;682,3
Jornada a tiempo completo;11 Extremadura;1;2017;624,7
Jornada a tiempo completo;11 Extremadura;1;2016;611,3
Jornada a tiempo completo;11 Extremadura;1;2015;590,5
Jornada a tiempo completo;11 Extremadura;1;2014;576,0
Jornada a tiempo completo;11 Extremadura;1;2013;559,7
Jornada a tiempo completo;11 Extremadura;1;2012;563,1
Jornada a tiempo completo;11 Extremadura;1;2011;631,7
Jornada a tiempo completo;11 Extremadura;1;2010;590,6
Jornada a tiempo completo;11 Extremadura;1;2009;629,3
Jornada a tiempo completo;11 Extremadura;1;2008;646,3
Jornada a tiempo completo;11 Extremadura;1;2007;628,6
Jornada a tiempo completo;11 Extremadura;1;2006;576,0
Jornada a tiempo completo;11 Extremadura;2;2024;1.314,7
Jornada a tiempo completo;11 Extremadura;2;2023;1.243,1
Jornada a tiempo completo;11 Extremadura;2;2022;1.164,5
Jornada a tiempo completo;11 Extremadura;2;2021;1.062,8
Jornada a tiempo completo;11 Extremadura;2;2020;1.033,1
Jornada a tiempo completo;11 Extremadura;2;2019;1.029,6
Jornada a tiempo completo;11 Extremadura;2;2018;913,8
Jornada a tiempo completo;11 Extremadura;2;2017;890,5
Jornada a tiempo completo;11 Extremadura;2;2016;860,9
Jornada a tiempo completo;11 Extremadura;2;2015;845,6
Jornada a tiempo completo;11 Extremadura;2;2014;831,2
Jornada a tiempo completo;11 Extremadura;2;2013;832,2
Jornada a tiempo completo;11 Extremadura;2;2012;876,5
Jornada a tiempo completo;11 Extremadura;2;2011;882,9
Jornada a tiempo completo;11 Extremadura;2;2010;896,1
Jornada a tiempo completo;11 Extremadura;2;2009;883,7
Jornada a tiempo completo;11 Extremadura;2;2008;889,9
Jornada a tiempo completo;11 Extremadura;2;2007;863,0
Jornada a tiempo completo;11 Extremadura;2;2006;809,6
Jornada a tiempo completo;11 Extremadura;3;2024;1.481,4
Jornada a tiempo completo;11 Extremadura;3;2023;1.434,2
Jornada a tiempo completo;11 Extremadura;3;2022;1.328,4
Jornada a tiempo completo;11 Extremadura;3;2021;1.249,9
Jornada a tiempo completo;11 Extremadura;3;2020;1.229,1
Jornada a tiempo completo;11 Extremadura;3;2019;1.230,3
Jornada a tiempo completo;11 Extremadura;3;2018;1.157,5
Jornada a tiempo completo;11 Extremadura;3;2017;1.128,9
Jornada a tiempo completo;11 Extremadura;3;2016;1.128,0
Jornada a tiempo completo;11 Extremadura;3;2015;1.107,9
Jornada a tiempo completo;11 Extremadura;3;2014;1.098,3
Jornada a tiempo completo;11 Extremadura;3;2013;1.102,6
Jornada a tiempo completo;11 Extremadura;3;2012;1.139,4
Jornada a tiempo completo;11 Extremadura;3;2011;1.134,2
Jornada a tiempo completo;11 Extremadura;3;2010;1.136,1
Jornada a tiempo completo;11 Extremadura;3;2009;1.117,9
Jornada a tiempo completo;11 Extremadura;3;2008;1.100,6
Jornada a tiempo completo;11 Extremadura;3;2007;1.059,9
Jornada a tiempo completo;11 Extremadura;3;2006;997,3
Jornada a tiempo completo;11 Extremadura;4;2024;1.680,8
Jornada a tiempo completo;11 Extremadura;4;2023;1.635,0
Jornada a tiempo completo;11 Extremadura;4;2022;1.530,7
Jornada a tiempo completo;11 Extremadura;4;2021;1.461,6
Jornada a tiempo completo;11 Extremadura;4;2020;1.426,0
Jornada a tiempo completo;11 Extremadura;4;2019;1.416,5
Jornada a tiempo completo;11 Extremadura;4;2018;1.354,9
Jornada a tiempo completo;11 Extremadura;4;2017;1.324,2
Jornada a tiempo completo;11 Extremadura;4;2016;1.325,3
Jornada a tiempo completo;11 Extremadura;4;2015;1.314,0
Jornada a tiempo completo;11 Extremadura;4;2014;1.299,1
Jornada a tiempo completo;11 Extremadura;4;2013;1.307,9
Jornada a tiempo completo;11 Extremadura;4;2012;1.314,2
Jornada a tiempo completo;11 Extremadura;4;2011;1.308,9
Jornada a tiempo completo;11 Extremadura;4;2010;1.308,9
Jornada a tiempo completo;11 Extremadura;4;2009;1.288,7
Jornada a tiempo completo;11 Extremadura;4;2008;1.266,0
Jornada a tiempo completo;11 Extremadura;4;2007;1.204,3
Jornada a tiempo completo;11 Extremadura;4;2006;1.134,2
Jornada a tiempo completo;11 Extremadura;5;2024;1.880,4
Jornada a tiempo completo;11 Extremadura;5;2023;1.832,0
Jornada a tiempo completo;11 Extremadura;5;2022;1.688,9
Jornada a tiempo completo;11 Extremadura;5;2021;1.655,1
Jornada a tiempo completo;11 Extremadura;5;2020;1.611,9
Jornada a tiempo completo;11 Extremadura;5;2019;1.586,8
Jornada a tiempo completo;11 Extremadura;5;2018;1.538,6
Jornada a tiempo completo;11 Extremadura;5;2017;1.490,0
Jornada a tiempo completo;11 Extremadura;5;2016;1.498,1
Jornada a tiempo completo;11 Extremadura;5;2015;1.495,1
Jornada a tiempo completo;11 Extremadura;5;2014;1.488,3
Jornada a tiempo completo;11 Extremadura;5;2013;1.506,8
Jornada a tiempo completo;11 Extremadura;5;2012;1.499,3
Jornada a tiempo completo;11 Extremadura;5;2011;1.472,3
Jornada a tiempo completo;11 Extremadura;5;2010;1.478,0
Jornada a tiempo completo;11 Extremadura;5;2009;1.440,3
Jornada a tiempo completo;11 Extremadura;5;2008;1.411,1
Jornada a tiempo completo;11 Extremadura;5;2007;1.339,9
Jornada a tiempo completo;11 Extremadura;5;2006;1.258,2
Jornada a tiempo completo;11 Extremadura;6;2024;2.125,3
Jornada a tiempo completo;11 Extremadura;6;2023;2.071,5
Jornada a tiempo completo;11 Extremadura;6;2022;1.897,6
Jornada a tiempo completo;11 Extremadura;6;2021;1.852,3
Jornada a tiempo completo;11 Extremadura;6;2020;1.817,2
Jornada a tiempo completo;11 Extremadura;6;2019;1.790,2
Jornada a tiempo completo;11 Extremadura;6;2018;1.725,4
Jornada a tiempo completo;11 Extremadura;6;2017;1.693,6
Jornada a tiempo completo;11 Extremadura;6;2016;1.706,7
Jornada a tiempo completo;11 Extremadura;6;2015;1.693,5
Jornada a tiempo completo;11 Extremadura;6;2014;1.717,0
Jornada a tiempo completo;11 Extremadura;6;2013;1.718,3
Jornada a tiempo completo;11 Extremadura;6;2012;1.677,2
Jornada a tiempo completo;11 Extremadura;6;2011;1.680,3
Jornada a tiempo completo;11 Extremadura;6;2010;1.665,1
Jornada a tiempo completo;11 Extremadura;6;2009;1.619,6
Jornada a tiempo completo;11 Extremadura;6;2008;1.587,9
Jornada a tiempo completo;11 Extremadura;6;2007;1.498,5
Jornada a tiempo completo;11 Extremadura;6;2006;1.421,4
Jornada a tiempo completo;11 Extremadura;7;2024;2.439,9
Jornada a tiempo completo;11 Extremadura;7;2023;2.368,6
Jornada a tiempo completo;11 Extremadura;7;2022;2.168,2
Jornada a tiempo completo;11 Extremadura;7;2021;2.178,4
Jornada a tiempo completo;11 Extremadura;7;2020;2.117,2
Jornada a tiempo completo;11 Extremadura;7;2019;2.062,8
Jornada a tiempo completo;11 Extremadura;7;2018;2.018,1
Jornada a tiempo completo;11 Extremadura;7;2017;1.971,4
Jornada a tiempo completo;11 Extremadura;7;2016;1.961,1
Jornada a tiempo completo;11 Extremadura;7;2015;1.953,8
Jornada a tiempo completo;11 Extremadura;7;2014;1.994,7
Jornada a tiempo completo;11 Extremadura;7;2013;1.971,2
Jornada a tiempo completo;11 Extremadura;7;2012;1.943,2
Jornada a tiempo completo;11 Extremadura;7;2011;1.932,2
Jornada a tiempo completo;11 Extremadura;7;2010;1.916,7
Jornada a tiempo completo;11 Extremadura;7;2009;1.870,4
Jornada a tiempo completo;11 Extremadura;7;2008;1.800,9
Jornada a tiempo completo;11 Extremadura;7;2007;1.694,3
Jornada a tiempo completo;11 Extremadura;7;2006;1.624,9
Jornada a tiempo completo;11 Extremadura;8;2024;2.896,2
Jornada a tiempo completo;11 Extremadura;8;2023;2.806,3
Jornada a tiempo completo;11 Extremadura;8;2022;2.617,6
Jornada a tiempo completo;11 Extremadura;8;2021;2.563,7
Jornada a tiempo completo;11 Extremadura;8;2020;2.575,6
Jornada a tiempo completo;11 Extremadura;8;2019;2.469,0
Jornada a tiempo completo;11 Extremadura;8;2018;2.425,2
Jornada a tiempo completo;11 Extremadura;8;2017;2.361,9
Jornada a tiempo completo;11 Extremadura;8;2016;2.359,5
Jornada a tiempo completo;11 Extremadura;8;2015;2.340,3
Jornada a tiempo completo;11 Extremadura;8;2014;2.375,2
Jornada a tiempo completo;11 Extremadura;8;2013;2.358,9
Jornada a tiempo completo;11 Extremadura;8;2012;2.289,9
Jornada a tiempo completo;11 Extremadura;8;2011;2.264,8
Jornada a tiempo completo;11 Extremadura;8;2010;2.271,4
Jornada a tiempo completo;11 Extremadura;8;2009;2.246,7
Jornada a tiempo completo;11 Extremadura;8;2008;2.141,2
Jornada a tiempo completo;11 Extremadura;8;2007;2.042,3
Jornada a tiempo completo;11 Extremadura;8;2006;1.968,6
Jornada a tiempo completo;11 Extremadura;9;2024;3.533,4
Jornada a tiempo completo;11 Extremadura;9;2023;3.383,3
Jornada a tiempo completo;11 Extremadura;9;2022;3.135,6
Jornada a tiempo completo;11 Extremadura;9;2021;3.088,0
Jornada a tiempo completo;11 Extremadura;9;2020;3.178,6
Jornada a tiempo completo;11 Extremadura;9;2019;3.001,2
Jornada a tiempo completo;11 Extremadura;9;2018;3.002,5
Jornada a tiempo completo;11 Extremadura;9;2017;2.938,8
Jornada a tiempo completo;11 Extremadura;9;2016;2.916,1
Jornada a tiempo completo;11 Extremadura;9;2015;2.951,7
Jornada a tiempo completo;11 Extremadura;9;2014;2.915,2
Jornada a tiempo completo;11 Extremadura;9;2013;2.919,0
Jornada a tiempo completo;11 Extremadura;9;2012;2.835,1
Jornada a tiempo completo;11 Extremadura;9;2011;2.823,1
Jornada a tiempo completo;11 Extremadura;9;2010;2.783,6
Jornada a tiempo completo;11 Extremadura;9;2009;2.800,7
Jornada a tiempo completo;11 Extremadura;9;2008;2.680,2
Jornada a tiempo completo;11 Extremadura;9;2007;2.539,6
Jornada a tiempo completo;11 Extremadura;9;2006;2.449,1
Jornada a tiempo completo;11 Extremadura;10;2024;5.771,8
Jornada a tiempo completo;11 Extremadura;10;2023;5.164,9
Jornada a tiempo completo;11 Extremadura;10;2022;5.110,1
Jornada a tiempo completo;11 Extremadura;10;2021;4.919,8
Jornada a tiempo completo;11 Extremadura;10;2020;4.723,3
Jornada a tiempo completo;11 Extremadura;10;2019;4.615,1
Jornada a tiempo completo;11 Extremadura;10;2018;4.464,8
Jornada a tiempo completo;11 Extremadura;10;2017;4.249,4
Jornada a tiempo completo;11 Extremadura;10;2016;4.546,6
Jornada a tiempo completo;11 Extremadura;10;2015;4.464,6
Jornada a tiempo completo;11 Extremadura;10;2014;4.291,3
Jornada a tiempo completo;11 Extremadura;10;2013;4.433,5
Jornada a tiempo completo;11 Extremadura;10;2012;4.484,5
Jornada a tiempo completo;11 Extremadura;10;2011;4.476,3
Jornada a tiempo completo;11 Extremadura;10;2010;4.277,4
Jornada a tiempo completo;11 Extremadura;10;2009;4.121,1
Jornada a tiempo completo;11 Extremadura;10;2008;3.908,3
Jornada a tiempo completo;11 Extremadura;10;2007;3.585,8
Jornada a tiempo completo;11 Extremadura;10;2006;3.377,2
Jornada a tiempo completo;12 Galicia;Total;2024;2.437,1
Jornada a tiempo completo;12 Galicia;Total;2023;2.364,9
Jornada a tiempo completo;12 Galicia;Total;2022;2.233,1
Jornada a tiempo completo;12 Galicia;Total;2021;2.191,6
Jornada a tiempo completo;12 Galicia;Total;2020;2.136,4
Jornada a tiempo completo;12 Galicia;Total;2019;2.097,6
Jornada a tiempo completo;12 Galicia;Total;2018;2.045,8
Jornada a tiempo completo;12 Galicia;Total;2017;2.068,8
Jornada a tiempo completo;12 Galicia;Total;2016;1.990,5
Jornada a tiempo completo;12 Galicia;Total;2015;1.987,2
Jornada a tiempo completo;12 Galicia;Total;2014;1.981,7
Jornada a tiempo completo;12 Galicia;Total;2013;1.921,1
Jornada a tiempo completo;12 Galicia;Total;2012;1.937,8
Jornada a tiempo completo;12 Galicia;Total;2011;1.941,2
Jornada a tiempo completo;12 Galicia;Total;2010;1.869,7
Jornada a tiempo completo;12 Galicia;Total;2009;1.879,9
Jornada a tiempo completo;12 Galicia;Total;2008;1.807,8
Jornada a tiempo completo;12 Galicia;Total;2007;1.700,2
Jornada a tiempo completo;12 Galicia;Total;2006;1.605,4
Jornada a tiempo completo;12 Galicia;1;2024;996,7
Jornada a tiempo completo;12 Galicia;1;2023;892,2
Jornada a tiempo completo;12 Galicia;1;2022;878,6
Jornada a tiempo completo;12 Galicia;1;2021;782,6
Jornada a tiempo completo;12 Galicia;1;2020;751,6
Jornada a tiempo completo;12 Galicia;1;2019;733,2
Jornada a tiempo completo;12 Galicia;1;2018;676,4
Jornada a tiempo completo;12 Galicia;1;2017;651,6
Jornada a tiempo completo;12 Galicia;1;2016;641,8
Jornada a tiempo completo;12 Galicia;1;2015;628,6
Jornada a tiempo completo;12 Galicia;1;2014;602,6
Jornada a tiempo completo;12 Galicia;1;2013;579,0
Jornada a tiempo completo;12 Galicia;1;2012;610,1
Jornada a tiempo completo;12 Galicia;1;2011;615,1
Jornada a tiempo completo;12 Galicia;1;2010;639,4
Jornada a tiempo completo;12 Galicia;1;2009;655,0
Jornada a tiempo completo;12 Galicia;1;2008;654,9
Jornada a tiempo completo;12 Galicia;1;2007;611,4
Jornada a tiempo completo;12 Galicia;1;2006;593,7
Jornada a tiempo completo;12 Galicia;2;2024;1.323,2
Jornada a tiempo completo;12 Galicia;2;2023;1.243,9
Jornada a tiempo completo;12 Galicia;2;2022;1.164,7
Jornada a tiempo completo;12 Galicia;2;2021;1.070,4
Jornada a tiempo completo;12 Galicia;2;2020;1.043,1
Jornada a tiempo completo;12 Galicia;2;2019;1.025,2
Jornada a tiempo completo;12 Galicia;2;2018;933,5
Jornada a tiempo completo;12 Galicia;2;2017;883,7
Jornada a tiempo completo;12 Galicia;2;2016;873,0
Jornada a tiempo completo;12 Galicia;2;2015;846,6
Jornada a tiempo completo;12 Galicia;2;2014;827,8
Jornada a tiempo completo;12 Galicia;2;2013;851,4
Jornada a tiempo completo;12 Galicia;2;2012;871,6
Jornada a tiempo completo;12 Galicia;2;2011;898,5
Jornada a tiempo completo;12 Galicia;2;2010;909,6
Jornada a tiempo completo;12 Galicia;2;2009;892,2
Jornada a tiempo completo;12 Galicia;2;2008;904,9
Jornada a tiempo completo;12 Galicia;2;2007;881,2
Jornada a tiempo completo;12 Galicia;2;2006;822,1
Jornada a tiempo completo;12 Galicia;3;2024;1.483,9
Jornada a tiempo completo;12 Galicia;3;2023;1.433,6
Jornada a tiempo completo;12 Galicia;3;2022;1.338,3
Jornada a tiempo completo;12 Galicia;3;2021;1.254,7
Jornada a tiempo completo;12 Galicia;3;2020;1.238,7
Jornada a tiempo completo;12 Galicia;3;2019;1.222,0
Jornada a tiempo completo;12 Galicia;3;2018;1.161,2
Jornada a tiempo completo;12 Galicia;3;2017;1.127,5
Jornada a tiempo completo;12 Galicia;3;2016;1.127,9
Jornada a tiempo completo;12 Galicia;3;2015;1.111,0
Jornada a tiempo completo;12 Galicia;3;2014;1.103,0
Jornada a tiempo completo;12 Galicia;3;2013;1.110,3
Jornada a tiempo completo;12 Galicia;3;2012;1.120,5
Jornada a tiempo completo;12 Galicia;3;2011;1.131,0
Jornada a tiempo completo;12 Galicia;3;2010;1.142,9
Jornada a tiempo completo;12 Galicia;3;2009;1.124,6
Jornada a tiempo completo;12 Galicia;3;2008;1.107,8
Jornada a tiempo completo;12 Galicia;3;2007;1.063,3
Jornada a tiempo completo;12 Galicia;3;2006;1.005,8
Jornada a tiempo completo;12 Galicia;4;2024;1.679,3
Jornada a tiempo completo;12 Galicia;4;2023;1.633,7
Jornada a tiempo completo;12 Galicia;4;2022;1.522,3
Jornada a tiempo completo;12 Galicia;4;2021;1.452,3
Jornada a tiempo completo;12 Galicia;4;2020;1.424,8
Jornada a tiempo completo;12 Galicia;4;2019;1.419,9
Jornada a tiempo completo;12 Galicia;4;2018;1.358,6
Jornada a tiempo completo;12 Galicia;4;2017;1.329,5
Jornada a tiempo completo;12 Galicia;4;2016;1.322,4
Jornada a tiempo completo;12 Galicia;4;2015;1.310,1
Jornada a tiempo completo;12 Galicia;4;2014;1.317,8
Jornada a tiempo completo;12 Galicia;4;2013;1.316,2
Jornada a tiempo completo;12 Galicia;4;2012;1.320,3
Jornada a tiempo completo;12 Galicia;4;2011;1.310,0
Jornada a tiempo completo;12 Galicia;4;2010;1.312,4
Jornada a tiempo completo;12 Galicia;4;2009;1.291,0
Jornada a tiempo completo;12 Galicia;4;2008;1.262,2
Jornada a tiempo completo;12 Galicia;4;2007;1.200,4
Jornada a tiempo completo;12 Galicia;4;2006;1.142,1
Jornada a tiempo completo;12 Galicia;5;2024;1.896,4
Jornada a tiempo completo;12 Galicia;5;2023;1.830,4
Jornada a tiempo completo;12 Galicia;5;2022;1.700,8
Jornada a tiempo completo;12 Galicia;5;2021;1.650,5
Jornada a tiempo completo;12 Galicia;5;2020;1.601,7
Jornada a tiempo completo;12 Galicia;5;2019;1.595,8
Jornada a tiempo completo;12 Galicia;5;2018;1.539,7
Jornada a tiempo completo;12 Galicia;5;2017;1.495,6
Jornada a tiempo completo;12 Galicia;5;2016;1.497,5
Jornada a tiempo completo;12 Galicia;5;2015;1.494,1
Jornada a tiempo completo;12 Galicia;5;2014;1.501,8
Jornada a tiempo completo;12 Galicia;5;2013;1.505,2
Jornada a tiempo completo;12 Galicia;5;2012;1.492,1
Jornada a tiempo completo;12 Galicia;5;2011;1.483,3
Jornada a tiempo completo;12 Galicia;5;2010;1.476,2
Jornada a tiempo completo;12 Galicia;5;2009;1.444,2
Jornada a tiempo completo;12 Galicia;5;2008;1.409,0
Jornada a tiempo completo;12 Galicia;5;2007;1.339,8
Jornada a tiempo completo;12 Galicia;5;2006;1.266,7
Jornada a tiempo completo;12 Galicia;6;2024;2.124,1
Jornada a tiempo completo;12 Galicia;6;2023;2.059,4
Jornada a tiempo completo;12 Galicia;6;2022;1.914,7
Jornada a tiempo completo;12 Galicia;6;2021;1.870,0
Jornada a tiempo completo;12 Galicia;6;2020;1.818,4
Jornada a tiempo completo;12 Galicia;6;2019;1.791,6
Jornada a tiempo completo;12 Galicia;6;2018;1.753,5
Jornada a tiempo completo;12 Galicia;6;2017;1.695,9
Jornada a tiempo completo;12 Galicia;6;2016;1.700,3
Jornada a tiempo completo;12 Galicia;6;2015;1.703,9
Jornada a tiempo completo;12 Galicia;6;2014;1.715,6
Jornada a tiempo completo;12 Galicia;6;2013;1.703,1
Jornada a tiempo completo;12 Galicia;6;2012;1.685,5
Jornada a tiempo completo;12 Galicia;6;2011;1.680,5
Jornada a tiempo completo;12 Galicia;6;2010;1.668,8
Jornada a tiempo completo;12 Galicia;6;2009;1.629,7
Jornada a tiempo completo;12 Galicia;6;2008;1.576,9
Jornada a tiempo completo;12 Galicia;6;2007;1.490,9
Jornada a tiempo completo;12 Galicia;6;2006;1.422,5
Jornada a tiempo completo;12 Galicia;7;2024;2.434,1
Jornada a tiempo completo;12 Galicia;7;2023;2.350,2
Jornada a tiempo completo;12 Galicia;7;2022;2.188,8
Jornada a tiempo completo;12 Galicia;7;2021;2.144,1
Jornada a tiempo completo;12 Galicia;7;2020;2.092,5
Jornada a tiempo completo;12 Galicia;7;2019;2.052,2
Jornada a tiempo completo;12 Galicia;7;2018;2.009,7
Jornada a tiempo completo;12 Galicia;7;2017;1.968,9
Jornada a tiempo completo;12 Galicia;7;2016;1.971,2
Jornada a tiempo completo;12 Galicia;7;2015;1.963,5
Jornada a tiempo completo;12 Galicia;7;2014;1.994,0
Jornada a tiempo completo;12 Galicia;7;2013;1.974,4
Jornada a tiempo completo;12 Galicia;7;2012;1.943,1
Jornada a tiempo completo;12 Galicia;7;2011;1.918,2
Jornada a tiempo completo;12 Galicia;7;2010;1.918,8
Jornada a tiempo completo;12 Galicia;7;2009;1.877,7
Jornada a tiempo completo;12 Galicia;7;2008;1.807,2
Jornada a tiempo completo;12 Galicia;7;2007;1.700,9
Jornada a tiempo completo;12 Galicia;7;2006;1.631,9
Jornada a tiempo completo;12 Galicia;8;2024;2.922,6
Jornada a tiempo completo;12 Galicia;8;2023;2.794,8
Jornada a tiempo completo;12 Galicia;8;2022;2.592,5
Jornada a tiempo completo;12 Galicia;8;2021;2.542,4
Jornada a tiempo completo;12 Galicia;8;2020;2.536,9
Jornada a tiempo completo;12 Galicia;8;2019;2.445,6
Jornada a tiempo completo;12 Galicia;8;2018;2.416,4
Jornada a tiempo completo;12 Galicia;8;2017;2.378,1
Jornada a tiempo completo;12 Galicia;8;2016;2.347,7
Jornada a tiempo completo;12 Galicia;8;2015;2.364,8
Jornada a tiempo completo;12 Galicia;8;2014;2.383,1
Jornada a tiempo completo;12 Galicia;8;2013;2.351,7
Jornada a tiempo completo;12 Galicia;8;2012;2.300,9
Jornada a tiempo completo;12 Galicia;8;2011;2.305,4
Jornada a tiempo completo;12 Galicia;8;2010;2.291,4
Jornada a tiempo completo;12 Galicia;8;2009;2.230,4
Jornada a tiempo completo;12 Galicia;8;2008;2.143,0
Jornada a tiempo completo;12 Galicia;8;2007;2.038,7
Jornada a tiempo completo;12 Galicia;8;2006;1.972,2
Jornada a tiempo completo;12 Galicia;9;2024;3.562,6
Jornada a tiempo completo;12 Galicia;9;2023;3.384,9
Jornada a tiempo completo;12 Galicia;9;2022;3.167,3
Jornada a tiempo completo;12 Galicia;9;2021;3.133,6
Jornada a tiempo completo;12 Galicia;9;2020;3.147,6
Jornada a tiempo completo;12 Galicia;9;2019;2.995,8
Jornada a tiempo completo;12 Galicia;9;2018;2.993,9
Jornada a tiempo completo;12 Galicia;9;2017;2.941,0
Jornada a tiempo completo;12 Galicia;9;2016;2.925,4
Jornada a tiempo completo;12 Galicia;9;2015;2.978,0
Jornada a tiempo completo;12 Galicia;9;2014;2.956,1
Jornada a tiempo completo;12 Galicia;9;2013;2.896,7
Jornada a tiempo completo;12 Galicia;9;2012;2.857,9
Jornada a tiempo completo;12 Galicia;9;2011;2.875,4
Jornada a tiempo completo;12 Galicia;9;2010;2.841,4
Jornada a tiempo completo;12 Galicia;9;2009;2.810,2
Jornada a tiempo completo;12 Galicia;9;2008;2.722,3
Jornada a tiempo completo;12 Galicia;9;2007;2.581,5
Jornada a tiempo completo;12 Galicia;9;2006;2.449,1
Jornada a tiempo completo;12 Galicia;10;2024;5.549,4
Jornada a tiempo completo;12 Galicia;10;2023;5.256,3
Jornada a tiempo completo;12 Galicia;10;2022;5.014,2
Jornada a tiempo completo;12 Galicia;10;2021;5.001,2
Jornada a tiempo completo;12 Galicia;10;2020;4.749,8
Jornada a tiempo completo;12 Galicia;10;2019;4.651,3
Jornada a tiempo completo;12 Galicia;10;2018;4.659,2
Jornada a tiempo completo;12 Galicia;10;2017;4.533,0
Jornada a tiempo completo;12 Galicia;10;2016;4.408,6
Jornada a tiempo completo;12 Galicia;10;2015;4.564,4
Jornada a tiempo completo;12 Galicia;10;2014;4.511,7
Jornada a tiempo completo;12 Galicia;10;2013;4.460,1
Jornada a tiempo completo;12 Galicia;10;2012;4.591,4
Jornada a tiempo completo;12 Galicia;10;2011;4.425,6
Jornada a tiempo completo;12 Galicia;10;2010;4.265,5
Jornada a tiempo completo;12 Galicia;10;2009;4.075,5
Jornada a tiempo completo;12 Galicia;10;2008;4.206,6
Jornada a tiempo completo;12 Galicia;10;2007;3.683,8
Jornada a tiempo completo;12 Galicia;10;2006;3.539,8
Jornada a tiempo completo;13 Madrid, Comunidad de;Total;2024;3.038,4
Jornada a tiempo completo;13 Madrid, Comunidad de;Total;2023;2.847,7
Jornada a tiempo completo;13 Madrid, Comunidad de;Total;2022;2.617,0
Jornada a tiempo completo;13 Madrid, Comunidad de;Total;2021;2.612,5
Jornada a tiempo completo;13 Madrid, Comunidad de;Total;2020;2.579,1
Jornada a tiempo completo;13 Madrid, Comunidad de;Total;2019;2.408,2
Jornada a tiempo completo;13 Madrid, Comunidad de;Total;2018;2.510,8
Jornada a tiempo completo;13 Madrid, Comunidad de;Total;2017;2.424,0
Jornada a tiempo completo;13 Madrid, Comunidad de;Total;2016;2.408,4
Jornada a tiempo completo;13 Madrid, Comunidad de;Total;2015;2.521,1
Jornada a tiempo completo;13 Madrid, Comunidad de;Total;2014;2.544,1
Jornada a tiempo completo;13 Madrid, Comunidad de;Total;2013;2.475,9
Jornada a tiempo completo;13 Madrid, Comunidad de;Total;2012;2.372,4
Jornada a tiempo completo;13 Madrid, Comunidad de;Total;2011;2.250,9
Jornada a tiempo completo;13 Madrid, Comunidad de;Total;2010;2.282,8
Jornada a tiempo completo;13 Madrid, Comunidad de;Total;2009;2.257,3
Jornada a tiempo completo;13 Madrid, Comunidad de;Total;2008;2.203,2
Jornada a tiempo completo;13 Madrid, Comunidad de;Total;2007;2.000,5
Jornada a tiempo completo;13 Madrid, Comunidad de;Total;2006;1.877,3
Jornada a tiempo completo;13 Madrid, Comunidad de;1;2024;976,7
Jornada a tiempo completo;13 Madrid, Comunidad de;1;2023;925,1
Jornada a tiempo completo;13 Madrid, Comunidad de;1;2022;894,4
Jornada a tiempo completo;13 Madrid, Comunidad de;1;2021;810,3
Jornada a tiempo completo;13 Madrid, Comunidad de;1;2020;717,7
Jornada a tiempo completo;13 Madrid, Comunidad de;1;2019;735,8
Jornada a tiempo completo;13 Madrid, Comunidad de;1;2018;677,3
Jornada a tiempo completo;13 Madrid, Comunidad de;1;2017;640,9
Jornada a tiempo completo;13 Madrid, Comunidad de;1;2016;645,6
Jornada a tiempo completo;13 Madrid, Comunidad de;1;2015;659,5
Jornada a tiempo completo;13 Madrid, Comunidad de;1;2014;561,7
Jornada a tiempo completo;13 Madrid, Comunidad de;1;2013;546,0
Jornada a tiempo completo;13 Madrid, Comunidad de;1;2012;593,1
Jornada a tiempo completo;13 Madrid, Comunidad de;1;2011;618,4
Jornada a tiempo completo;13 Madrid, Comunidad de;1;2010;639,5
Jornada a tiempo completo;13 Madrid, Comunidad de;1;2009;644,5
Jornada a tiempo completo;13 Madrid, Comunidad de;1;2008;680,4
Jornada a tiempo completo;13 Madrid, Comunidad de;1;2007;641,5
Jornada a tiempo completo;13 Madrid, Comunidad de;1;2006;610,7
Jornada a tiempo completo;13 Madrid, Comunidad de;2;2024;1.299,7
Jornada a tiempo completo;13 Madrid, Comunidad de;2;2023;1.246,9
Jornada a tiempo completo;13 Madrid, Comunidad de;2;2022;1.164,4
Jornada a tiempo completo;13 Madrid, Comunidad de;2;2021;1.049,0
Jornada a tiempo completo;13 Madrid, Comunidad de;2;2020;1.042,7
Jornada a tiempo completo;13 Madrid, Comunidad de;2;2019;1.024,0
Jornada a tiempo completo;13 Madrid, Comunidad de;2;2018;926,2
Jornada a tiempo completo;13 Madrid, Comunidad de;2;2017;889,0
Jornada a tiempo completo;13 Madrid, Comunidad de;2;2016;893,0
Jornada a tiempo completo;13 Madrid, Comunidad de;2;2015;852,8
Jornada a tiempo completo;13 Madrid, Comunidad de;2;2014;859,9
Jornada a tiempo completo;13 Madrid, Comunidad de;2;2013;843,4
Jornada a tiempo completo;13 Madrid, Comunidad de;2;2012;884,3
Jornada a tiempo completo;13 Madrid, Comunidad de;2;2011;878,2
Jornada a tiempo completo;13 Madrid, Comunidad de;2;2010;932,6
Jornada a tiempo completo;13 Madrid, Comunidad de;2;2009;896,4
Jornada a tiempo completo;13 Madrid, Comunidad de;2;2008;892,3
Jornada a tiempo completo;13 Madrid, Comunidad de;2;2007;866,4
Jornada a tiempo completo;13 Madrid, Comunidad de;2;2006;807,6
Jornada a tiempo completo;13 Madrid, Comunidad de;3;2024;1.488,8
Jornada a tiempo completo;13 Madrid, Comunidad de;3;2023;1.432,8
Jornada a tiempo completo;13 Madrid, Comunidad de;3;2022;1.335,5
Jornada a tiempo completo;13 Madrid, Comunidad de;3;2021;1.259,4
Jornada a tiempo completo;13 Madrid, Comunidad de;3;2020;1.231,9
Jornada a tiempo completo;13 Madrid, Comunidad de;3;2019;1.226,5
Jornada a tiempo completo;13 Madrid, Comunidad de;3;2018;1.161,2
Jornada a tiempo completo;13 Madrid, Comunidad de;3;2017;1.125,5
Jornada a tiempo completo;13 Madrid, Comunidad de;3;2016;1.113,1
Jornada a tiempo completo;13 Madrid, Comunidad de;3;2015;1.104,2
Jornada a tiempo completo;13 Madrid, Comunidad de;3;2014;1.094,0
Jornada a tiempo completo;13 Madrid, Comunidad de;3;2013;1.108,9
Jornada a tiempo completo;13 Madrid, Comunidad de;3;2012;1.127,6
Jornada a tiempo completo;13 Madrid, Comunidad de;3;2011;1.134,9
Jornada a tiempo completo;13 Madrid, Comunidad de;3;2010;1.143,0
Jornada a tiempo completo;13 Madrid, Comunidad de;3;2009;1.122,2
Jornada a tiempo completo;13 Madrid, Comunidad de;3;2008;1.110,8
Jornada a tiempo completo;13 Madrid, Comunidad de;3;2007;1.059,1
Jornada a tiempo completo;13 Madrid, Comunidad de;3;2006;1.007,1
Jornada a tiempo completo;13 Madrid, Comunidad de;4;2024;1.674,7
Jornada a tiempo completo;13 Madrid, Comunidad de;4;2023;1.633,1
Jornada a tiempo completo;13 Madrid, Comunidad de;4;2022;1.520,0
Jornada a tiempo completo;13 Madrid, Comunidad de;4;2021;1.452,4
Jornada a tiempo completo;13 Madrid, Comunidad de;4;2020;1.422,7
Jornada a tiempo completo;13 Madrid, Comunidad de;4;2019;1.412,2
Jornada a tiempo completo;13 Madrid, Comunidad de;4;2018;1.359,5
Jornada a tiempo completo;13 Madrid, Comunidad de;4;2017;1.325,2
Jornada a tiempo completo;13 Madrid, Comunidad de;4;2016;1.324,2
Jornada a tiempo completo;13 Madrid, Comunidad de;4;2015;1.311,3
Jornada a tiempo completo;13 Madrid, Comunidad de;4;2014;1.319,6
Jornada a tiempo completo;13 Madrid, Comunidad de;4;2013;1.323,8
Jornada a tiempo completo;13 Madrid, Comunidad de;4;2012;1.327,7
Jornada a tiempo completo;13 Madrid, Comunidad de;4;2011;1.315,7
Jornada a tiempo completo;13 Madrid, Comunidad de;4;2010;1.316,1
Jornada a tiempo completo;13 Madrid, Comunidad de;4;2009;1.292,8
Jornada a tiempo completo;13 Madrid, Comunidad de;4;2008;1.269,3
Jornada a tiempo completo;13 Madrid, Comunidad de;4;2007;1.202,0
Jornada a tiempo completo;13 Madrid, Comunidad de;4;2006;1.143,4
Jornada a tiempo completo;13 Madrid, Comunidad de;5;2024;1.884,4
Jornada a tiempo completo;13 Madrid, Comunidad de;5;2023;1.841,8
Jornada a tiempo completo;13 Madrid, Comunidad de;5;2022;1.710,4
Jornada a tiempo completo;13 Madrid, Comunidad de;5;2021;1.650,0
Jornada a tiempo completo;13 Madrid, Comunidad de;5;2020;1.613,8
Jornada a tiempo completo;13 Madrid, Comunidad de;5;2019;1.595,1
Jornada a tiempo completo;13 Madrid, Comunidad de;5;2018;1.536,7
Jornada a tiempo completo;13 Madrid, Comunidad de;5;2017;1.494,8
Jornada a tiempo completo;13 Madrid, Comunidad de;5;2016;1.486,3
Jornada a tiempo completo;13 Madrid, Comunidad de;5;2015;1.504,2
Jornada a tiempo completo;13 Madrid, Comunidad de;5;2014;1.508,2
Jornada a tiempo completo;13 Madrid, Comunidad de;5;2013;1.505,3
Jornada a tiempo completo;13 Madrid, Comunidad de;5;2012;1.495,6
Jornada a tiempo completo;13 Madrid, Comunidad de;5;2011;1.486,6
Jornada a tiempo completo;13 Madrid, Comunidad de;5;2010;1.480,1
Jornada a tiempo completo;13 Madrid, Comunidad de;5;2009;1.450,3
Jornada a tiempo completo;13 Madrid, Comunidad de;5;2008;1.419,1
Jornada a tiempo completo;13 Madrid, Comunidad de;5;2007;1.339,0
Jornada a tiempo completo;13 Madrid, Comunidad de;5;2006;1.271,6
Jornada a tiempo completo;13 Madrid, Comunidad de;6;2024;2.126,1
Jornada a tiempo completo;13 Madrid, Comunidad de;6;2023;2.065,8
Jornada a tiempo completo;13 Madrid, Comunidad de;6;2022;1.911,9
Jornada a tiempo completo;13 Madrid, Comunidad de;6;2021;1.866,2
Jornada a tiempo completo;13 Madrid, Comunidad de;6;2020;1.817,8
Jornada a tiempo completo;13 Madrid, Comunidad de;6;2019;1.796,3
Jornada a tiempo completo;13 Madrid, Comunidad de;6;2018;1.758,3
Jornada a tiempo completo;13 Madrid, Comunidad de;6;2017;1.702,4
Jornada a tiempo completo;13 Madrid, Comunidad de;6;2016;1.704,1
Jornada a tiempo completo;13 Madrid, Comunidad de;6;2015;1.713,1
Jornada a tiempo completo;13 Madrid, Comunidad de;6;2014;1.715,8
Jornada a tiempo completo;13 Madrid, Comunidad de;6;2013;1.702,1
Jornada a tiempo completo;13 Madrid, Comunidad de;6;2012;1.693,4
Jornada a tiempo completo;13 Madrid, Comunidad de;6;2011;1.682,0
Jornada a tiempo completo;13 Madrid, Comunidad de;6;2010;1.671,6
Jornada a tiempo completo;13 Madrid, Comunidad de;6;2009;1.633,9
Jornada a tiempo completo;13 Madrid, Comunidad de;6;2008;1.586,0
Jornada a tiempo completo;13 Madrid, Comunidad de;6;2007;1.489,7
Jornada a tiempo completo;13 Madrid, Comunidad de;6;2006;1.419,2
Jornada a tiempo completo;13 Madrid, Comunidad de;7;2024;2.441,6
Jornada a tiempo completo;13 Madrid, Comunidad de;7;2023;2.356,6
Jornada a tiempo completo;13 Madrid, Comunidad de;7;2022;2.181,6
Jornada a tiempo completo;13 Madrid, Comunidad de;7;2021;2.152,4
Jornada a tiempo completo;13 Madrid, Comunidad de;7;2020;2.117,5
Jornada a tiempo completo;13 Madrid, Comunidad de;7;2019;2.060,6
Jornada a tiempo completo;13 Madrid, Comunidad de;7;2018;2.014,9
Jornada a tiempo completo;13 Madrid, Comunidad de;7;2017;1.973,5
Jornada a tiempo completo;13 Madrid, Comunidad de;7;2016;1.974,1
Jornada a tiempo completo;13 Madrid, Comunidad de;7;2015;1.975,6
Jornada a tiempo completo;13 Madrid, Comunidad de;7;2014;1.990,7
Jornada a tiempo completo;13 Madrid, Comunidad de;7;2013;1.969,9
Jornada a tiempo completo;13 Madrid, Comunidad de;7;2012;1.959,3
Jornada a tiempo completo;13 Madrid, Comunidad de;7;2011;1.928,8
Jornada a tiempo completo;13 Madrid, Comunidad de;7;2010;1.917,4
Jornada a tiempo completo;13 Madrid, Comunidad de;7;2009;1.878,0
Jornada a tiempo completo;13 Madrid, Comunidad de;7;2008;1.790,3
Jornada a tiempo completo;13 Madrid, Comunidad de;7;2007;1.707,5
Jornada a tiempo completo;13 Madrid, Comunidad de;7;2006;1.634,9
Jornada a tiempo completo;13 Madrid, Comunidad de;8;2024;2.924,4
Jornada a tiempo completo;13 Madrid, Comunidad de;8;2023;2.784,7
Jornada a tiempo completo;13 Madrid, Comunidad de;8;2022;2.590,9
Jornada a tiempo completo;13 Madrid, Comunidad de;8;2021;2.557,2
Jornada a tiempo completo;13 Madrid, Comunidad de;8;2020;2.541,9
Jornada a tiempo completo;13 Madrid, Comunidad de;8;2019;2.450,2
Jornada a tiempo completo;13 Madrid, Comunidad de;8;2018;2.418,9
Jornada a tiempo completo;13 Madrid, Comunidad de;8;2017;2.376,7
Jornada a tiempo completo;13 Madrid, Comunidad de;8;2016;2.364,6
Jornada a tiempo completo;13 Madrid, Comunidad de;8;2015;2.355,2
Jornada a tiempo completo;13 Madrid, Comunidad de;8;2014;2.406,5
Jornada a tiempo completo;13 Madrid, Comunidad de;8;2013;2.380,4
Jornada a tiempo completo;13 Madrid, Comunidad de;8;2012;2.287,7
Jornada a tiempo completo;13 Madrid, Comunidad de;8;2011;2.299,0
Jornada a tiempo completo;13 Madrid, Comunidad de;8;2010;2.294,9
Jornada a tiempo completo;13 Madrid, Comunidad de;8;2009;2.247,8
Jornada a tiempo completo;13 Madrid, Comunidad de;8;2008;2.156,2
Jornada a tiempo completo;13 Madrid, Comunidad de;8;2007;2.046,8
Jornada a tiempo completo;13 Madrid, Comunidad de;8;2006;1.943,9
Jornada a tiempo completo;13 Madrid, Comunidad de;9;2024;3.586,4
Jornada a tiempo completo;13 Madrid, Comunidad de;9;2023;3.396,5
Jornada a tiempo completo;13 Madrid, Comunidad de;9;2022;3.169,6
Jornada a tiempo completo;13 Madrid, Comunidad de;9;2021;3.146,2
Jornada a tiempo completo;13 Madrid, Comunidad de;9;2020;3.168,3
Jornada a tiempo completo;13 Madrid, Comunidad de;9;2019;3.054,7
Jornada a tiempo completo;13 Madrid, Comunidad de;9;2018;3.037,2
Jornada a tiempo completo;13 Madrid, Comunidad de;9;2017;2.962,1
Jornada a tiempo completo;13 Madrid, Comunidad de;9;2016;2.934,5
Jornada a tiempo completo;13 Madrid, Comunidad de;9;2015;2.971,5
Jornada a tiempo completo;13 Madrid, Comunidad de;9;2014;2.971,1
Jornada a tiempo completo;13 Madrid, Comunidad de;9;2013;2.919,0
Jornada a tiempo completo;13 Madrid, Comunidad de;9;2012;2.850,9
Jornada a tiempo completo;13 Madrid, Comunidad de;9;2011;2.849,7
Jornada a tiempo completo;13 Madrid, Comunidad de;9;2010;2.854,0
Jornada a tiempo completo;13 Madrid, Comunidad de;9;2009;2.827,4
Jornada a tiempo completo;13 Madrid, Comunidad de;9;2008;2.682,2
Jornada a tiempo completo;13 Madrid, Comunidad de;9;2007;2.576,7
Jornada a tiempo completo;13 Madrid, Comunidad de;9;2006;2.429,6
Jornada a tiempo completo;13 Madrid, Comunidad de;10;2024;6.006,2
Jornada a tiempo completo;13 Madrid, Comunidad de;10;2023;5.724,8
Jornada a tiempo completo;13 Madrid, Comunidad de;10;2022;5.211,3
Jornada a tiempo completo;13 Madrid, Comunidad de;10;2021;5.241,5
Jornada a tiempo completo;13 Madrid, Comunidad de;10;2020;5.127,3
Jornada a tiempo completo;13 Madrid, Comunidad de;10;2019;4.911,4
Jornada a tiempo completo;13 Madrid, Comunidad de;10;2018;5.062,1
Jornada a tiempo completo;13 Madrid, Comunidad de;10;2017;4.918,1
Jornada a tiempo completo;13 Madrid, Comunidad de;10;2016;4.818,8
Jornada a tiempo completo;13 Madrid, Comunidad de;10;2015;5.142,3
Jornada a tiempo completo;13 Madrid, Comunidad de;10;2014;4.807,2
Jornada a tiempo completo;13 Madrid, Comunidad de;10;2013;4.737,4
Jornada a tiempo completo;13 Madrid, Comunidad de;10;2012;4.686,8
Jornada a tiempo completo;13 Madrid, Comunidad de;10;2011;4.537,9
Jornada a tiempo completo;13 Madrid, Comunidad de;10;2010;4.536,2
Jornada a tiempo completo;13 Madrid, Comunidad de;10;2009;4.621,9
Jornada a tiempo completo;13 Madrid, Comunidad de;10;2008;4.625,5
Jornada a tiempo completo;13 Madrid, Comunidad de;10;2007;3.807,6
Jornada a tiempo completo;13 Madrid, Comunidad de;10;2006;3.779,3
Jornada a tiempo completo;14 Murcia, Región de;Total;2024;2.306,1
Jornada a tiempo completo;14 Murcia, Región de;Total;2023;2.206,7
Jornada a tiempo completo;14 Murcia, Región de;Total;2022;2.052,6
Jornada a tiempo completo;14 Murcia, Región de;Total;2021;2.061,7
Jornada a tiempo completo;14 Murcia, Región de;Total;2020;2.018,2
Jornada a tiempo completo;14 Murcia, Región de;Total;2019;1.995,7
Jornada a tiempo completo;14 Murcia, Región de;Total;2018;1.947,4
Jornada a tiempo completo;14 Murcia, Región de;Total;2017;1.869,3
Jornada a tiempo completo;14 Murcia, Región de;Total;2016;1.815,3
Jornada a tiempo completo;14 Murcia, Región de;Total;2015;1.933,8
Jornada a tiempo completo;14 Murcia, Región de;Total;2014;1.881,6
Jornada a tiempo completo;14 Murcia, Región de;Total;2013;1.773,8
Jornada a tiempo completo;14 Murcia, Región de;Total;2012;1.925,1
Jornada a tiempo completo;14 Murcia, Región de;Total;2011;1.879,9
Jornada a tiempo completo;14 Murcia, Región de;Total;2010;1.777,5
Jornada a tiempo completo;14 Murcia, Región de;Total;2009;1.869,1
Jornada a tiempo completo;14 Murcia, Región de;Total;2008;1.765,9
Jornada a tiempo completo;14 Murcia, Región de;Total;2007;1.534,2
Jornada a tiempo completo;14 Murcia, Región de;Total;2006;1.507,9
Jornada a tiempo completo;14 Murcia, Región de;1;2024;975,3
Jornada a tiempo completo;14 Murcia, Región de;1;2023;904,6
Jornada a tiempo completo;14 Murcia, Región de;1;2022;913,2
Jornada a tiempo completo;14 Murcia, Región de;1;2021;762,1
Jornada a tiempo completo;14 Murcia, Región de;1;2020;736,2
Jornada a tiempo completo;14 Murcia, Región de;1;2019;736,7
Jornada a tiempo completo;14 Murcia, Región de;1;2018;717,1
Jornada a tiempo completo;14 Murcia, Región de;1;2017;619,8
Jornada a tiempo completo;14 Murcia, Región de;1;2016;636,6
Jornada a tiempo completo;14 Murcia, Región de;1;2015;575,1
Jornada a tiempo completo;14 Murcia, Región de;1;2014;561,2
Jornada a tiempo completo;14 Murcia, Región de;1;2013;547,5
Jornada a tiempo completo;14 Murcia, Región de;1;2012;574,9
Jornada a tiempo completo;14 Murcia, Región de;1;2011;632,5
Jornada a tiempo completo;14 Murcia, Región de;1;2010;590,5
Jornada a tiempo completo;14 Murcia, Región de;1;2009;581,2
Jornada a tiempo completo;14 Murcia, Región de;1;2008;622,4
Jornada a tiempo completo;14 Murcia, Región de;1;2007;604,4
Jornada a tiempo completo;14 Murcia, Región de;1;2006;546,7
Jornada a tiempo completo;14 Murcia, Región de;2;2024;1.301,3
Jornada a tiempo completo;14 Murcia, Región de;2;2023;1.251,3
Jornada a tiempo completo;14 Murcia, Región de;2;2022;1.166,2
Jornada a tiempo completo;14 Murcia, Región de;2;2021;1.061,4
Jornada a tiempo completo;14 Murcia, Región de;2;2020;1.019,3
Jornada a tiempo completo;14 Murcia, Región de;2;2019;1.019,5
Jornada a tiempo completo;14 Murcia, Región de;2;2018;935,0
Jornada a tiempo completo;14 Murcia, Región de;2;2017;874,2
Jornada a tiempo completo;14 Murcia, Región de;2;2016;877,4
Jornada a tiempo completo;14 Murcia, Región de;2;2015;867,7
Jornada a tiempo completo;14 Murcia, Región de;2;2014;848,3
Jornada a tiempo completo;14 Murcia, Región de;2;2013;834,4
Jornada a tiempo completo;14 Murcia, Región de;2;2012;859,1
Jornada a tiempo completo;14 Murcia, Región de;2;2011;883,9
Jornada a tiempo completo;14 Murcia, Región de;2;2010;927,9
Jornada a tiempo completo;14 Murcia, Región de;2;2009;898,2
Jornada a tiempo completo;14 Murcia, Región de;2;2008;902,3
Jornada a tiempo completo;14 Murcia, Región de;2;2007;859,6
Jornada a tiempo completo;14 Murcia, Región de;2;2006;812,7
Jornada a tiempo completo;14 Murcia, Región de;3;2024;1.497,1
Jornada a tiempo completo;14 Murcia, Región de;3;2023;1.430,3
Jornada a tiempo completo;14 Murcia, Región de;3;2022;1.337,4
Jornada a tiempo completo;14 Murcia, Región de;3;2021;1.253,2
Jornada a tiempo completo;14 Murcia, Región de;3;2020;1.240,9
Jornada a tiempo completo;14 Murcia, Región de;3;2019;1.224,4
Jornada a tiempo completo;14 Murcia, Región de;3;2018;1.153,0
Jornada a tiempo completo;14 Murcia, Región de;3;2017;1.127,1
Jornada a tiempo completo;14 Murcia, Región de;3;2016;1.120,1
Jornada a tiempo completo;14 Murcia, Región de;3;2015;1.101,0
Jornada a tiempo completo;14 Murcia, Región de;3;2014;1.101,8
Jornada a tiempo completo;14 Murcia, Región de;3;2013;1.102,8
Jornada a tiempo completo;14 Murcia, Región de;3;2012;1.117,3
Jornada a tiempo completo;14 Murcia, Región de;3;2011;1.108,7
Jornada a tiempo completo;14 Murcia, Región de;3;2010;1.123,8
Jornada a tiempo completo;14 Murcia, Región de;3;2009;1.092,2
Jornada a tiempo completo;14 Murcia, Región de;3;2008;1.109,4
Jornada a tiempo completo;14 Murcia, Región de;3;2007;1.056,7
Jornada a tiempo completo;14 Murcia, Región de;3;2006;1.003,9
Jornada a tiempo completo;14 Murcia, Región de;4;2024;1.681,6
Jornada a tiempo completo;14 Murcia, Región de;4;2023;1.627,5
Jornada a tiempo completo;14 Murcia, Región de;4;2022;1.528,6
Jornada a tiempo completo;14 Murcia, Región de;4;2021;1.453,2
Jornada a tiempo completo;14 Murcia, Región de;4;2020;1.419,0
Jornada a tiempo completo;14 Murcia, Región de;4;2019;1.419,0
Jornada a tiempo completo;14 Murcia, Región de;4;2018;1.358,0
Jornada a tiempo completo;14 Murcia, Región de;4;2017;1.314,8
Jornada a tiempo completo;14 Murcia, Región de;4;2016;1.330,4
Jornada a tiempo completo;14 Murcia, Región de;4;2015;1.307,1
Jornada a tiempo completo;14 Murcia, Región de;4;2014;1.318,2
Jornada a tiempo completo;14 Murcia, Región de;4;2013;1.329,4
Jornada a tiempo completo;14 Murcia, Región de;4;2012;1.323,0
Jornada a tiempo completo;14 Murcia, Región de;4;2011;1.311,7
Jornada a tiempo completo;14 Murcia, Región de;4;2010;1.315,4
Jornada a tiempo completo;14 Murcia, Región de;4;2009;1.298,0
Jornada a tiempo completo;14 Murcia, Región de;4;2008;1.273,0
Jornada a tiempo completo;14 Murcia, Región de;4;2007;1.208,2
Jornada a tiempo completo;14 Murcia, Región de;4;2006;1.146,1
Jornada a tiempo completo;14 Murcia, Región de;5;2024;1.884,0
Jornada a tiempo completo;14 Murcia, Región de;5;2023;1.836,8
Jornada a tiempo completo;14 Murcia, Región de;5;2022;1.703,2
Jornada a tiempo completo;14 Murcia, Región de;5;2021;1.664,1
Jornada a tiempo completo;14 Murcia, Región de;5;2020;1.601,8
Jornada a tiempo completo;14 Murcia, Región de;5;2019;1.591,5
Jornada a tiempo completo;14 Murcia, Región de;5;2018;1.552,2
Jornada a tiempo completo;14 Murcia, Región de;5;2017;1.490,4
Jornada a tiempo completo;14 Murcia, Región de;5;2016;1.492,7
Jornada a tiempo completo;14 Murcia, Región de;5;2015;1.495,4
Jornada a tiempo completo;14 Murcia, Región de;5;2014;1.507,6
Jornada a tiempo completo;14 Murcia, Región de;5;2013;1.499,4
Jornada a tiempo completo;14 Murcia, Región de;5;2012;1.488,3
Jornada a tiempo completo;14 Murcia, Región de;5;2011;1.482,2
Jornada a tiempo completo;14 Murcia, Región de;5;2010;1.471,7
Jornada a tiempo completo;14 Murcia, Región de;5;2009;1.437,7
Jornada a tiempo completo;14 Murcia, Región de;5;2008;1.409,6
Jornada a tiempo completo;14 Murcia, Región de;5;2007;1.332,5
Jornada a tiempo completo;14 Murcia, Región de;5;2006;1.270,5
Jornada a tiempo completo;14 Murcia, Región de;6;2024;2.131,6
Jornada a tiempo completo;14 Murcia, Región de;6;2023;2.065,0
Jornada a tiempo completo;14 Murcia, Región de;6;2022;1.911,3
Jornada a tiempo completo;14 Murcia, Región de;6;2021;1.859,5
Jornada a tiempo completo;14 Murcia, Región de;6;2020;1.806,6
Jornada a tiempo completo;14 Murcia, Región de;6;2019;1.790,6
Jornada a tiempo completo;14 Murcia, Región de;6;2018;1.751,9
Jornada a tiempo completo;14 Murcia, Región de;6;2017;1.686,4
Jornada a tiempo completo;14 Murcia, Región de;6;2016;1.681,5
Jornada a tiempo completo;14 Murcia, Región de;6;2015;1.695,5
Jornada a tiempo completo;14 Murcia, Región de;6;2014;1.710,8
Jornada a tiempo completo;14 Murcia, Región de;6;2013;1.702,7
Jornada a tiempo completo;14 Murcia, Región de;6;2012;1.687,9
Jornada a tiempo completo;14 Murcia, Región de;6;2011;1.674,9
Jornada a tiempo completo;14 Murcia, Región de;6;2010;1.662,7
Jornada a tiempo completo;14 Murcia, Región de;6;2009;1.619,3
Jornada a tiempo completo;14 Murcia, Región de;6;2008;1.575,8
Jornada a tiempo completo;14 Murcia, Región de;6;2007;1.493,7
Jornada a tiempo completo;14 Murcia, Región de;6;2006;1.418,1
Jornada a tiempo completo;14 Murcia, Región de;7;2024;2.452,5
Jornada a tiempo completo;14 Murcia, Región de;7;2023;2.361,9
Jornada a tiempo completo;14 Murcia, Región de;7;2022;2.169,2
Jornada a tiempo completo;14 Murcia, Región de;7;2021;2.143,9
Jornada a tiempo completo;14 Murcia, Región de;7;2020;2.112,1
Jornada a tiempo completo;14 Murcia, Región de;7;2019;2.058,0
Jornada a tiempo completo;14 Murcia, Región de;7;2018;2.012,7
Jornada a tiempo completo;14 Murcia, Región de;7;2017;1.986,5
Jornada a tiempo completo;14 Murcia, Región de;7;2016;1.965,1
Jornada a tiempo completo;14 Murcia, Región de;7;2015;1.949,9
Jornada a tiempo completo;14 Murcia, Región de;7;2014;2.033,7
Jornada a tiempo completo;14 Murcia, Región de;7;2013;1.987,3
Jornada a tiempo completo;14 Murcia, Región de;7;2012;1.955,8
Jornada a tiempo completo;14 Murcia, Región de;7;2011;1.906,7
Jornada a tiempo completo;14 Murcia, Región de;7;2010;1.914,7
Jornada a tiempo completo;14 Murcia, Región de;7;2009;1.863,2
Jornada a tiempo completo;14 Murcia, Región de;7;2008;1.795,8
Jornada a tiempo completo;14 Murcia, Región de;7;2007;1.702,8
Jornada a tiempo completo;14 Murcia, Región de;7;2006;1.613,4
Jornada a tiempo completo;14 Murcia, Región de;8;2024;2.908,3
Jornada a tiempo completo;14 Murcia, Región de;8;2023;2.802,4
Jornada a tiempo completo;14 Murcia, Región de;8;2022;2.612,8
Jornada a tiempo completo;14 Murcia, Región de;8;2021;2.565,9
Jornada a tiempo completo;14 Murcia, Región de;8;2020;2.509,7
Jornada a tiempo completo;14 Murcia, Región de;8;2019;2.452,5
Jornada a tiempo completo;14 Murcia, Región de;8;2018;2.436,2
Jornada a tiempo completo;14 Murcia, Región de;8;2017;2.366,9
Jornada a tiempo completo;14 Murcia, Región de;8;2016;2.349,8
Jornada a tiempo completo;14 Murcia, Región de;8;2015;2.377,1
Jornada a tiempo completo;14 Murcia, Región de;8;2014;2.366,2
Jornada a tiempo completo;14 Murcia, Región de;8;2013;2.367,0
Jornada a tiempo completo;14 Murcia, Región de;8;2012;2.321,9
Jornada a tiempo completo;14 Murcia, Región de;8;2011;2.293,3
Jornada a tiempo completo;14 Murcia, Región de;8;2010;2.290,7
Jornada a tiempo completo;14 Murcia, Región de;8;2009;2.232,5
Jornada a tiempo completo;14 Murcia, Región de;8;2008;2.141,6
Jornada a tiempo completo;14 Murcia, Región de;8;2007;2.026,1
Jornada a tiempo completo;14 Murcia, Región de;8;2006;1.954,0
Jornada a tiempo completo;14 Murcia, Región de;9;2024;3.562,7
Jornada a tiempo completo;14 Murcia, Región de;9;2023;3.394,9
Jornada a tiempo completo;14 Murcia, Región de;9;2022;3.160,8
Jornada a tiempo completo;14 Murcia, Región de;9;2021;3.133,6
Jornada a tiempo completo;14 Murcia, Región de;9;2020;3.199,4
Jornada a tiempo completo;14 Murcia, Región de;9;2019;3.065,5
Jornada a tiempo completo;14 Murcia, Región de;9;2018;2.992,2
Jornada a tiempo completo;14 Murcia, Región de;9;2017;2.995,2
Jornada a tiempo completo;14 Murcia, Región de;9;2016;2.960,6
Jornada a tiempo completo;14 Murcia, Región de;9;2015;2.965,1
Jornada a tiempo completo;14 Murcia, Región de;9;2014;2.982,1
Jornada a tiempo completo;14 Murcia, Región de;9;2013;2.900,9
Jornada a tiempo completo;14 Murcia, Región de;9;2012;2.881,1
Jornada a tiempo completo;14 Murcia, Región de;9;2011;2.831,5
Jornada a tiempo completo;14 Murcia, Región de;9;2010;2.815,9
Jornada a tiempo completo;14 Murcia, Región de;9;2009;2.871,7
Jornada a tiempo completo;14 Murcia, Región de;9;2008;2.674,1
Jornada a tiempo completo;14 Murcia, Región de;9;2007;2.556,3
Jornada a tiempo completo;14 Murcia, Región de;9;2006;2.494,3
Jornada a tiempo completo;14 Murcia, Región de;10;2024;5.298,2
Jornada a tiempo completo;14 Murcia, Región de;10;2023;5.404,2
Jornada a tiempo completo;14 Murcia, Región de;10;2022;4.822,0
Jornada a tiempo completo;14 Murcia, Región de;10;2021;4.869,3
Jornada a tiempo completo;14 Murcia, Región de;10;2020;4.749,4
Jornada a tiempo completo;14 Murcia, Región de;10;2019;4.457,5
Jornada a tiempo completo;14 Murcia, Región de;10;2018;4.565,6
Jornada a tiempo completo;14 Murcia, Región de;10;2017;4.546,9
Jornada a tiempo completo;14 Murcia, Región de;10;2016;4.456,3
Jornada a tiempo completo;14 Murcia, Región de;10;2015;4.458,6
Jornada a tiempo completo;14 Murcia, Región de;10;2014;4.461,9
Jornada a tiempo completo;14 Murcia, Región de;10;2013;4.272,9
Jornada a tiempo completo;14 Murcia, Región de;10;2012;4.468,9
Jornada a tiempo completo;14 Murcia, Región de;10;2011;4.295,9
Jornada a tiempo completo;14 Murcia, Región de;10;2010;4.387,1
Jornada a tiempo completo;14 Murcia, Región de;10;2009;4.190,2
Jornada a tiempo completo;14 Murcia, Región de;10;2008;4.316,4
Jornada a tiempo completo;14 Murcia, Región de;10;2007;3.471,4
Jornada a tiempo completo;14 Murcia, Región de;10;2006;3.429,2
Jornada a tiempo completo;15 Navarra, Comunidad Foral de;Total;2024;2.840,0
Jornada a tiempo completo;15 Navarra, Comunidad Foral de;Total;2023;2.738,0
Jornada a tiempo completo;15 Navarra, Comunidad Foral de;Total;2022;2.576,5
Jornada a tiempo completo;15 Navarra, Comunidad Foral de;Total;2021;2.495,4
Jornada a tiempo completo;15 Navarra, Comunidad Foral de;Total;2020;2.485,8
Jornada a tiempo completo;15 Navarra, Comunidad Foral de;Total;2019;2.471,9
Jornada a tiempo completo;15 Navarra, Comunidad Foral de;Total;2018;2.323,4
Jornada a tiempo completo;15 Navarra, Comunidad Foral de;Total;2017;2.416,5
Jornada a tiempo completo;15 Navarra, Comunidad Foral de;Total;2016;2.352,9
Jornada a tiempo completo;15 Navarra, Comunidad Foral de;Total;2015;2.377,2
Jornada a tiempo completo;15 Navarra, Comunidad Foral de;Total;2014;2.318,2
Jornada a tiempo completo;15 Navarra, Comunidad Foral de;Total;2013;2.368,5
Jornada a tiempo completo;15 Navarra, Comunidad Foral de;Total;2012;2.307,8
Jornada a tiempo completo;15 Navarra, Comunidad Foral de;Total;2011;2.248,1
Jornada a tiempo completo;15 Navarra, Comunidad Foral de;Total;2010;2.315,8
Jornada a tiempo completo;15 Navarra, Comunidad Foral de;Total;2009;2.174,0
Jornada a tiempo completo;15 Navarra, Comunidad Foral de;Total;2008;2.059,7
Jornada a tiempo completo;15 Navarra, Comunidad Foral de;Total;2007;2.042,2
Jornada a tiempo completo;15 Navarra, Comunidad Foral de;Total;2006;1.959,0
Jornada a tiempo completo;15 Navarra, Comunidad Foral de;1;2024;986,5
Jornada a tiempo completo;15 Navarra, Comunidad Foral de;1;2023;930,3
Jornada a tiempo completo;15 Navarra, Comunidad Foral de;1;2022;848,0
Jornada a tiempo completo;15 Navarra, Comunidad Foral de;1;2021;763,9
Jornada a tiempo completo;15 Navarra, Comunidad Foral de;1;2020;686,8
Jornada a tiempo completo;15 Navarra, Comunidad Foral de;1;2019;..
Jornada a tiempo completo;15 Navarra, Comunidad Foral de;1;2018;720,0
Jornada a tiempo completo;15 Navarra, Comunidad Foral de;1;2017;591,5
Jornada a tiempo completo;15 Navarra, Comunidad Foral de;1;2016;541,5
Jornada a tiempo completo;15 Navarra, Comunidad Foral de;1;2015;556,2
Jornada a tiempo completo;15 Navarra, Comunidad Foral de;1;2014;547,1
Jornada a tiempo completo;15 Navarra, Comunidad Foral de;1;2013;..
Jornada a tiempo completo;15 Navarra, Comunidad Foral de;1;2012;577,3
Jornada a tiempo completo;15 Navarra, Comunidad Foral de;1;2011;606,8
Jornada a tiempo completo;15 Navarra, Comunidad Foral de;1;2010;650,1
Jornada a tiempo completo;15 Navarra, Comunidad Foral de;1;2009;642,4
Jornada a tiempo completo;15 Navarra, Comunidad Foral de;1;2008;674,5
Jornada a tiempo completo;15 Navarra, Comunidad Foral de;1;2007;530,3
Jornada a tiempo completo;15 Navarra, Comunidad Foral de;1;2006;608,6
Jornada a tiempo completo;15 Navarra, Comunidad Foral de;2;2024;1.288,2
Jornada a tiempo completo;15 Navarra, Comunidad Foral de;2;2023;1.220,8
Jornada a tiempo completo;15 Navarra, Comunidad Foral de;2;2022;1.104,3
Jornada a tiempo completo;15 Navarra, Comunidad Foral de;2;2021;1.048,0
Jornada a tiempo completo;15 Navarra, Comunidad Foral de;2;2020;1.035,9
Jornada a tiempo completo;15 Navarra, Comunidad Foral de;2;2019;968,3
Jornada a tiempo completo;15 Navarra, Comunidad Foral de;2;2018;926,2
Jornada a tiempo completo;15 Navarra, Comunidad Foral de;2;2017;875,9
Jornada a tiempo completo;15 Navarra, Comunidad Foral de;2;2016;858,4
Jornada a tiempo completo;15 Navarra, Comunidad Foral de;2;2015;847,1
Jornada a tiempo completo;15 Navarra, Comunidad Foral de;2;2014;876,6
Jornada a tiempo completo;15 Navarra, Comunidad Foral de;2;2013;890,3
Jornada a tiempo completo;15 Navarra, Comunidad Foral de;2;2012;908,6
Jornada a tiempo completo;15 Navarra, Comunidad Foral de;2;2011;880,7
Jornada a tiempo completo;15 Navarra, Comunidad Foral de;2;2010;920,5
Jornada a tiempo completo;15 Navarra, Comunidad Foral de;2;2009;912,1
Jornada a tiempo completo;15 Navarra, Comunidad Foral de;2;2008;905,9
Jornada a tiempo completo;15 Navarra, Comunidad Foral de;2;2007;870,2
Jornada a tiempo completo;15 Navarra, Comunidad Foral de;2;2006;833,4
Jornada a tiempo completo;15 Navarra, Comunidad Foral de;3;2024;1.503,1
Jornada a tiempo completo;15 Navarra, Comunidad Foral de;3;2023;1.424,3
Jornada a tiempo completo;15 Navarra, Comunidad Foral de;3;2022;1.347,5
Jornada a tiempo completo;15 Navarra, Comunidad Foral de;3;2021;1.276,3
Jornada a tiempo completo;15 Navarra, Comunidad Foral de;3;2020;1.243,1
Jornada a tiempo completo;15 Navarra, Comunidad Foral de;3;2019;1.221,5
Jornada a tiempo completo;15 Navarra, Comunidad Foral de;3;2018;1.137,2
Jornada a tiempo completo;15 Navarra, Comunidad Foral de;3;2017;1.132,3
Jornada a tiempo completo;15 Navarra, Comunidad Foral de;3;2016;1.155,8
Jornada a tiempo completo;15 Navarra, Comunidad Foral de;3;2015;1.095,6
Jornada a tiempo completo;15 Navarra, Comunidad Foral de;3;2014;1.131,5
Jornada a tiempo completo;15 Navarra, Comunidad Foral de;3;2013;1.147,1
Jornada a tiempo completo;15 Navarra, Comunidad Foral de;3;2012;1.129,3
Jornada a tiempo completo;15 Navarra, Comunidad Foral de;3;2011;1.128,5
Jornada a tiempo completo;15 Navarra, Comunidad Foral de;3;2010;1.169,3
Jornada a tiempo completo;15 Navarra, Comunidad Foral de;3;2009;1.113,3
Jornada a tiempo completo;15 Navarra, Comunidad Foral de;3;2008;1.116,0
Jornada a tiempo completo;15 Navarra, Comunidad Foral de;3;2007;1.072,3
Jornada a tiempo completo;15 Navarra, Comunidad Foral de;3;2006;1.001,7
Jornada a tiempo completo;15 Navarra, Comunidad Foral de;4;2024;1.687,5
Jornada a tiempo completo;15 Navarra, Comunidad Foral de;4;2023;1.647,9
Jornada a tiempo completo;15 Navarra, Comunidad Foral de;4;2022;1.521,5
Jornada a tiempo completo;15 Navarra, Comunidad Foral de;4;2021;1.454,6
Jornada a tiempo completo;15 Navarra, Comunidad Foral de;4;2020;1.423,9
Jornada a tiempo completo;15 Navarra, Comunidad Foral de;4;2019;1.422,2
Jornada a tiempo completo;15 Navarra, Comunidad Foral de;4;2018;1.357,4
Jornada a tiempo completo;15 Navarra, Comunidad Foral de;4;2017;1.326,4
Jornada a tiempo completo;15 Navarra, Comunidad Foral de;4;2016;1.341,4
Jornada a tiempo completo;15 Navarra, Comunidad Foral de;4;2015;1.322,1
Jornada a tiempo completo;15 Navarra, Comunidad Foral de;4;2014;1.338,0
Jornada a tiempo completo;15 Navarra, Comunidad Foral de;4;2013;1.313,2
Jornada a tiempo completo;15 Navarra, Comunidad Foral de;4;2012;1.327,8
Jornada a tiempo completo;15 Navarra, Comunidad Foral de;4;2011;1.315,3
Jornada a tiempo completo;15 Navarra, Comunidad Foral de;4;2010;1.325,4
Jornada a tiempo completo;15 Navarra, Comunidad Foral de;4;2009;1.287,9
Jornada a tiempo completo;15 Navarra, Comunidad Foral de;4;2008;1.269,6
Jornada a tiempo completo;15 Navarra, Comunidad Foral de;4;2007;1.197,6
Jornada a tiempo completo;15 Navarra, Comunidad Foral de;4;2006;1.152,8
Jornada a tiempo completo;15 Navarra, Comunidad Foral de;5;2024;1.897,1
Jornada a tiempo completo;15 Navarra, Comunidad Foral de;5;2023;1.823,0
Jornada a tiempo completo;15 Navarra, Comunidad Foral de;5;2022;1.722,2
Jornada a tiempo completo;15 Navarra, Comunidad Foral de;5;2021;1.656,2
Jornada a tiempo completo;15 Navarra, Comunidad Foral de;5;2020;1.596,7
Jornada a tiempo completo;15 Navarra, Comunidad Foral de;5;2019;1.604,5
Jornada a tiempo completo;15 Navarra, Comunidad Foral de;5;2018;1.551,7
Jornada a tiempo completo;15 Navarra, Comunidad Foral de;5;2017;1.489,5
Jornada a tiempo completo;15 Navarra, Comunidad Foral de;5;2016;1.512,0
Jornada a tiempo completo;15 Navarra, Comunidad Foral de;5;2015;1.485,8
Jornada a tiempo completo;15 Navarra, Comunidad Foral de;5;2014;1.513,9
Jornada a tiempo completo;15 Navarra, Comunidad Foral de;5;2013;1.518,7
Jornada a tiempo completo;15 Navarra, Comunidad Foral de;5;2012;1.492,2
Jornada a tiempo completo;15 Navarra, Comunidad Foral de;5;2011;1.477,4
Jornada a tiempo completo;15 Navarra, Comunidad Foral de;5;2010;1.477,2
Jornada a tiempo completo;15 Navarra, Comunidad Foral de;5;2009;1.446,9
Jornada a tiempo completo;15 Navarra, Comunidad Foral de;5;2008;1.418,5
Jornada a tiempo completo;15 Navarra, Comunidad Foral de;5;2007;1.346,2
Jornada a tiempo completo;15 Navarra, Comunidad Foral de;5;2006;1.268,7
Jornada a tiempo completo;15 Navarra, Comunidad Foral de;6;2024;2.138,0
Jornada a tiempo completo;15 Navarra, Comunidad Foral de;6;2023;2.061,8
Jornada a tiempo completo;15 Navarra, Comunidad Foral de;6;2022;1.908,7
Jornada a tiempo completo;15 Navarra, Comunidad Foral de;6;2021;1.862,6
Jornada a tiempo completo;15 Navarra, Comunidad Foral de;6;2020;1.825,7
Jornada a tiempo completo;15 Navarra, Comunidad Foral de;6;2019;1.791,3
Jornada a tiempo completo;15 Navarra, Comunidad Foral de;6;2018;1.778,2
Jornada a tiempo completo;15 Navarra, Comunidad Foral de;6;2017;1.715,0
Jornada a tiempo completo;15 Navarra, Comunidad Foral de;6;2016;1.707,1
Jornada a tiempo completo;15 Navarra, Comunidad Foral de;6;2015;1.715,8
Jornada a tiempo completo;15 Navarra, Comunidad Foral de;6;2014;1.715,0
Jornada a tiempo completo;15 Navarra, Comunidad Foral de;6;2013;1.703,1
Jornada a tiempo completo;15 Navarra, Comunidad Foral de;6;2012;1.692,5
Jornada a tiempo completo;15 Navarra, Comunidad Foral de;6;2011;1.674,1
Jornada a tiempo completo;15 Navarra, Comunidad Foral de;6;2010;1.672,0
Jornada a tiempo completo;15 Navarra, Comunidad Foral de;6;2009;1.645,3
Jornada a tiempo completo;15 Navarra, Comunidad Foral de;6;2008;1.582,5
Jornada a tiempo completo;15 Navarra, Comunidad Foral de;6;2007;1.491,4
Jornada a tiempo completo;15 Navarra, Comunidad Foral de;6;2006;1.417,0
Jornada a tiempo completo;15 Navarra, Comunidad Foral de;7;2024;2.433,5
Jornada a tiempo completo;15 Navarra, Comunidad Foral de;7;2023;2.348,9
Jornada a tiempo completo;15 Navarra, Comunidad Foral de;7;2022;2.206,3
Jornada a tiempo completo;15 Navarra, Comunidad Foral de;7;2021;2.146,0
Jornada a tiempo completo;15 Navarra, Comunidad Foral de;7;2020;2.117,5
Jornada a tiempo completo;15 Navarra, Comunidad Foral de;7;2019;2.062,3
Jornada a tiempo completo;15 Navarra, Comunidad Foral de;7;2018;1.999,9
Jornada a tiempo completo;15 Navarra, Comunidad Foral de;7;2017;1.965,7
Jornada a tiempo completo;15 Navarra, Comunidad Foral de;7;2016;1.974,2
Jornada a tiempo completo;15 Navarra, Comunidad Foral de;7;2015;1.975,9
Jornada a tiempo completo;15 Navarra, Comunidad Foral de;7;2014;1.987,0
Jornada a tiempo completo;15 Navarra, Comunidad Foral de;7;2013;1.977,7
Jornada a tiempo completo;15 Navarra, Comunidad Foral de;7;2012;1.926,6
Jornada a tiempo completo;15 Navarra, Comunidad Foral de;7;2011;1.919,4
Jornada a tiempo completo;15 Navarra, Comunidad Foral de;7;2010;1.937,2
Jornada a tiempo completo;15 Navarra, Comunidad Foral de;7;2009;1.877,1
Jornada a tiempo completo;15 Navarra, Comunidad Foral de;7;2008;1.804,0
Jornada a tiempo completo;15 Navarra, Comunidad Foral de;7;2007;1.706,8
Jornada a tiempo completo;15 Navarra, Comunidad Foral de;7;2006;1.630,7
Jornada a tiempo completo;15 Navarra, Comunidad Foral de;8;2024;2.929,6
Jornada a tiempo completo;15 Navarra, Comunidad Foral de;8;2023;2.783,2
Jornada a tiempo completo;15 Navarra, Comunidad Foral de;8;2022;2.583,3
Jornada a tiempo completo;15 Navarra, Comunidad Foral de;8;2021;2.553,8
Jornada a tiempo completo;15 Navarra, Comunidad Foral de;8;2020;2.557,4
Jornada a tiempo completo;15 Navarra, Comunidad Foral de;8;2019;2.436,8
Jornada a tiempo completo;15 Navarra, Comunidad Foral de;8;2018;2.414,7
Jornada a tiempo completo;15 Navarra, Comunidad Foral de;8;2017;2.358,3
Jornada a tiempo completo;15 Navarra, Comunidad Foral de;8;2016;2.354,6
Jornada a tiempo completo;15 Navarra, Comunidad Foral de;8;2015;2.385,1
Jornada a tiempo completo;15 Navarra, Comunidad Foral de;8;2014;2.410,8
Jornada a tiempo completo;15 Navarra, Comunidad Foral de;8;2013;2.357,5
Jornada a tiempo completo;15 Navarra, Comunidad Foral de;8;2012;2.317,3
Jornada a tiempo completo;15 Navarra, Comunidad Foral de;8;2011;2.268,6
Jornada a tiempo completo;15 Navarra, Comunidad Foral de;8;2010;2.313,0
Jornada a tiempo completo;15 Navarra, Comunidad Foral de;8;2009;2.249,1
Jornada a tiempo completo;15 Navarra, Comunidad Foral de;8;2008;2.146,3
Jornada a tiempo completo;15 Navarra, Comunidad Foral de;8;2007;2.037,3
Jornada a tiempo completo;15 Navarra, Comunidad Foral de;8;2006;1.955,1
Jornada a tiempo completo;15 Navarra, Comunidad Foral de;9;2024;3.553,2
Jornada a tiempo completo;15 Navarra, Comunidad Foral de;9;2023;3.473,6
Jornada a tiempo completo;15 Navarra, Comunidad Foral de;9;2022;3.178,0
Jornada a tiempo completo;15 Navarra, Comunidad Foral de;9;2021;3.136,1
Jornada a tiempo completo;15 Navarra, Comunidad Foral de;9;2020;3.141,1
Jornada a tiempo completo;15 Navarra, Comunidad Foral de;9;2019;3.038,2
Jornada a tiempo completo;15 Navarra, Comunidad Foral de;9;2018;3.061,1
Jornada a tiempo completo;15 Navarra, Comunidad Foral de;9;2017;2.970,8
Jornada a tiempo completo;15 Navarra, Comunidad Foral de;9;2016;2.966,9
Jornada a tiempo completo;15 Navarra, Comunidad Foral de;9;2015;2.950,8
Jornada a tiempo completo;15 Navarra, Comunidad Foral de;9;2014;2.937,2
Jornada a tiempo completo;15 Navarra, Comunidad Foral de;9;2013;2.931,0
Jornada a tiempo completo;15 Navarra, Comunidad Foral de;9;2012;2.856,7
Jornada a tiempo completo;15 Navarra, Comunidad Foral de;9;2011;2.836,9
Jornada a tiempo completo;15 Navarra, Comunidad Foral de;9;2010;2.844,5
Jornada a tiempo completo;15 Navarra, Comunidad Foral de;9;2009;2.752,8
Jornada a tiempo completo;15 Navarra, Comunidad Foral de;9;2008;2.684,9
Jornada a tiempo completo;15 Navarra, Comunidad Foral de;9;2007;2.609,0
Jornada a tiempo completo;15 Navarra, Comunidad Foral de;9;2006;2.440,3
Jornada a tiempo completo;15 Navarra, Comunidad Foral de;10;2024;5.425,4
Jornada a tiempo completo;15 Navarra, Comunidad Foral de;10;2023;5.055,3
Jornada a tiempo completo;15 Navarra, Comunidad Foral de;10;2022;4.595,9
Jornada a tiempo completo;15 Navarra, Comunidad Foral de;10;2021;4.914,7
Jornada a tiempo completo;15 Navarra, Comunidad Foral de;10;2020;4.855,0
Jornada a tiempo completo;15 Navarra, Comunidad Foral de;10;2019;4.543,2
Jornada a tiempo completo;15 Navarra, Comunidad Foral de;10;2018;4.374,8
Jornada a tiempo completo;15 Navarra, Comunidad Foral de;10;2017;4.301,0
Jornada a tiempo completo;15 Navarra, Comunidad Foral de;10;2016;4.401,0
Jornada a tiempo completo;15 Navarra, Comunidad Foral de;10;2015;4.453,3
Jornada a tiempo completo;15 Navarra, Comunidad Foral de;10;2014;4.530,6
Jornada a tiempo completo;15 Navarra, Comunidad Foral de;10;2013;4.293,4
Jornada a tiempo completo;15 Navarra, Comunidad Foral de;10;2012;4.462,9
Jornada a tiempo completo;15 Navarra, Comunidad Foral de;10;2011;4.363,3
Jornada a tiempo completo;15 Navarra, Comunidad Foral de;10;2010;4.513,4
Jornada a tiempo completo;15 Navarra, Comunidad Foral de;10;2009;4.220,5
Jornada a tiempo completo;15 Navarra, Comunidad Foral de;10;2008;4.004,9
Jornada a tiempo completo;15 Navarra, Comunidad Foral de;10;2007;3.777,4
Jornada a tiempo completo;15 Navarra, Comunidad Foral de;10;2006;3.661,7
Jornada a tiempo completo;16 País Vasco;Total;2024;3.104,3
Jornada a tiempo completo;16 País Vasco;Total;2023;2.944,4
Jornada a tiempo completo;16 País Vasco;Total;2022;2.805,2
Jornada a tiempo completo;16 País Vasco;Total;2021;2.743,3
Jornada a tiempo completo;16 País Vasco;Total;2020;2.564,3
Jornada a tiempo completo;16 País Vasco;Total;2019;2.626,9
Jornada a tiempo completo;16 País Vasco;Total;2018;2.537,4
Jornada a tiempo completo;16 País Vasco;Total;2017;2.526,5
Jornada a tiempo completo;16 País Vasco;Total;2016;2.545,9
Jornada a tiempo completo;16 País Vasco;Total;2015;2.580,7
Jornada a tiempo completo;16 País Vasco;Total;2014;2.454,0
Jornada a tiempo completo;16 País Vasco;Total;2013;2.455,2
Jornada a tiempo completo;16 País Vasco;Total;2012;2.414,5
Jornada a tiempo completo;16 País Vasco;Total;2011;2.383,5
Jornada a tiempo completo;16 País Vasco;Total;2010;2.329,3
Jornada a tiempo completo;16 País Vasco;Total;2009;2.339,6
Jornada a tiempo completo;16 País Vasco;Total;2008;2.365,7
Jornada a tiempo completo;16 País Vasco;Total;2007;2.154,6
Jornada a tiempo completo;16 País Vasco;Total;2006;2.098,4
Jornada a tiempo completo;16 País Vasco;1;2024;923,4
Jornada a tiempo completo;16 País Vasco;1;2023;896,4
Jornada a tiempo completo;16 País Vasco;1;2022;873,8
Jornada a tiempo completo;16 País Vasco;1;2021;779,4
Jornada a tiempo completo;16 País Vasco;1;2020;760,0
Jornada a tiempo completo;16 País Vasco;1;2019;755,8
Jornada a tiempo completo;16 País Vasco;1;2018;689,6
Jornada a tiempo completo;16 País Vasco;1;2017;655,0
Jornada a tiempo completo;16 País Vasco;1;2016;647,0
Jornada a tiempo completo;16 País Vasco;1;2015;630,8
Jornada a tiempo completo;16 País Vasco;1;2014;509,8
Jornada a tiempo completo;16 País Vasco;1;2013;545,7
Jornada a tiempo completo;16 País Vasco;1;2012;593,0
Jornada a tiempo completo;16 País Vasco;1;2011;632,1
Jornada a tiempo completo;16 País Vasco;1;2010;663,3
Jornada a tiempo completo;16 País Vasco;1;2009;612,9
Jornada a tiempo completo;16 País Vasco;1;2008;683,3
Jornada a tiempo completo;16 País Vasco;1;2007;628,9
Jornada a tiempo completo;16 País Vasco;1;2006;605,2
Jornada a tiempo completo;16 País Vasco;2;2024;1.291,5
Jornada a tiempo completo;16 País Vasco;2;2023;1.221,8
Jornada a tiempo completo;16 País Vasco;2;2022;1.139,9
Jornada a tiempo completo;16 País Vasco;2;2021;1.063,3
Jornada a tiempo completo;16 País Vasco;2;2020;1.029,1
Jornada a tiempo completo;16 País Vasco;2;2019;1.033,7
Jornada a tiempo completo;16 País Vasco;2;2018;908,3
Jornada a tiempo completo;16 País Vasco;2;2017;866,3
Jornada a tiempo completo;16 País Vasco;2;2016;866,5
Jornada a tiempo completo;16 País Vasco;2;2015;854,1
Jornada a tiempo completo;16 País Vasco;2;2014;829,4
Jornada a tiempo completo;16 País Vasco;2;2013;866,7
Jornada a tiempo completo;16 País Vasco;2;2012;883,0
Jornada a tiempo completo;16 País Vasco;2;2011;869,3
Jornada a tiempo completo;16 País Vasco;2;2010;914,9
Jornada a tiempo completo;16 País Vasco;2;2009;870,9
Jornada a tiempo completo;16 País Vasco;2;2008;906,5
Jornada a tiempo completo;16 País Vasco;2;2007;867,3
Jornada a tiempo completo;16 País Vasco;2;2006;826,2
Jornada a tiempo completo;16 País Vasco;3;2024;1.496,5
Jornada a tiempo completo;16 País Vasco;3;2023;1.427,7
Jornada a tiempo completo;16 País Vasco;3;2022;1.337,8
Jornada a tiempo completo;16 País Vasco;3;2021;1.263,3
Jornada a tiempo completo;16 País Vasco;3;2020;1.238,1
Jornada a tiempo completo;16 País Vasco;3;2019;1.221,9
Jornada a tiempo completo;16 País Vasco;3;2018;1.157,1
Jornada a tiempo completo;16 País Vasco;3;2017;1.126,6
Jornada a tiempo completo;16 País Vasco;3;2016;1.138,0
Jornada a tiempo completo;16 País Vasco;3;2015;1.104,9
Jornada a tiempo completo;16 País Vasco;3;2014;1.117,3
Jornada a tiempo completo;16 País Vasco;3;2013;1.110,9
Jornada a tiempo completo;16 País Vasco;3;2012;1.127,0
Jornada a tiempo completo;16 País Vasco;3;2011;1.109,4
Jornada a tiempo completo;16 País Vasco;3;2010;1.146,5
Jornada a tiempo completo;16 País Vasco;3;2009;1.120,4
Jornada a tiempo completo;16 País Vasco;3;2008;1.113,4
Jornada a tiempo completo;16 País Vasco;3;2007;1.069,2
Jornada a tiempo completo;16 País Vasco;3;2006;1.015,8
Jornada a tiempo completo;16 País Vasco;4;2024;1.678,5
Jornada a tiempo completo;16 País Vasco;4;2023;1.650,8
Jornada a tiempo completo;16 País Vasco;4;2022;1.531,1
Jornada a tiempo completo;16 País Vasco;4;2021;1.458,2
Jornada a tiempo completo;16 País Vasco;4;2020;1.434,9
Jornada a tiempo completo;16 País Vasco;4;2019;1.424,1
Jornada a tiempo completo;16 País Vasco;4;2018;1.358,1
Jornada a tiempo completo;16 País Vasco;4;2017;1.318,9
Jornada a tiempo completo;16 País Vasco;4;2016;1.327,1
Jornada a tiempo completo;16 País Vasco;4;2015;1.321,3
Jornada a tiempo completo;16 País Vasco;4;2014;1.328,9
Jornada a tiempo completo;16 País Vasco;4;2013;1.323,0
Jornada a tiempo completo;16 País Vasco;4;2012;1.326,2
Jornada a tiempo completo;16 País Vasco;4;2011;1.317,2
Jornada a tiempo completo;16 País Vasco;4;2010;1.319,0
Jornada a tiempo completo;16 País Vasco;4;2009;1.294,1
Jornada a tiempo completo;16 País Vasco;4;2008;1.273,0
Jornada a tiempo completo;16 País Vasco;4;2007;1.209,5
Jornada a tiempo completo;16 País Vasco;4;2006;1.143,1
Jornada a tiempo completo;16 País Vasco;5;2024;1.887,6
Jornada a tiempo completo;16 País Vasco;5;2023;1.842,4
Jornada a tiempo completo;16 País Vasco;5;2022;1.719,0
Jornada a tiempo completo;16 País Vasco;5;2021;1.644,0
Jornada a tiempo completo;16 País Vasco;5;2020;1.612,5
Jornada a tiempo completo;16 País Vasco;5;2019;1.603,8
Jornada a tiempo completo;16 País Vasco;5;2018;1.557,3
Jornada a tiempo completo;16 País Vasco;5;2017;1.503,4
Jornada a tiempo completo;16 País Vasco;5;2016;1.507,0
Jornada a tiempo completo;16 País Vasco;5;2015;1.506,4
Jornada a tiempo completo;16 País Vasco;5;2014;1.504,4
Jornada a tiempo completo;16 País Vasco;5;2013;1.517,3
Jornada a tiempo completo;16 País Vasco;5;2012;1.494,5
Jornada a tiempo completo;16 País Vasco;5;2011;1.490,4
Jornada a tiempo completo;16 País Vasco;5;2010;1.485,0
Jornada a tiempo completo;16 País Vasco;5;2009;1.443,1
Jornada a tiempo completo;16 País Vasco;5;2008;1.407,2
Jornada a tiempo completo;16 País Vasco;5;2007;1.331,2
Jornada a tiempo completo;16 País Vasco;5;2006;1.269,6
Jornada a tiempo completo;16 País Vasco;6;2024;2.153,7
Jornada a tiempo completo;16 País Vasco;6;2023;2.059,6
Jornada a tiempo completo;16 País Vasco;6;2022;1.917,6
Jornada a tiempo completo;16 País Vasco;6;2021;1.875,9
Jornada a tiempo completo;16 País Vasco;6;2020;1.824,2
Jornada a tiempo completo;16 País Vasco;6;2019;1.796,2
Jornada a tiempo completo;16 País Vasco;6;2018;1.757,0
Jornada a tiempo completo;16 País Vasco;6;2017;1.697,7
Jornada a tiempo completo;16 País Vasco;6;2016;1.722,0
Jornada a tiempo completo;16 País Vasco;6;2015;1.705,6
Jornada a tiempo completo;16 País Vasco;6;2014;1.720,7
Jornada a tiempo completo;16 País Vasco;6;2013;1.716,0
Jornada a tiempo completo;16 País Vasco;6;2012;1.696,3
Jornada a tiempo completo;16 País Vasco;6;2011;1.675,0
Jornada a tiempo completo;16 País Vasco;6;2010;1.681,1
Jornada a tiempo completo;16 País Vasco;6;2009;1.626,9
Jornada a tiempo completo;16 País Vasco;6;2008;1.584,7
Jornada a tiempo completo;16 País Vasco;6;2007;1.498,1
Jornada a tiempo completo;16 País Vasco;6;2006;1.420,4
Jornada a tiempo completo;16 País Vasco;7;2024;2.462,3
Jornada a tiempo completo;16 País Vasco;7;2023;2.359,8
Jornada a tiempo completo;16 País Vasco;7;2022;2.180,5
Jornada a tiempo completo;16 País Vasco;7;2021;2.142,2
Jornada a tiempo completo;16 País Vasco;7;2020;2.115,0
Jornada a tiempo completo;16 País Vasco;7;2019;2.063,1
Jornada a tiempo completo;16 País Vasco;7;2018;2.027,9
Jornada a tiempo completo;16 País Vasco;7;2017;1.972,9
Jornada a tiempo completo;16 País Vasco;7;2016;1.980,4
Jornada a tiempo completo;16 País Vasco;7;2015;1.967,6
Jornada a tiempo completo;16 País Vasco;7;2014;2.008,8
Jornada a tiempo completo;16 País Vasco;7;2013;1.981,0
Jornada a tiempo completo;16 País Vasco;7;2012;1.943,6
Jornada a tiempo completo;16 País Vasco;7;2011;1.938,6
Jornada a tiempo completo;16 País Vasco;7;2010;1.919,9
Jornada a tiempo completo;16 País Vasco;7;2009;1.880,5
Jornada a tiempo completo;16 País Vasco;7;2008;1.803,4
Jornada a tiempo completo;16 País Vasco;7;2007;1.707,3
Jornada a tiempo completo;16 País Vasco;7;2006;1.649,4
Jornada a tiempo completo;16 País Vasco;8;2024;2.916,7
Jornada a tiempo completo;16 País Vasco;8;2023;2.774,2
Jornada a tiempo completo;16 País Vasco;8;2022;2.586,9
Jornada a tiempo completo;16 País Vasco;8;2021;2.564,7
Jornada a tiempo completo;16 País Vasco;8;2020;2.538,4
Jornada a tiempo completo;16 País Vasco;8;2019;2.434,0
Jornada a tiempo completo;16 País Vasco;8;2018;2.410,4
Jornada a tiempo completo;16 País Vasco;8;2017;2.375,4
Jornada a tiempo completo;16 País Vasco;8;2016;2.369,0
Jornada a tiempo completo;16 País Vasco;8;2015;2.369,0
Jornada a tiempo completo;16 País Vasco;8;2014;2.378,7
Jornada a tiempo completo;16 País Vasco;8;2013;2.366,0
Jornada a tiempo completo;16 País Vasco;8;2012;2.310,3
Jornada a tiempo completo;16 País Vasco;8;2011;2.283,7
Jornada a tiempo completo;16 País Vasco;8;2010;2.291,2
Jornada a tiempo completo;16 País Vasco;8;2009;2.243,5
Jornada a tiempo completo;16 País Vasco;8;2008;2.134,9
Jornada a tiempo completo;16 País Vasco;8;2007;2.048,0
Jornada a tiempo completo;16 País Vasco;8;2006;1.972,7
Jornada a tiempo completo;16 País Vasco;9;2024;3.598,3
Jornada a tiempo completo;16 País Vasco;9;2023;3.390,8
Jornada a tiempo completo;16 País Vasco;9;2022;3.224,2
Jornada a tiempo completo;16 País Vasco;9;2021;3.195,5
Jornada a tiempo completo;16 País Vasco;9;2020;3.168,6
Jornada a tiempo completo;16 País Vasco;9;2019;3.075,6
Jornada a tiempo completo;16 País Vasco;9;2018;3.032,0
Jornada a tiempo completo;16 País Vasco;9;2017;2.952,0
Jornada a tiempo completo;16 País Vasco;9;2016;2.933,9
Jornada a tiempo completo;16 País Vasco;9;2015;2.975,2
Jornada a tiempo completo;16 País Vasco;9;2014;2.960,6
Jornada a tiempo completo;16 País Vasco;9;2013;2.920,1
Jornada a tiempo completo;16 País Vasco;9;2012;2.833,9
Jornada a tiempo completo;16 País Vasco;9;2011;2.824,6
Jornada a tiempo completo;16 País Vasco;9;2010;2.812,3
Jornada a tiempo completo;16 País Vasco;9;2009;2.833,5
Jornada a tiempo completo;16 País Vasco;9;2008;2.748,8
Jornada a tiempo completo;16 País Vasco;9;2007;2.580,3
Jornada a tiempo completo;16 País Vasco;9;2006;2.466,1
Jornada a tiempo completo;16 País Vasco;10;2024;5.535,8
Jornada a tiempo completo;16 País Vasco;10;2023;5.152,0
Jornada a tiempo completo;16 País Vasco;10;2022;4.960,1
Jornada a tiempo completo;16 País Vasco;10;2021;4.969,0
Jornada a tiempo completo;16 País Vasco;10;2020;4.733,3
Jornada a tiempo completo;16 País Vasco;10;2019;4.666,4
Jornada a tiempo completo;16 País Vasco;10;2018;4.575,9
Jornada a tiempo completo;16 País Vasco;10;2017;4.521,8
Jornada a tiempo completo;16 País Vasco;10;2016;4.593,4
Jornada a tiempo completo;16 País Vasco;10;2015;4.702,5
Jornada a tiempo completo;16 País Vasco;10;2014;4.406,9
Jornada a tiempo completo;16 País Vasco;10;2013;4.582,4
Jornada a tiempo completo;16 País Vasco;10;2012;4.384,2
Jornada a tiempo completo;16 País Vasco;10;2011;4.271,8
Jornada a tiempo completo;16 País Vasco;10;2010;4.266,4
Jornada a tiempo completo;16 País Vasco;10;2009;4.311,9
Jornada a tiempo completo;16 País Vasco;10;2008;4.331,0
Jornada a tiempo completo;16 País Vasco;10;2007;3.660,0
Jornada a tiempo completo;16 País Vasco;10;2006;3.495,5
Jornada a tiempo completo;17 Rioja, La;Total;2024;2.584,7
Jornada a tiempo completo;17 Rioja, La;Total;2023;2.459,5
Jornada a tiempo completo;17 Rioja, La;Total;2022;2.264,3
Jornada a tiempo completo;17 Rioja, La;Total;2021;2.094,3
Jornada a tiempo completo;17 Rioja, La;Total;2020;2.141,0
Jornada a tiempo completo;17 Rioja, La;Total;2019;2.204,5
Jornada a tiempo completo;17 Rioja, La;Total;2018;2.079,2
Jornada a tiempo completo;17 Rioja, La;Total;2017;2.023,4
Jornada a tiempo completo;17 Rioja, La;Total;2016;1.997,5
Jornada a tiempo completo;17 Rioja, La;Total;2015;2.021,7
Jornada a tiempo completo;17 Rioja, La;Total;2014;2.029,3
Jornada a tiempo completo;17 Rioja, La;Total;2013;2.069,7
Jornada a tiempo completo;17 Rioja, La;Total;2012;2.052,9
Jornada a tiempo completo;17 Rioja, La;Total;2011;1.999,9
Jornada a tiempo completo;17 Rioja, La;Total;2010;2.015,7
Jornada a tiempo completo;17 Rioja, La;Total;2009;1.939,0
Jornada a tiempo completo;17 Rioja, La;Total;2008;1.862,1
Jornada a tiempo completo;17 Rioja, La;Total;2007;1.831,8
Jornada a tiempo completo;17 Rioja, La;Total;2006;1.670,7
Jornada a tiempo completo;17 Rioja, La;1;2024;997,7
Jornada a tiempo completo;17 Rioja, La;1;2023;986,7
Jornada a tiempo completo;17 Rioja, La;1;2022;885,0
Jornada a tiempo completo;17 Rioja, La;1;2021;786,9
Jornada a tiempo completo;17 Rioja, La;1;2020;810,0
Jornada a tiempo completo;17 Rioja, La;1;2019;799,8
Jornada a tiempo completo;17 Rioja, La;1;2018;672,5
Jornada a tiempo completo;17 Rioja, La;1;2017;664,3
Jornada a tiempo completo;17 Rioja, La;1;2016;539,1
Jornada a tiempo completo;17 Rioja, La;1;2015;..
Jornada a tiempo completo;17 Rioja, La;1;2014;623,6
Jornada a tiempo completo;17 Rioja, La;1;2013;586,1
Jornada a tiempo completo;17 Rioja, La;1;2012;596,7
Jornada a tiempo completo;17 Rioja, La;1;2011;655,1
Jornada a tiempo completo;17 Rioja, La;1;2010;664,0
Jornada a tiempo completo;17 Rioja, La;1;2009;627,4
Jornada a tiempo completo;17 Rioja, La;1;2008;662,3
Jornada a tiempo completo;17 Rioja, La;1;2007;672,8
Jornada a tiempo completo;17 Rioja, La;1;2006;590,0
Jornada a tiempo completo;17 Rioja, La;2;2024;1.301,8
Jornada a tiempo completo;17 Rioja, La;2;2023;1.230,4
Jornada a tiempo completo;17 Rioja, La;2;2022;1.157,9
Jornada a tiempo completo;17 Rioja, La;2;2021;1.039,6
Jornada a tiempo completo;17 Rioja, La;2;2020;1.005,2
Jornada a tiempo completo;17 Rioja, La;2;2019;1.039,8
Jornada a tiempo completo;17 Rioja, La;2;2018;939,0
Jornada a tiempo completo;17 Rioja, La;2;2017;910,6
Jornada a tiempo completo;17 Rioja, La;2;2016;852,7
Jornada a tiempo completo;17 Rioja, La;2;2015;799,2
Jornada a tiempo completo;17 Rioja, La;2;2014;836,0
Jornada a tiempo completo;17 Rioja, La;2;2013;837,8
Jornada a tiempo completo;17 Rioja, La;2;2012;897,1
Jornada a tiempo completo;17 Rioja, La;2;2011;885,5
Jornada a tiempo completo;17 Rioja, La;2;2010;940,0
Jornada a tiempo completo;17 Rioja, La;2;2009;905,4
Jornada a tiempo completo;17 Rioja, La;2;2008;888,0
Jornada a tiempo completo;17 Rioja, La;2;2007;884,0
Jornada a tiempo completo;17 Rioja, La;2;2006;819,9
Jornada a tiempo completo;17 Rioja, La;3;2024;1.488,6
Jornada a tiempo completo;17 Rioja, La;3;2023;1.432,9
Jornada a tiempo completo;17 Rioja, La;3;2022;1.345,6
Jornada a tiempo completo;17 Rioja, La;3;2021;1.265,0
Jornada a tiempo completo;17 Rioja, La;3;2020;1.235,8
Jornada a tiempo completo;17 Rioja, La;3;2019;1.215,3
Jornada a tiempo completo;17 Rioja, La;3;2018;1.165,1
Jornada a tiempo completo;17 Rioja, La;3;2017;1.147,3
Jornada a tiempo completo;17 Rioja, La;3;2016;1.129,8
Jornada a tiempo completo;17 Rioja, La;3;2015;1.139,1
Jornada a tiempo completo;17 Rioja, La;3;2014;1.103,7
Jornada a tiempo completo;17 Rioja, La;3;2013;1.123,9
Jornada a tiempo completo;17 Rioja, La;3;2012;1.112,9
Jornada a tiempo completo;17 Rioja, La;3;2011;1.134,3
Jornada a tiempo completo;17 Rioja, La;3;2010;1.132,0
Jornada a tiempo completo;17 Rioja, La;3;2009;1.143,0
Jornada a tiempo completo;17 Rioja, La;3;2008;1.121,9
Jornada a tiempo completo;17 Rioja, La;3;2007;1.057,9
Jornada a tiempo completo;17 Rioja, La;3;2006;1.010,8
Jornada a tiempo completo;17 Rioja, La;4;2024;1.691,9
Jornada a tiempo completo;17 Rioja, La;4;2023;1.626,4
Jornada a tiempo completo;17 Rioja, La;4;2022;1.525,1
Jornada a tiempo completo;17 Rioja, La;4;2021;1.471,7
Jornada a tiempo completo;17 Rioja, La;4;2020;1.423,8
Jornada a tiempo completo;17 Rioja, La;4;2019;1.436,8
Jornada a tiempo completo;17 Rioja, La;4;2018;1.363,4
Jornada a tiempo completo;17 Rioja, La;4;2017;1.325,2
Jornada a tiempo completo;17 Rioja, La;4;2016;1.332,3
Jornada a tiempo completo;17 Rioja, La;4;2015;1.299,7
Jornada a tiempo completo;17 Rioja, La;4;2014;1.308,1
Jornada a tiempo completo;17 Rioja, La;4;2013;1.320,5
Jornada a tiempo completo;17 Rioja, La;4;2012;1.329,0
Jornada a tiempo completo;17 Rioja, La;4;2011;1.310,8
Jornada a tiempo completo;17 Rioja, La;4;2010;1.318,6
Jornada a tiempo completo;17 Rioja, La;4;2009;1.297,0
Jornada a tiempo completo;17 Rioja, La;4;2008;1.265,3
Jornada a tiempo completo;17 Rioja, La;4;2007;1.211,1
Jornada a tiempo completo;17 Rioja, La;4;2006;1.143,6
Jornada a tiempo completo;17 Rioja, La;5;2024;1.903,5
Jornada a tiempo completo;17 Rioja, La;5;2023;1.843,5
Jornada a tiempo completo;17 Rioja, La;5;2022;1.710,8
Jornada a tiempo completo;17 Rioja, La;5;2021;1.661,8
Jornada a tiempo completo;17 Rioja, La;5;2020;1.616,9
Jornada a tiempo completo;17 Rioja, La;5;2019;1.608,5
Jornada a tiempo completo;17 Rioja, La;5;2018;1.552,5
Jornada a tiempo completo;17 Rioja, La;5;2017;1.505,1
Jornada a tiempo completo;17 Rioja, La;5;2016;1.487,3
Jornada a tiempo completo;17 Rioja, La;5;2015;1.499,1
Jornada a tiempo completo;17 Rioja, La;5;2014;1.515,9
Jornada a tiempo completo;17 Rioja, La;5;2013;1.515,5
Jornada a tiempo completo;17 Rioja, La;5;2012;1.505,4
Jornada a tiempo completo;17 Rioja, La;5;2011;1.488,5
Jornada a tiempo completo;17 Rioja, La;5;2010;1.487,6
Jornada a tiempo completo;17 Rioja, La;5;2009;1.441,5
Jornada a tiempo completo;17 Rioja, La;5;2008;1.415,0
Jornada a tiempo completo;17 Rioja, La;5;2007;1.338,6
Jornada a tiempo completo;17 Rioja, La;5;2006;1.275,8
Jornada a tiempo completo;17 Rioja, La;6;2024;2.115,9
Jornada a tiempo completo;17 Rioja, La;6;2023;2.049,2
Jornada a tiempo completo;17 Rioja, La;6;2022;1.920,5
Jornada a tiempo completo;17 Rioja, La;6;2021;1.871,1
Jornada a tiempo completo;17 Rioja, La;6;2020;1.820,7
Jornada a tiempo completo;17 Rioja, La;6;2019;1.776,9
Jornada a tiempo completo;17 Rioja, La;6;2018;1.755,6
Jornada a tiempo completo;17 Rioja, La;6;2017;1.712,2
Jornada a tiempo completo;17 Rioja, La;6;2016;1.711,3
Jornada a tiempo completo;17 Rioja, La;6;2015;1.701,1
Jornada a tiempo completo;17 Rioja, La;6;2014;1.717,9
Jornada a tiempo completo;17 Rioja, La;6;2013;1.687,0
Jornada a tiempo completo;17 Rioja, La;6;2012;1.695,3
Jornada a tiempo completo;17 Rioja, La;6;2011;1.683,0
Jornada a tiempo completo;17 Rioja, La;6;2010;1.684,1
Jornada a tiempo completo;17 Rioja, La;6;2009;1.617,5
Jornada a tiempo completo;17 Rioja, La;6;2008;1.577,8
Jornada a tiempo completo;17 Rioja, La;6;2007;1.483,6
Jornada a tiempo completo;17 Rioja, La;6;2006;1.434,1
Jornada a tiempo completo;17 Rioja, La;7;2024;2.422,4
Jornada a tiempo completo;17 Rioja, La;7;2023;2.346,9
Jornada a tiempo completo;17 Rioja, La;7;2022;2.187,5
Jornada a tiempo completo;17 Rioja, La;7;2021;2.138,9
Jornada a tiempo completo;17 Rioja, La;7;2020;2.119,5
Jornada a tiempo completo;17 Rioja, La;7;2019;2.055,6
Jornada a tiempo completo;17 Rioja, La;7;2018;2.018,6
Jornada a tiempo completo;17 Rioja, La;7;2017;1.957,8
Jornada a tiempo completo;17 Rioja, La;7;2016;1.964,6
Jornada a tiempo completo;17 Rioja, La;7;2015;1.956,7
Jornada a tiempo completo;17 Rioja, La;7;2014;1.998,7
Jornada a tiempo completo;17 Rioja, La;7;2013;1.971,7
Jornada a tiempo completo;17 Rioja, La;7;2012;1.918,5
Jornada a tiempo completo;17 Rioja, La;7;2011;1.912,3
Jornada a tiempo completo;17 Rioja, La;7;2010;1.928,8
Jornada a tiempo completo;17 Rioja, La;7;2009;1.873,2
Jornada a tiempo completo;17 Rioja, La;7;2008;1.796,7
Jornada a tiempo completo;17 Rioja, La;7;2007;1.686,8
Jornada a tiempo completo;17 Rioja, La;7;2006;1.609,0
Jornada a tiempo completo;17 Rioja, La;8;2024;2.885,7
Jornada a tiempo completo;17 Rioja, La;8;2023;2.786,1
Jornada a tiempo completo;17 Rioja, La;8;2022;2.592,1
Jornada a tiempo completo;17 Rioja, La;8;2021;2.554,2
Jornada a tiempo completo;17 Rioja, La;8;2020;2.560,9
Jornada a tiempo completo;17 Rioja, La;8;2019;2.416,0
Jornada a tiempo completo;17 Rioja, La;8;2018;2.428,9
Jornada a tiempo completo;17 Rioja, La;8;2017;2.347,0
Jornada a tiempo completo;17 Rioja, La;8;2016;2.356,4
Jornada a tiempo completo;17 Rioja, La;8;2015;2.370,5
Jornada a tiempo completo;17 Rioja, La;8;2014;2.412,6
Jornada a tiempo completo;17 Rioja, La;8;2013;2.377,7
Jornada a tiempo completo;17 Rioja, La;8;2012;2.321,0
Jornada a tiempo completo;17 Rioja, La;8;2011;2.263,9
Jornada a tiempo completo;17 Rioja, La;8;2010;2.288,1
Jornada a tiempo completo;17 Rioja, La;8;2009;2.251,5
Jornada a tiempo completo;17 Rioja, La;8;2008;2.131,5
Jornada a tiempo completo;17 Rioja, La;8;2007;2.055,1
Jornada a tiempo completo;17 Rioja, La;8;2006;1.961,6
Jornada a tiempo completo;17 Rioja, La;9;2024;3.545,9
Jornada a tiempo completo;17 Rioja, La;9;2023;3.444,2
Jornada a tiempo completo;17 Rioja, La;9;2022;3.203,9
Jornada a tiempo completo;17 Rioja, La;9;2021;3.133,4
Jornada a tiempo completo;17 Rioja, La;9;2020;3.213,6
Jornada a tiempo completo;17 Rioja, La;9;2019;3.027,3
Jornada a tiempo completo;17 Rioja, La;9;2018;2.973,5
Jornada a tiempo completo;17 Rioja, La;9;2017;2.914,8
Jornada a tiempo completo;17 Rioja, La;9;2016;2.869,8
Jornada a tiempo completo;17 Rioja, La;9;2015;2.921,7
Jornada a tiempo completo;17 Rioja, La;9;2014;2.922,7
Jornada a tiempo completo;17 Rioja, La;9;2013;2.966,5
Jornada a tiempo completo;17 Rioja, La;9;2012;2.899,2
Jornada a tiempo completo;17 Rioja, La;9;2011;2.891,4
Jornada a tiempo completo;17 Rioja, La;9;2010;2.866,7
Jornada a tiempo completo;17 Rioja, La;9;2009;2.799,4
Jornada a tiempo completo;17 Rioja, La;9;2008;2.659,6
Jornada a tiempo completo;17 Rioja, La;9;2007;2.568,5
Jornada a tiempo completo;17 Rioja, La;9;2006;2.440,2
Jornada a tiempo completo;17 Rioja, La;10;2024;5.458,4
Jornada a tiempo completo;17 Rioja, La;10;2023;5.504,7
Jornada a tiempo completo;17 Rioja, La;10;2022;4.891,0
Jornada a tiempo completo;17 Rioja, La;10;2021;4.580,8
Jornada a tiempo completo;17 Rioja, La;10;2020;4.807,0
Jornada a tiempo completo;17 Rioja, La;10;2019;4.963,9
Jornada a tiempo completo;17 Rioja, La;10;2018;4.458,9
Jornada a tiempo completo;17 Rioja, La;10;2017;4.392,5
Jornada a tiempo completo;17 Rioja, La;10;2016;4.392,4
Jornada a tiempo completo;17 Rioja, La;10;2015;4.234,3
Jornada a tiempo completo;17 Rioja, La;10;2014;4.640,7
Jornada a tiempo completo;17 Rioja, La;10;2013;4.259,9
Jornada a tiempo completo;17 Rioja, La;10;2012;4.284,9
Jornada a tiempo completo;17 Rioja, La;10;2011;4.283,4
Jornada a tiempo completo;17 Rioja, La;10;2010;4.260,2
Jornada a tiempo completo;17 Rioja, La;10;2009;4.413,0
Jornada a tiempo completo;17 Rioja, La;10;2008;4.075,2
Jornada a tiempo completo;17 Rioja, La;10;2007;3.652,1
Jornada a tiempo completo;17 Rioja, La;10;2006;3.593,3
Jornada a tiempo completo;18 Ceuta;Total;2024;2.907,7
Jornada a tiempo completo;18 Ceuta;Total;2023;2.408,9
Jornada a tiempo completo;18 Ceuta;Total;2022;2.255,9
Jornada a tiempo completo;18 Ceuta;Total;2021;2.413,7
Jornada a tiempo completo;18 Ceuta;Total;2020;2.410,7
Jornada a tiempo completo;18 Ceuta;Total;2019;2.577,4
Jornada a tiempo completo;18 Ceuta;Total;2018;2.430,6
Jornada a tiempo completo;18 Ceuta;Total;2017;2.333,8
Jornada a tiempo completo;18 Ceuta;Total;2016;2.602,4
Jornada a tiempo completo;18 Ceuta;Total;2015;2.265,5
Jornada a tiempo completo;18 Ceuta;Total;2014;2.331,0
Jornada a tiempo completo;18 Ceuta;Total;2013;2.567,8
Jornada a tiempo completo;18 Ceuta;Total;2012;2.353,7
Jornada a tiempo completo;18 Ceuta;Total;2011;2.182,9
Jornada a tiempo completo;18 Ceuta;Total;2010;2.592,0
Jornada a tiempo completo;18 Ceuta;Total;2009;2.189,8
Jornada a tiempo completo;18 Ceuta;Total;2008;2.243,0
Jornada a tiempo completo;18 Ceuta;Total;2007;2.022,1
Jornada a tiempo completo;18 Ceuta;Total;2006;2.023,0
Jornada a tiempo completo;18 Ceuta;1;2024;1.059,7
Jornada a tiempo completo;18 Ceuta;1;2023;983,6
Jornada a tiempo completo;18 Ceuta;1;2022;824,4
Jornada a tiempo completo;18 Ceuta;1;2021;819,5
Jornada a tiempo completo;18 Ceuta;1;2020;..
Jornada a tiempo completo;18 Ceuta;1;2019;753,8
Jornada a tiempo completo;18 Ceuta;1;2018;713,0
Jornada a tiempo completo;18 Ceuta;1;2017;688,4
Jornada a tiempo completo;18 Ceuta;1;2016;..
Jornada a tiempo completo;18 Ceuta;1;2015;..
Jornada a tiempo completo;18 Ceuta;1;2014;544,3
Jornada a tiempo completo;18 Ceuta;1;2013;549,7
Jornada a tiempo completo;18 Ceuta;1;2012;..
Jornada a tiempo completo;18 Ceuta;1;2011;..
Jornada a tiempo completo;18 Ceuta;1;2010;573,8
Jornada a tiempo completo;18 Ceuta;1;2009;..
Jornada a tiempo completo;18 Ceuta;1;2008;617,5
Jornada a tiempo completo;18 Ceuta;1;2007;641,4
Jornada a tiempo completo;18 Ceuta;1;2006;608,3
Jornada a tiempo completo;18 Ceuta;2;2024;1.293,4
Jornada a tiempo completo;18 Ceuta;2;2023;1.231,5
Jornada a tiempo completo;18 Ceuta;2;2022;1.147,7
Jornada a tiempo completo;18 Ceuta;2;2021;1.031,7
Jornada a tiempo completo;18 Ceuta;2;2020;1.009,2
Jornada a tiempo completo;18 Ceuta;2;2019;1.002,4
Jornada a tiempo completo;18 Ceuta;2;2018;966,3
Jornada a tiempo completo;18 Ceuta;2;2017;941,0
Jornada a tiempo completo;18 Ceuta;2;2016;868,8
Jornada a tiempo completo;18 Ceuta;2;2015;823,7
Jornada a tiempo completo;18 Ceuta;2;2014;848,1
Jornada a tiempo completo;18 Ceuta;2;2013;851,6
Jornada a tiempo completo;18 Ceuta;2;2012;904,4
Jornada a tiempo completo;18 Ceuta;2;2011;960,8
Jornada a tiempo completo;18 Ceuta;2;2010;863,0
Jornada a tiempo completo;18 Ceuta;2;2009;902,9
Jornada a tiempo completo;18 Ceuta;2;2008;895,5
Jornada a tiempo completo;18 Ceuta;2;2007;854,2
Jornada a tiempo completo;18 Ceuta;2;2006;766,9
Jornada a tiempo completo;18 Ceuta;3;2024;1.449,3
Jornada a tiempo completo;18 Ceuta;3;2023;1.414,5
Jornada a tiempo completo;18 Ceuta;3;2022;1.347,5
Jornada a tiempo completo;18 Ceuta;3;2021;1.275,9
Jornada a tiempo completo;18 Ceuta;3;2020;1.265,0
Jornada a tiempo completo;18 Ceuta;3;2019;1.218,9
Jornada a tiempo completo;18 Ceuta;3;2018;1.123,2
Jornada a tiempo completo;18 Ceuta;3;2017;1.178,3
Jornada a tiempo completo;18 Ceuta;3;2016;1.132,2
Jornada a tiempo completo;18 Ceuta;3;2015;1.084,2
Jornada a tiempo completo;18 Ceuta;3;2014;1.077,3
Jornada a tiempo completo;18 Ceuta;3;2013;1.048,2
Jornada a tiempo completo;18 Ceuta;3;2012;1.109,8
Jornada a tiempo completo;18 Ceuta;3;2011;1.099,0
Jornada a tiempo completo;18 Ceuta;3;2010;1.153,2
Jornada a tiempo completo;18 Ceuta;3;2009;1.172,5
Jornada a tiempo completo;18 Ceuta;3;2008;1.118,4
Jornada a tiempo completo;18 Ceuta;3;2007;1.093,0
Jornada a tiempo completo;18 Ceuta;3;2006;1.028,9
Jornada a tiempo completo;18 Ceuta;4;2024;1.680,9
Jornada a tiempo completo;18 Ceuta;4;2023;1.594,5
Jornada a tiempo completo;18 Ceuta;4;2022;1.526,4
Jornada a tiempo completo;18 Ceuta;4;2021;1.467,4
Jornada a tiempo completo;18 Ceuta;4;2020;1.429,6
Jornada a tiempo completo;18 Ceuta;4;2019;1.429,5
Jornada a tiempo completo;18 Ceuta;4;2018;1.385,9
Jornada a tiempo completo;18 Ceuta;4;2017;1.292,3
Jornada a tiempo completo;18 Ceuta;4;2016;1.322,7
Jornada a tiempo completo;18 Ceuta;4;2015;1.314,8
Jornada a tiempo completo;18 Ceuta;4;2014;1.296,4
Jornada a tiempo completo;18 Ceuta;4;2013;1.371,3
Jornada a tiempo completo;18 Ceuta;4;2012;1.314,7
Jornada a tiempo completo;18 Ceuta;4;2011;1.337,4
Jornada a tiempo completo;18 Ceuta;4;2010;1.332,5
Jornada a tiempo completo;18 Ceuta;4;2009;1.297,9
Jornada a tiempo completo;18 Ceuta;4;2008;1.284,9
Jornada a tiempo completo;18 Ceuta;4;2007;1.206,5
Jornada a tiempo completo;18 Ceuta;4;2006;1.138,1
Jornada a tiempo completo;18 Ceuta;5;2024;1.885,1
Jornada a tiempo completo;18 Ceuta;5;2023;1.834,2
Jornada a tiempo completo;18 Ceuta;5;2022;1.721,8
Jornada a tiempo completo;18 Ceuta;5;2021;1.643,7
Jornada a tiempo completo;18 Ceuta;5;2020;1.614,1
Jornada a tiempo completo;18 Ceuta;5;2019;1.583,0
Jornada a tiempo completo;18 Ceuta;5;2018;1.532,4
Jornada a tiempo completo;18 Ceuta;5;2017;1.510,5
Jornada a tiempo completo;18 Ceuta;5;2016;1.482,4
Jornada a tiempo completo;18 Ceuta;5;2015;1.482,0
Jornada a tiempo completo;18 Ceuta;5;2014;1.476,4
Jornada a tiempo completo;18 Ceuta;5;2013;1.545,3
Jornada a tiempo completo;18 Ceuta;5;2012;1.466,4
Jornada a tiempo completo;18 Ceuta;5;2011;1.481,7
Jornada a tiempo completo;18 Ceuta;5;2010;1.487,3
Jornada a tiempo completo;18 Ceuta;5;2009;1.426,1
Jornada a tiempo completo;18 Ceuta;5;2008;1.401,5
Jornada a tiempo completo;18 Ceuta;5;2007;1.315,9
Jornada a tiempo completo;18 Ceuta;5;2006;1.268,1
Jornada a tiempo completo;18 Ceuta;6;2024;2.124,9
Jornada a tiempo completo;18 Ceuta;6;2023;2.096,9
Jornada a tiempo completo;18 Ceuta;6;2022;1.921,9
Jornada a tiempo completo;18 Ceuta;6;2021;1.867,2
Jornada a tiempo completo;18 Ceuta;6;2020;1.818,5
Jornada a tiempo completo;18 Ceuta;6;2019;1.776,6
Jornada a tiempo completo;18 Ceuta;6;2018;1.739,9
Jornada a tiempo completo;18 Ceuta;6;2017;1.691,4
Jornada a tiempo completo;18 Ceuta;6;2016;1.687,3
Jornada a tiempo completo;18 Ceuta;6;2015;1.701,6
Jornada a tiempo completo;18 Ceuta;6;2014;1.733,2
Jornada a tiempo completo;18 Ceuta;6;2013;1.715,3
Jornada a tiempo completo;18 Ceuta;6;2012;1.680,3
Jornada a tiempo completo;18 Ceuta;6;2011;1.742,1
Jornada a tiempo completo;18 Ceuta;6;2010;1.669,0
Jornada a tiempo completo;18 Ceuta;6;2009;1.654,1
Jornada a tiempo completo;18 Ceuta;6;2008;1.589,6
Jornada a tiempo completo;18 Ceuta;6;2007;1.511,6
Jornada a tiempo completo;18 Ceuta;6;2006;1.349,0
Jornada a tiempo completo;18 Ceuta;7;2024;2.465,3
Jornada a tiempo completo;18 Ceuta;7;2023;2.352,2
Jornada a tiempo completo;18 Ceuta;7;2022;2.174,3
Jornada a tiempo completo;18 Ceuta;7;2021;2.111,5
Jornada a tiempo completo;18 Ceuta;7;2020;2.126,9
Jornada a tiempo completo;18 Ceuta;7;2019;2.053,0
Jornada a tiempo completo;18 Ceuta;7;2018;1.993,8
Jornada a tiempo completo;18 Ceuta;7;2017;1.982,8
Jornada a tiempo completo;18 Ceuta;7;2016;1.923,1
Jornada a tiempo completo;18 Ceuta;7;2015;1.937,4
Jornada a tiempo completo;18 Ceuta;7;2014;1.976,6
Jornada a tiempo completo;18 Ceuta;7;2013;1.968,3
Jornada a tiempo completo;18 Ceuta;7;2012;1.969,3
Jornada a tiempo completo;18 Ceuta;7;2011;1.918,1
Jornada a tiempo completo;18 Ceuta;7;2010;1.948,1
Jornada a tiempo completo;18 Ceuta;7;2009;1.878,6
Jornada a tiempo completo;18 Ceuta;7;2008;1.776,0
Jornada a tiempo completo;18 Ceuta;7;2007;1.698,6
Jornada a tiempo completo;18 Ceuta;7;2006;1.659,9
Jornada a tiempo completo;18 Ceuta;8;2024;2.981,3
Jornada a tiempo completo;18 Ceuta;8;2023;2.771,2
Jornada a tiempo completo;18 Ceuta;8;2022;2.599,3
Jornada a tiempo completo;18 Ceuta;8;2021;2.598,4
Jornada a tiempo completo;18 Ceuta;8;2020;2.521,3
Jornada a tiempo completo;18 Ceuta;8;2019;2.377,1
Jornada a tiempo completo;18 Ceuta;8;2018;2.443,5
Jornada a tiempo completo;18 Ceuta;8;2017;2.307,5
Jornada a tiempo completo;18 Ceuta;8;2016;2.322,5
Jornada a tiempo completo;18 Ceuta;8;2015;2.373,5
Jornada a tiempo completo;18 Ceuta;8;2014;2.429,0
Jornada a tiempo completo;18 Ceuta;8;2013;2.411,9
Jornada a tiempo completo;18 Ceuta;8;2012;2.292,5
Jornada a tiempo completo;18 Ceuta;8;2011;2.251,0
Jornada a tiempo completo;18 Ceuta;8;2010;2.324,7
Jornada a tiempo completo;18 Ceuta;8;2009;2.239,5
Jornada a tiempo completo;18 Ceuta;8;2008;2.104,0
Jornada a tiempo completo;18 Ceuta;8;2007;2.020,7
Jornada a tiempo completo;18 Ceuta;8;2006;1.933,4
Jornada a tiempo completo;18 Ceuta;9;2024;3.499,0
Jornada a tiempo completo;18 Ceuta;9;2023;3.432,5
Jornada a tiempo completo;18 Ceuta;9;2022;3.151,0
Jornada a tiempo completo;18 Ceuta;9;2021;3.051,9
Jornada a tiempo completo;18 Ceuta;9;2020;3.216,1
Jornada a tiempo completo;18 Ceuta;9;2019;3.063,3
Jornada a tiempo completo;18 Ceuta;9;2018;3.071,5
Jornada a tiempo completo;18 Ceuta;9;2017;2.983,9
Jornada a tiempo completo;18 Ceuta;9;2016;3.007,1
Jornada a tiempo completo;18 Ceuta;9;2015;2.987,3
Jornada a tiempo completo;18 Ceuta;9;2014;2.951,8
Jornada a tiempo completo;18 Ceuta;9;2013;2.839,9
Jornada a tiempo completo;18 Ceuta;9;2012;2.802,8
Jornada a tiempo completo;18 Ceuta;9;2011;2.827,2
Jornada a tiempo completo;18 Ceuta;9;2010;2.825,6
Jornada a tiempo completo;18 Ceuta;9;2009;2.828,9
Jornada a tiempo completo;18 Ceuta;9;2008;2.797,7
Jornada a tiempo completo;18 Ceuta;9;2007;2.656,6
Jornada a tiempo completo;18 Ceuta;9;2006;2.447,5
Jornada a tiempo completo;18 Ceuta;10;2024;5.002,0
Jornada a tiempo completo;18 Ceuta;10;2023;5.120,9
Jornada a tiempo completo;18 Ceuta;10;2022;4.673,9
Jornada a tiempo completo;18 Ceuta;10;2021;5.828,8
Jornada a tiempo completo;18 Ceuta;10;2020;4.120,4
Jornada a tiempo completo;18 Ceuta;10;2019;4.293,7
Jornada a tiempo completo;18 Ceuta;10;2018;4.201,6
Jornada a tiempo completo;18 Ceuta;10;2017;4.049,8
Jornada a tiempo completo;18 Ceuta;10;2016;3.966,2
Jornada a tiempo completo;18 Ceuta;10;2015;4.635,3
Jornada a tiempo completo;18 Ceuta;10;2014;4.199,3
Jornada a tiempo completo;18 Ceuta;10;2013;4.272,7
Jornada a tiempo completo;18 Ceuta;10;2012;4.488,0
Jornada a tiempo completo;18 Ceuta;10;2011;3.989,7
Jornada a tiempo completo;18 Ceuta;10;2010;4.396,7
Jornada a tiempo completo;18 Ceuta;10;2009;4.343,3
Jornada a tiempo completo;18 Ceuta;10;2008;4.119,4
Jornada a tiempo completo;18 Ceuta;10;2007;3.610,6
Jornada a tiempo completo;18 Ceuta;10;2006;3.439,9
Jornada a tiempo completo;19 Melilla;Total;2024;2.669,0
Jornada a tiempo completo;19 Melilla;Total;2023;2.482,4
Jornada a tiempo completo;19 Melilla;Total;2022;2.395,4
Jornada a tiempo completo;19 Melilla;Total;2021;2.306,2
Jornada a tiempo completo;19 Melilla;Total;2020;2.848,9
Jornada a tiempo completo;19 Melilla;Total;2019;2.594,0
Jornada a tiempo completo;19 Melilla;Total;2018;2.465,3
Jornada a tiempo completo;19 Melilla;Total;2017;2.677,6
Jornada a tiempo completo;19 Melilla;Total;2016;2.302,8
Jornada a tiempo completo;19 Melilla;Total;2015;2.443,9
Jornada a tiempo completo;19 Melilla;Total;2014;2.564,3
Jornada a tiempo completo;19 Melilla;Total;2013;2.127,2
Jornada a tiempo completo;19 Melilla;Total;2012;2.398,1
Jornada a tiempo completo;19 Melilla;Total;2011;2.730,9
Jornada a tiempo completo;19 Melilla;Total;2010;2.017,4
Jornada a tiempo completo;19 Melilla;Total;2009;2.554,0
Jornada a tiempo completo;19 Melilla;Total;2008;2.373,0
Jornada a tiempo completo;19 Melilla;Total;2007;2.128,4
Jornada a tiempo completo;19 Melilla;Total;2006;2.013,8
Jornada a tiempo completo;19 Melilla;1;2024;..
Jornada a tiempo completo;19 Melilla;1;2023;940,0
Jornada a tiempo completo;19 Melilla;1;2022;..
Jornada a tiempo completo;19 Melilla;1;2021;..
Jornada a tiempo completo;19 Melilla;1;2020;..
Jornada a tiempo completo;19 Melilla;1;2019;766,1
Jornada a tiempo completo;19 Melilla;1;2018;599,7
Jornada a tiempo completo;19 Melilla;1;2017;712,8
Jornada a tiempo completo;19 Melilla;1;2016;641,1
Jornada a tiempo completo;19 Melilla;1;2015;..
Jornada a tiempo completo;19 Melilla;1;2014;..
Jornada a tiempo completo;19 Melilla;1;2013;500,2
Jornada a tiempo completo;19 Melilla;1;2012;..
Jornada a tiempo completo;19 Melilla;1;2011;..
Jornada a tiempo completo;19 Melilla;1;2010;631,4
Jornada a tiempo completo;19 Melilla;1;2009;..
Jornada a tiempo completo;19 Melilla;1;2008;602,9
Jornada a tiempo completo;19 Melilla;1;2007;..
Jornada a tiempo completo;19 Melilla;1;2006;..
Jornada a tiempo completo;19 Melilla;2;2024;1.339,9
Jornada a tiempo completo;19 Melilla;2;2023;1.214,6
Jornada a tiempo completo;19 Melilla;2;2022;1.151,2
Jornada a tiempo completo;19 Melilla;2;2021;1.049,6
Jornada a tiempo completo;19 Melilla;2;2020;1.001,9
Jornada a tiempo completo;19 Melilla;2;2019;1.008,2
Jornada a tiempo completo;19 Melilla;2;2018;882,9
Jornada a tiempo completo;19 Melilla;2;2017;928,1
Jornada a tiempo completo;19 Melilla;2;2016;898,6
Jornada a tiempo completo;19 Melilla;2;2015;918,1
Jornada a tiempo completo;19 Melilla;2;2014;793,8
Jornada a tiempo completo;19 Melilla;2;2013;877,0
Jornada a tiempo completo;19 Melilla;2;2012;895,7
Jornada a tiempo completo;19 Melilla;2;2011;1.000,8
Jornada a tiempo completo;19 Melilla;2;2010;956,8
Jornada a tiempo completo;19 Melilla;2;2009;841,1
Jornada a tiempo completo;19 Melilla;2;2008;1.008,7
Jornada a tiempo completo;19 Melilla;2;2007;813,3
Jornada a tiempo completo;19 Melilla;2;2006;822,1
Jornada a tiempo completo;19 Melilla;3;2024;1.499,3
Jornada a tiempo completo;19 Melilla;3;2023;1.463,7
Jornada a tiempo completo;19 Melilla;3;2022;1.294,0
Jornada a tiempo completo;19 Melilla;3;2021;1.238,0
Jornada a tiempo completo;19 Melilla;3;2020;1.208,2
Jornada a tiempo completo;19 Melilla;3;2019;1.221,2
Jornada a tiempo completo;19 Melilla;3;2018;1.164,4
Jornada a tiempo completo;19 Melilla;3;2017;1.064,5
Jornada a tiempo completo;19 Melilla;3;2016;1.088,0
Jornada a tiempo completo;19 Melilla;3;2015;1.061,0
Jornada a tiempo completo;19 Melilla;3;2014;1.138,2
Jornada a tiempo completo;19 Melilla;3;2013;1.080,5
Jornada a tiempo completo;19 Melilla;3;2012;..
Jornada a tiempo completo;19 Melilla;3;2011;1.140,7
Jornada a tiempo completo;19 Melilla;3;2010;1.120,1
Jornada a tiempo completo;19 Melilla;3;2009;1.143,7
Jornada a tiempo completo;19 Melilla;3;2008;1.100,5
Jornada a tiempo completo;19 Melilla;3;2007;1.087,3
Jornada a tiempo completo;19 Melilla;3;2006;1.008,9
Jornada a tiempo completo;19 Melilla;4;2024;1.660,0
Jornada a tiempo completo;19 Melilla;4;2023;1.650,7
Jornada a tiempo completo;19 Melilla;4;2022;1.506,9
Jornada a tiempo completo;19 Melilla;4;2021;1.445,6
Jornada a tiempo completo;19 Melilla;4;2020;1.439,3
Jornada a tiempo completo;19 Melilla;4;2019;1.391,8
Jornada a tiempo completo;19 Melilla;4;2018;1.370,1
Jornada a tiempo completo;19 Melilla;4;2017;1.281,4
Jornada a tiempo completo;19 Melilla;4;2016;1.311,2
Jornada a tiempo completo;19 Melilla;4;2015;1.333,7
Jornada a tiempo completo;19 Melilla;4;2014;1.336,6
Jornada a tiempo completo;19 Melilla;4;2013;1.336,0
Jornada a tiempo completo;19 Melilla;4;2012;1.355,6
Jornada a tiempo completo;19 Melilla;4;2011;1.296,4
Jornada a tiempo completo;19 Melilla;4;2010;1.317,2
Jornada a tiempo completo;19 Melilla;4;2009;1.302,1
Jornada a tiempo completo;19 Melilla;4;2008;1.244,2
Jornada a tiempo completo;19 Melilla;4;2007;1.227,4
Jornada a tiempo completo;19 Melilla;4;2006;1.142,2
Jornada a tiempo completo;19 Melilla;5;2024;1.887,3
Jornada a tiempo completo;19 Melilla;5;2023;1.845,3
Jornada a tiempo completo;19 Melilla;5;2022;1.696,9
Jornada a tiempo completo;19 Melilla;5;2021;1.691,9
Jornada a tiempo completo;19 Melilla;5;2020;1.572,0
Jornada a tiempo completo;19 Melilla;5;2019;1.631,2
Jornada a tiempo completo;19 Melilla;5;2018;1.534,9
Jornada a tiempo completo;19 Melilla;5;2017;1.492,0
Jornada a tiempo completo;19 Melilla;5;2016;1.467,2
Jornada a tiempo completo;19 Melilla;5;2015;1.522,7
Jornada a tiempo completo;19 Melilla;5;2014;1.475,3
Jornada a tiempo completo;19 Melilla;5;2013;1.539,0
Jornada a tiempo completo;19 Melilla;5;2012;1.520,2
Jornada a tiempo completo;19 Melilla;5;2011;1.516,4
Jornada a tiempo completo;19 Melilla;5;2010;1.497,3
Jornada a tiempo completo;19 Melilla;5;2009;1.470,6
Jornada a tiempo completo;19 Melilla;5;2008;1.421,6
Jornada a tiempo completo;19 Melilla;5;2007;1.325,5
Jornada a tiempo completo;19 Melilla;5;2006;1.249,9
Jornada a tiempo completo;19 Melilla;6;2024;2.155,8
Jornada a tiempo completo;19 Melilla;6;2023;2.061,9
Jornada a tiempo completo;19 Melilla;6;2022;1.915,6
Jornada a tiempo completo;19 Melilla;6;2021;1.863,5
Jornada a tiempo completo;19 Melilla;6;2020;1.845,2
Jornada a tiempo completo;19 Melilla;6;2019;1.818,7
Jornada a tiempo completo;19 Melilla;6;2018;1.749,7
Jornada a tiempo completo;19 Melilla;6;2017;1.733,9
Jornada a tiempo completo;19 Melilla;6;2016;1.743,7
Jornada a tiempo completo;19 Melilla;6;2015;1.682,2
Jornada a tiempo completo;19 Melilla;6;2014;1.770,5
Jornada a tiempo completo;19 Melilla;6;2013;1.680,7
Jornada a tiempo completo;19 Melilla;6;2012;1.633,1
Jornada a tiempo completo;19 Melilla;6;2011;1.685,9
Jornada a tiempo completo;19 Melilla;6;2010;1.680,4
Jornada a tiempo completo;19 Melilla;6;2009;1.696,0
Jornada a tiempo completo;19 Melilla;6;2008;1.572,0
Jornada a tiempo completo;19 Melilla;6;2007;1.479,9
Jornada a tiempo completo;19 Melilla;6;2006;1.427,5
Jornada a tiempo completo;19 Melilla;7;2024;2.427,5
Jornada a tiempo completo;19 Melilla;7;2023;2.347,5
Jornada a tiempo completo;19 Melilla;7;2022;2.185,5
Jornada a tiempo completo;19 Melilla;7;2021;2.166,5
Jornada a tiempo completo;19 Melilla;7;2020;2.147,2
Jornada a tiempo completo;19 Melilla;7;2019;2.073,5
Jornada a tiempo completo;19 Melilla;7;2018;2.008,2
Jornada a tiempo completo;19 Melilla;7;2017;1.976,1
Jornada a tiempo completo;19 Melilla;7;2016;1.985,4
Jornada a tiempo completo;19 Melilla;7;2015;1.963,4
Jornada a tiempo completo;19 Melilla;7;2014;2.003,7
Jornada a tiempo completo;19 Melilla;7;2013;1.957,0
Jornada a tiempo completo;19 Melilla;7;2012;1.965,4
Jornada a tiempo completo;19 Melilla;7;2011;1.954,6
Jornada a tiempo completo;19 Melilla;7;2010;1.880,9
Jornada a tiempo completo;19 Melilla;7;2009;1.895,4
Jornada a tiempo completo;19 Melilla;7;2008;1.771,9
Jornada a tiempo completo;19 Melilla;7;2007;1.710,2
Jornada a tiempo completo;19 Melilla;7;2006;1.643,9
Jornada a tiempo completo;19 Melilla;8;2024;2.966,1
Jornada a tiempo completo;19 Melilla;8;2023;2.779,4
Jornada a tiempo completo;19 Melilla;8;2022;2.592,2
Jornada a tiempo completo;19 Melilla;8;2021;2.575,2
Jornada a tiempo completo;19 Melilla;8;2020;2.470,5
Jornada a tiempo completo;19 Melilla;8;2019;2.461,3
Jornada a tiempo completo;19 Melilla;8;2018;2.396,7
Jornada a tiempo completo;19 Melilla;8;2017;2.351,6
Jornada a tiempo completo;19 Melilla;8;2016;2.366,0
Jornada a tiempo completo;19 Melilla;8;2015;2.250,6
Jornada a tiempo completo;19 Melilla;8;2014;2.409,4
Jornada a tiempo completo;19 Melilla;8;2013;2.312,9
Jornada a tiempo completo;19 Melilla;8;2012;2.312,3
Jornada a tiempo completo;19 Melilla;8;2011;2.261,2
Jornada a tiempo completo;19 Melilla;8;2010;2.185,0
Jornada a tiempo completo;19 Melilla;8;2009;2.204,9
Jornada a tiempo completo;19 Melilla;8;2008;2.161,5
Jornada a tiempo completo;19 Melilla;8;2007;2.064,7
Jornada a tiempo completo;19 Melilla;8;2006;1.966,2
Jornada a tiempo completo;19 Melilla;9;2024;3.699,3
Jornada a tiempo completo;19 Melilla;9;2023;3.489,5
Jornada a tiempo completo;19 Melilla;9;2022;3.220,7
Jornada a tiempo completo;19 Melilla;9;2021;3.222,2
Jornada a tiempo completo;19 Melilla;9;2020;3.246,3
Jornada a tiempo completo;19 Melilla;9;2019;3.000,7
Jornada a tiempo completo;19 Melilla;9;2018;2.962,2
Jornada a tiempo completo;19 Melilla;9;2017;3.005,1
Jornada a tiempo completo;19 Melilla;9;2016;2.936,8
Jornada a tiempo completo;19 Melilla;9;2015;3.060,8
Jornada a tiempo completo;19 Melilla;9;2014;3.001,6
Jornada a tiempo completo;19 Melilla;9;2013;3.039,3
Jornada a tiempo completo;19 Melilla;9;2012;2.814,9
Jornada a tiempo completo;19 Melilla;9;2011;2.866,1
Jornada a tiempo completo;19 Melilla;9;2010;2.945,3
Jornada a tiempo completo;19 Melilla;9;2009;2.876,0
Jornada a tiempo completo;19 Melilla;9;2008;2.752,4
Jornada a tiempo completo;19 Melilla;9;2007;2.646,0
Jornada a tiempo completo;19 Melilla;9;2006;2.516,2
Jornada a tiempo completo;19 Melilla;10;2024;5.552,6
Jornada a tiempo completo;19 Melilla;10;2023;5.202,3
Jornada a tiempo completo;19 Melilla;10;2022;4.221,5
Jornada a tiempo completo;19 Melilla;10;2021;4.333,4
Jornada a tiempo completo;19 Melilla;10;2020;4.678,9
Jornada a tiempo completo;19 Melilla;10;2019;4.294,1
Jornada a tiempo completo;19 Melilla;10;2018;4.558,0
Jornada a tiempo completo;19 Melilla;10;2017;4.129,9
Jornada a tiempo completo;19 Melilla;10;2016;4.060,5
Jornada a tiempo completo;19 Melilla;10;2015;4.428,7
Jornada a tiempo completo;19 Melilla;10;2014;4.248,8
Jornada a tiempo completo;19 Melilla;10;2013;4.074,8
Jornada a tiempo completo;19 Melilla;10;2012;4.283,5
Jornada a tiempo completo;19 Melilla;10;2011;4.152,7
Jornada a tiempo completo;19 Melilla;10;2010;4.236,2
Jornada a tiempo completo;19 Melilla;10;2009;4.464,2
Jornada a tiempo completo;19 Melilla;10;2008;3.996,9
Jornada a tiempo completo;19 Melilla;10;2007;3.394,6
Jornada a tiempo completo;19 Melilla;10;2006;3.404,1
Jornada a tiempo parcial;Total Nacional;Total;2024;1.006,6
Jornada a tiempo parcial;Total Nacional;Total;2023;915,7
Jornada a tiempo parcial;Total Nacional;Total;2022;891,3
Jornada a tiempo parcial;Total Nacional;Total;2021;828,3
Jornada a tiempo parcial;Total Nacional;Total;2020;800,3
Jornada a tiempo parcial;Total Nacional;Total;2019;806,2
Jornada a tiempo parcial;Total Nacional;Total;2018;746,1
Jornada a tiempo parcial;Total Nacional;Total;2017;731,4
Jornada a tiempo parcial;Total Nacional;Total;2016;734,2
Jornada a tiempo parcial;Total Nacional;Total;2015;697,2
Jornada a tiempo parcial;Total Nacional;Total;2014;698,2
Jornada a tiempo parcial;Total Nacional;Total;2013;697,0
Jornada a tiempo parcial;Total Nacional;Total;2012;664,9
Jornada a tiempo parcial;Total Nacional;Total;2011;697,2
Jornada a tiempo parcial;Total Nacional;Total;2010;698,6
Jornada a tiempo parcial;Total Nacional;Total;2009;706,9
Jornada a tiempo parcial;Total Nacional;Total;2008;689,0
Jornada a tiempo parcial;Total Nacional;Total;2007;660,2
Jornada a tiempo parcial;Total Nacional;Total;2006;632,9
Jornada a tiempo parcial;Total Nacional;1;2024;685,6
Jornada a tiempo parcial;Total Nacional;1;2023;625,2
Jornada a tiempo parcial;Total Nacional;1;2022;600,7
Jornada a tiempo parcial;Total Nacional;1;2021;547,9
Jornada a tiempo parcial;Total Nacional;1;2020;503,8
Jornada a tiempo parcial;Total Nacional;1;2019;518,4
Jornada a tiempo parcial;Total Nacional;1;2018;461,9
Jornada a tiempo parcial;Total Nacional;1;2017;450,3
Jornada a tiempo parcial;Total Nacional;1;2016;444,4
Jornada a tiempo parcial;Total Nacional;1;2015;406,7
Jornada a tiempo parcial;Total Nacional;1;2014;400,4
Jornada a tiempo parcial;Total Nacional;1;2013;401,7
Jornada a tiempo parcial;Total Nacional;1;2012;411,3
Jornada a tiempo parcial;Total Nacional;1;2011;447,2
Jornada a tiempo parcial;Total Nacional;1;2010;460,1
Jornada a tiempo parcial;Total Nacional;1;2009;479,2
Jornada a tiempo parcial;Total Nacional;1;2008;469,1
Jornada a tiempo parcial;Total Nacional;1;2007;473,2
Jornada a tiempo parcial;Total Nacional;1;2006;451,7
Jornada a tiempo parcial;Total Nacional;2;2024;1.223,5
Jornada a tiempo parcial;Total Nacional;2;2023;1.142,5
Jornada a tiempo parcial;Total Nacional;2;2022;1.077,2
Jornada a tiempo parcial;Total Nacional;2;2021;989,9
Jornada a tiempo parcial;Total Nacional;2;2020;954,7
Jornada a tiempo parcial;Total Nacional;2;2019;948,7
Jornada a tiempo parcial;Total Nacional;2;2018;873,3
Jornada a tiempo parcial;Total Nacional;2;2017;837,0
Jornada a tiempo parcial;Total Nacional;2;2016;826,9
Jornada a tiempo parcial;Total Nacional;2;2015;802,1
Jornada a tiempo parcial;Total Nacional;2;2014;789,9
Jornada a tiempo parcial;Total Nacional;2;2013;780,3
Jornada a tiempo parcial;Total Nacional;2;2012;795,3
Jornada a tiempo parcial;Total Nacional;2;2011;833,1
Jornada a tiempo parcial;Total Nacional;2;2010;847,1
Jornada a tiempo parcial;Total Nacional;2;2009;837,1
Jornada a tiempo parcial;Total Nacional;2;2008;853,5
Jornada a tiempo parcial;Total Nacional;2;2007;813,6
Jornada a tiempo parcial;Total Nacional;2;2006;768,7
Jornada a tiempo parcial;Total Nacional;3;2024;1.488,5
Jornada a tiempo parcial;Total Nacional;3;2023;1.421,9
Jornada a tiempo parcial;Total Nacional;3;2022;1.338,4
Jornada a tiempo parcial;Total Nacional;3;2021;1.257,9
Jornada a tiempo parcial;Total Nacional;3;2020;1.227,0
Jornada a tiempo parcial;Total Nacional;3;2019;1.218,3
Jornada a tiempo parcial;Total Nacional;3;2018;1.140,8
Jornada a tiempo parcial;Total Nacional;3;2017;1.109,9
Jornada a tiempo parcial;Total Nacional;3;2016;1.102,0
Jornada a tiempo parcial;Total Nacional;3;2015;1.091,6
Jornada a tiempo parcial;Total Nacional;3;2014;1.080,0
Jornada a tiempo parcial;Total Nacional;3;2013;1.076,2
Jornada a tiempo parcial;Total Nacional;3;2012;1.115,1
Jornada a tiempo parcial;Total Nacional;3;2011;1.125,1
Jornada a tiempo parcial;Total Nacional;3;2010;1.133,6
Jornada a tiempo parcial;Total Nacional;3;2009;1.117,7
Jornada a tiempo parcial;Total Nacional;3;2008;1.115,3
Jornada a tiempo parcial;Total Nacional;3;2007;1.026,7
Jornada a tiempo parcial;Total Nacional;3;2006;992,6
Jornada a tiempo parcial;Total Nacional;4;2024;1.683,0
Jornada a tiempo parcial;Total Nacional;4;2023;1.632,3
Jornada a tiempo parcial;Total Nacional;4;2022;1.513,5
Jornada a tiempo parcial;Total Nacional;4;2021;1.446,8
Jornada a tiempo parcial;Total Nacional;4;2020;1.422,7
Jornada a tiempo parcial;Total Nacional;4;2019;1.413,6
Jornada a tiempo parcial;Total Nacional;4;2018;1.348,9
Jornada a tiempo parcial;Total Nacional;4;2017;1.322,3
Jornada a tiempo parcial;Total Nacional;4;2016;1.324,5
Jornada a tiempo parcial;Total Nacional;4;2015;1.298,6
Jornada a tiempo parcial;Total Nacional;4;2014;1.312,6
Jornada a tiempo parcial;Total Nacional;4;2013;1.314,1
Jornada a tiempo parcial;Total Nacional;4;2012;1.298,7
Jornada a tiempo parcial;Total Nacional;4;2011;1.285,8
Jornada a tiempo parcial;Total Nacional;4;2010;1.302,1
Jornada a tiempo parcial;Total Nacional;4;2009;1.281,6
Jornada a tiempo parcial;Total Nacional;4;2008;1.246,0
Jornada a tiempo parcial;Total Nacional;4;2007;1.203,6
Jornada a tiempo parcial;Total Nacional;4;2006;1.136,2
Jornada a tiempo parcial;Total Nacional;5;2024;1.863,3
Jornada a tiempo parcial;Total Nacional;5;2023;1.821,1
Jornada a tiempo parcial;Total Nacional;5;2022;1.713,8
Jornada a tiempo parcial;Total Nacional;5;2021;1.645,7
Jornada a tiempo parcial;Total Nacional;5;2020;1.608,7
Jornada a tiempo parcial;Total Nacional;5;2019;1.592,0
Jornada a tiempo parcial;Total Nacional;5;2018;1.563,2
Jornada a tiempo parcial;Total Nacional;5;2017;1.489,1
Jornada a tiempo parcial;Total Nacional;5;2016;1.510,5
Jornada a tiempo parcial;Total Nacional;5;2015;1.508,6
Jornada a tiempo parcial;Total Nacional;5;2014;1.485,8
Jornada a tiempo parcial;Total Nacional;5;2013;1.508,3
Jornada a tiempo parcial;Total Nacional;5;2012;1.476,8
Jornada a tiempo parcial;Total Nacional;5;2011;1.505,0
Jornada a tiempo parcial;Total Nacional;5;2010;1.485,7
Jornada a tiempo parcial;Total Nacional;5;2009;1.421,9
Jornada a tiempo parcial;Total Nacional;5;2008;1.406,3
Jornada a tiempo parcial;Total Nacional;5;2007;1.338,0
Jornada a tiempo parcial;Total Nacional;5;2006;1.277,6
Jornada a tiempo parcial;Total Nacional;6;2024;2.132,3
Jornada a tiempo parcial;Total Nacional;6;2023;2.032,9
Jornada a tiempo parcial;Total Nacional;6;2022;1.901,1
Jornada a tiempo parcial;Total Nacional;6;2021;1.847,3
Jornada a tiempo parcial;Total Nacional;6;2020;1.827,0
Jornada a tiempo parcial;Total Nacional;6;2019;1.796,1
Jornada a tiempo parcial;Total Nacional;6;2018;1.751,9
Jornada a tiempo parcial;Total Nacional;6;2017;1.675,9
Jornada a tiempo parcial;Total Nacional;6;2016;1.712,5
Jornada a tiempo parcial;Total Nacional;6;2015;1.684,2
Jornada a tiempo parcial;Total Nacional;6;2014;1.698,9
Jornada a tiempo parcial;Total Nacional;6;2013;1.688,1
Jornada a tiempo parcial;Total Nacional;6;2012;1.676,5
Jornada a tiempo parcial;Total Nacional;6;2011;1.686,7
Jornada a tiempo parcial;Total Nacional;6;2010;1.656,7
Jornada a tiempo parcial;Total Nacional;6;2009;1.619,1
Jornada a tiempo parcial;Total Nacional;6;2008;1.572,3
Jornada a tiempo parcial;Total Nacional;6;2007;1.487,4
Jornada a tiempo parcial;Total Nacional;6;2006;1.439,4
Jornada a tiempo parcial;Total Nacional;7;2024;2.427,8
Jornada a tiempo parcial;Total Nacional;7;2023;2.351,7
Jornada a tiempo parcial;Total Nacional;7;2022;2.170,2
Jornada a tiempo parcial;Total Nacional;7;2021;2.102,4
Jornada a tiempo parcial;Total Nacional;7;2020;2.118,0
Jornada a tiempo parcial;Total Nacional;7;2019;2.056,0
Jornada a tiempo parcial;Total Nacional;7;2018;2.036,0
Jornada a tiempo parcial;Total Nacional;7;2017;1.990,4
Jornada a tiempo parcial;Total Nacional;7;2016;1.950,1
Jornada a tiempo parcial;Total Nacional;7;2015;1.928,7
Jornada a tiempo parcial;Total Nacional;7;2014;1.943,1
Jornada a tiempo parcial;Total Nacional;7;2013;1.935,3
Jornada a tiempo parcial;Total Nacional;7;2012;1.938,9
Jornada a tiempo parcial;Total Nacional;7;2011;1.917,6
Jornada a tiempo parcial;Total Nacional;7;2010;1.921,1
Jornada a tiempo parcial;Total Nacional;7;2009;1.838,2
Jornada a tiempo parcial;Total Nacional;7;2008;1.824,8
Jornada a tiempo parcial;Total Nacional;7;2007;1.698,1
Jornada a tiempo parcial;Total Nacional;7;2006;1.639,4
Jornada a tiempo parcial;Total Nacional;8;2024;2.918,3
Jornada a tiempo parcial;Total Nacional;8;2023;2.840,7
Jornada a tiempo parcial;Total Nacional;8;2022;2.539,4
Jornada a tiempo parcial;Total Nacional;8;2021;2.528,3
Jornada a tiempo parcial;Total Nacional;8;2020;2.541,4
Jornada a tiempo parcial;Total Nacional;8;2019;2.474,2
Jornada a tiempo parcial;Total Nacional;8;2018;2.447,0
Jornada a tiempo parcial;Total Nacional;8;2017;2.352,9
Jornada a tiempo parcial;Total Nacional;8;2016;2.340,1
Jornada a tiempo parcial;Total Nacional;8;2015;2.313,4
Jornada a tiempo parcial;Total Nacional;8;2014;2.315,9
Jornada a tiempo parcial;Total Nacional;8;2013;2.377,0
Jornada a tiempo parcial;Total Nacional;8;2012;2.286,4
Jornada a tiempo parcial;Total Nacional;8;2011;2.239,0
Jornada a tiempo parcial;Total Nacional;8;2010;2.272,5
Jornada a tiempo parcial;Total Nacional;8;2009;2.210,1
Jornada a tiempo parcial;Total Nacional;8;2008;2.178,7
Jornada a tiempo parcial;Total Nacional;8;2007;2.064,2
Jornada a tiempo parcial;Total Nacional;8;2006;1.962,6
Jornada a tiempo parcial;Total Nacional;9;2024;3.400,2
Jornada a tiempo parcial;Total Nacional;9;2023;3.146,3
Jornada a tiempo parcial;Total Nacional;9;2022;3.087,9
Jornada a tiempo parcial;Total Nacional;9;2021;2.893,2
Jornada a tiempo parcial;Total Nacional;9;2020;3.096,8
Jornada a tiempo parcial;Total Nacional;9;2019;2.826,2
Jornada a tiempo parcial;Total Nacional;9;2018;2.767,5
Jornada a tiempo parcial;Total Nacional;9;2017;2.904,3
Jornada a tiempo parcial;Total Nacional;9;2016;2.795,4
Jornada a tiempo parcial;Total Nacional;9;2015;2.871,6
Jornada a tiempo parcial;Total Nacional;9;2014;2.912,5
Jornada a tiempo parcial;Total Nacional;9;2013;2.744,3
Jornada a tiempo parcial;Total Nacional;9;2012;2.645,4
Jornada a tiempo parcial;Total Nacional;9;2011;2.558,4
Jornada a tiempo parcial;Total Nacional;9;2010;2.881,1
Jornada a tiempo parcial;Total Nacional;9;2009;2.810,1
Jornada a tiempo parcial;Total Nacional;9;2008;2.751,5
Jornada a tiempo parcial;Total Nacional;9;2007;2.528,2
Jornada a tiempo parcial;Total Nacional;9;2006;2.425,7
Jornada a tiempo parcial;Total Nacional;10;2024;..
Jornada a tiempo parcial;Total Nacional;10;2023;..
Jornada a tiempo parcial;Total Nacional;10;2022;4.104,9
Jornada a tiempo parcial;Total Nacional;10;2021;..
Jornada a tiempo parcial;Total Nacional;10;2020;..
Jornada a tiempo parcial;Total Nacional;10;2019;..
Jornada a tiempo parcial;Total Nacional;10;2018;..
Jornada a tiempo parcial;Total Nacional;10;2017;..
Jornada a tiempo parcial;Total Nacional;10;2016;..
Jornada a tiempo parcial;Total Nacional;10;2015;3.487,5
Jornada a tiempo parcial;Total Nacional;10;2014;..
Jornada a tiempo parcial;Total Nacional;10;2013;..
Jornada a tiempo parcial;Total Nacional;10;2012;..
Jornada a tiempo parcial;Total Nacional;10;2011;..
Jornada a tiempo parcial;Total Nacional;10;2010;..
Jornada a tiempo parcial;Total Nacional;10;2009;..
Jornada a tiempo parcial;Total Nacional;10;2008;..
Jornada a tiempo parcial;Total Nacional;10;2007;..
Jornada a tiempo parcial;Total Nacional;10;2006;..
Jornada a tiempo parcial;01 Andalucía;Total;2024;920,0
Jornada a tiempo parcial;01 Andalucía;Total;2023;816,0
Jornada a tiempo parcial;01 Andalucía;Total;2022;774,8
Jornada a tiempo parcial;01 Andalucía;Total;2021;757,2
Jornada a tiempo parcial;01 Andalucía;Total;2020;750,7
Jornada a tiempo parcial;01 Andalucía;Total;2019;726,7
Jornada a tiempo parcial;01 Andalucía;Total;2018;705,2
Jornada a tiempo parcial;01 Andalucía;Total;2017;666,7
Jornada a tiempo parcial;01 Andalucía;Total;2016;662,7
Jornada a tiempo parcial;01 Andalucía;Total;2015;659,4
Jornada a tiempo parcial;01 Andalucía;Total;2014;643,8
Jornada a tiempo parcial;01 Andalucía;Total;2013;633,4
Jornada a tiempo parcial;01 Andalucía;Total;2012;607,7
Jornada a tiempo parcial;01 Andalucía;Total;2011;658,6
Jornada a tiempo parcial;01 Andalucía;Total;2010;662,0
Jornada a tiempo parcial;01 Andalucía;Total;2009;672,5
Jornada a tiempo parcial;01 Andalucía;Total;2008;620,4
Jornada a tiempo parcial;01 Andalucía;Total;2007;628,5
Jornada a tiempo parcial;01 Andalucía;Total;2006;590,9
Jornada a tiempo parcial;01 Andalucía;1;2024;688,0
Jornada a tiempo parcial;01 Andalucía;1;2023;629,7
Jornada a tiempo parcial;01 Andalucía;1;2022;588,0
Jornada a tiempo parcial;01 Andalucía;1;2021;537,2
Jornada a tiempo parcial;01 Andalucía;1;2020;507,7
Jornada a tiempo parcial;01 Andalucía;1;2019;508,4
Jornada a tiempo parcial;01 Andalucía;1;2018;464,9
Jornada a tiempo parcial;01 Andalucía;1;2017;429,7
Jornada a tiempo parcial;01 Andalucía;1;2016;430,8
Jornada a tiempo parcial;01 Andalucía;1;2015;405,9
Jornada a tiempo parcial;01 Andalucía;1;2014;382,2
Jornada a tiempo parcial;01 Andalucía;1;2013;390,9
Jornada a tiempo parcial;01 Andalucía;1;2012;406,7
Jornada a tiempo parcial;01 Andalucía;1;2011;454,6
Jornada a tiempo parcial;01 Andalucía;1;2010;453,9
Jornada a tiempo parcial;01 Andalucía;1;2009;487,9
Jornada a tiempo parcial;01 Andalucía;1;2008;458,0
Jornada a tiempo parcial;01 Andalucía;1;2007;459,2
Jornada a tiempo parcial;01 Andalucía;1;2006;446,8
Jornada a tiempo parcial;01 Andalucía;2;2024;1.219,1
Jornada a tiempo parcial;01 Andalucía;2;2023;1.135,5
Jornada a tiempo parcial;01 Andalucía;2;2022;1.086,1
Jornada a tiempo parcial;01 Andalucía;2;2021;990,0
Jornada a tiempo parcial;01 Andalucía;2;2020;960,5
Jornada a tiempo parcial;01 Andalucía;2;2019;955,4
Jornada a tiempo parcial;01 Andalucía;2;2018;863,0
Jornada a tiempo parcial;01 Andalucía;2;2017;832,5
Jornada a tiempo parcial;01 Andalucía;2;2016;821,1
Jornada a tiempo parcial;01 Andalucía;2;2015;796,2
Jornada a tiempo parcial;01 Andalucía;2;2014;785,4
Jornada a tiempo parcial;01 Andalucía;2;2013;771,9
Jornada a tiempo parcial;01 Andalucía;2;2012;785,2
Jornada a tiempo parcial;01 Andalucía;2;2011;835,8
Jornada a tiempo parcial;01 Andalucía;2;2010;860,1
Jornada a tiempo parcial;01 Andalucía;2;2009;835,7
Jornada a tiempo parcial;01 Andalucía;2;2008;848,1
Jornada a tiempo parcial;01 Andalucía;2;2007;815,8
Jornada a tiempo parcial;01 Andalucía;2;2006;765,2
Jornada a tiempo parcial;01 Andalucía;3;2024;1.498,6
Jornada a tiempo parcial;01 Andalucía;3;2023;1.427,8
Jornada a tiempo parcial;01 Andalucía;3;2022;1.333,3
Jornada a tiempo parcial;01 Andalucía;3;2021;1.257,9
Jornada a tiempo parcial;01 Andalucía;3;2020;1.231,2
Jornada a tiempo parcial;01 Andalucía;3;2019;1.236,2
Jornada a tiempo parcial;01 Andalucía;3;2018;1.128,8
Jornada a tiempo parcial;01 Andalucía;3;2017;1.105,3
Jornada a tiempo parcial;01 Andalucía;3;2016;1.114,5
Jornada a tiempo parcial;01 Andalucía;3;2015;1.102,4
Jornada a tiempo parcial;01 Andalucía;3;2014;1.061,2
Jornada a tiempo parcial;01 Andalucía;3;2013;1.080,1
Jornada a tiempo parcial;01 Andalucía;3;2012;1.119,2
Jornada a tiempo parcial;01 Andalucía;3;2011;1.118,5
Jornada a tiempo parcial;01 Andalucía;3;2010;1.129,4
Jornada a tiempo parcial;01 Andalucía;3;2009;1.122,9
Jornada a tiempo parcial;01 Andalucía;3;2008;1.119,9
Jornada a tiempo parcial;01 Andalucía;3;2007;1.017,4
Jornada a tiempo parcial;01 Andalucía;3;2006;989,6
Jornada a tiempo parcial;01 Andalucía;4;2024;1.658,4
Jornada a tiempo parcial;01 Andalucía;4;2023;1.615,7
Jornada a tiempo parcial;01 Andalucía;4;2022;1.509,8
Jornada a tiempo parcial;01 Andalucía;4;2021;1.447,6
Jornada a tiempo parcial;01 Andalucía;4;2020;1.434,6
Jornada a tiempo parcial;01 Andalucía;4;2019;1.421,9
Jornada a tiempo parcial;01 Andalucía;4;2018;1.336,1
Jornada a tiempo parcial;01 Andalucía;4;2017;1.324,9
Jornada a tiempo parcial;01 Andalucía;4;2016;1.318,2
Jornada a tiempo parcial;01 Andalucía;4;2015;1.284,2
Jornada a tiempo parcial;01 Andalucía;4;2014;1.311,6
Jornada a tiempo parcial;01 Andalucía;4;2013;1.330,3
Jornada a tiempo parcial;01 Andalucía;4;2012;1.276,5
Jornada a tiempo parcial;01 Andalucía;4;2011;1.274,2
Jornada a tiempo parcial;01 Andalucía;4;2010;1.281,8
Jornada a tiempo parcial;01 Andalucía;4;2009;1.257,8
Jornada a tiempo parcial;01 Andalucía;4;2008;1.223,2
Jornada a tiempo parcial;01 Andalucía;4;2007;1.198,6
Jornada a tiempo parcial;01 Andalucía;4;2006;1.119,4
Jornada a tiempo parcial;01 Andalucía;5;2024;1.896,2
Jornada a tiempo parcial;01 Andalucía;5;2023;1.830,3
Jornada a tiempo parcial;01 Andalucía;5;2022;1.732,5
Jornada a tiempo parcial;01 Andalucía;5;2021;1.665,8
Jornada a tiempo parcial;01 Andalucía;5;2020;1.609,1
Jornada a tiempo parcial;01 Andalucía;5;2019;1.578,5
Jornada a tiempo parcial;01 Andalucía;5;2018;1.554,0
Jornada a tiempo parcial;01 Andalucía;5;2017;1.515,3
Jornada a tiempo parcial;01 Andalucía;5;2016;1.496,9
Jornada a tiempo parcial;01 Andalucía;5;2015;1.509,0
Jornada a tiempo parcial;01 Andalucía;5;2014;1.519,3
Jornada a tiempo parcial;01 Andalucía;5;2013;1.526,5
Jornada a tiempo parcial;01 Andalucía;5;2012;1.491,0
Jornada a tiempo parcial;01 Andalucía;5;2011;1.520,8
Jornada a tiempo parcial;01 Andalucía;5;2010;1.470,5
Jornada a tiempo parcial;01 Andalucía;5;2009;1.439,1
Jornada a tiempo parcial;01 Andalucía;5;2008;1.364,0
Jornada a tiempo parcial;01 Andalucía;5;2007;1.329,6
Jornada a tiempo parcial;01 Andalucía;5;2006;1.288,6
Jornada a tiempo parcial;01 Andalucía;6;2024;2.152,5
Jornada a tiempo parcial;01 Andalucía;6;2023;2.092,3
Jornada a tiempo parcial;01 Andalucía;6;2022;1.860,6
Jornada a tiempo parcial;01 Andalucía;6;2021;1.883,2
Jornada a tiempo parcial;01 Andalucía;6;2020;1.770,2
Jornada a tiempo parcial;01 Andalucía;6;2019;1.818,8
Jornada a tiempo parcial;01 Andalucía;6;2018;1.761,3
Jornada a tiempo parcial;01 Andalucía;6;2017;1.696,3
Jornada a tiempo parcial;01 Andalucía;6;2016;1.756,0
Jornada a tiempo parcial;01 Andalucía;6;2015;1.691,2
Jornada a tiempo parcial;01 Andalucía;6;2014;1.690,9
Jornada a tiempo parcial;01 Andalucía;6;2013;1.705,7
Jornada a tiempo parcial;01 Andalucía;6;2012;1.715,6
Jornada a tiempo parcial;01 Andalucía;6;2011;1.745,8
Jornada a tiempo parcial;01 Andalucía;6;2010;1.634,7
Jornada a tiempo parcial;01 Andalucía;6;2009;1.588,7
Jornada a tiempo parcial;01 Andalucía;6;2008;1.557,1
Jornada a tiempo parcial;01 Andalucía;6;2007;1.465,3
Jornada a tiempo parcial;01 Andalucía;6;2006;1.430,4
Jornada a tiempo parcial;01 Andalucía;7;2024;2.427,6
Jornada a tiempo parcial;01 Andalucía;7;2023;2.349,8
Jornada a tiempo parcial;01 Andalucía;7;2022;2.240,0
Jornada a tiempo parcial;01 Andalucía;7;2021;2.092,5
Jornada a tiempo parcial;01 Andalucía;7;2020;2.220,1
Jornada a tiempo parcial;01 Andalucía;7;2019;2.137,3
Jornada a tiempo parcial;01 Andalucía;7;2018;2.028,8
Jornada a tiempo parcial;01 Andalucía;7;2017;2.031,2
Jornada a tiempo parcial;01 Andalucía;7;2016;1.950,4
Jornada a tiempo parcial;01 Andalucía;7;2015;1.963,5
Jornada a tiempo parcial;01 Andalucía;7;2014;1.920,2
Jornada a tiempo parcial;01 Andalucía;7;2013;1.958,3
Jornada a tiempo parcial;01 Andalucía;7;2012;1.949,6
Jornada a tiempo parcial;01 Andalucía;7;2011;1.902,0
Jornada a tiempo parcial;01 Andalucía;7;2010;1.863,1
Jornada a tiempo parcial;01 Andalucía;7;2009;1.830,0
Jornada a tiempo parcial;01 Andalucía;7;2008;1.830,7
Jornada a tiempo parcial;01 Andalucía;7;2007;1.738,8
Jornada a tiempo parcial;01 Andalucía;7;2006;1.627,7
Jornada a tiempo parcial;01 Andalucía;8;2024;2.916,8
Jornada a tiempo parcial;01 Andalucía;8;2023;..
Jornada a tiempo parcial;01 Andalucía;8;2022;2.584,7
Jornada a tiempo parcial;01 Andalucía;8;2021;2.567,5
Jornada a tiempo parcial;01 Andalucía;8;2020;2.544,1
Jornada a tiempo parcial;01 Andalucía;8;2019;2.255,6
Jornada a tiempo parcial;01 Andalucía;8;2018;2.380,5
Jornada a tiempo parcial;01 Andalucía;8;2017;2.176,5
Jornada a tiempo parcial;01 Andalucía;8;2016;2.348,4
Jornada a tiempo parcial;01 Andalucía;8;2015;2.253,5
Jornada a tiempo parcial;01 Andalucía;8;2014;2.330,7
Jornada a tiempo parcial;01 Andalucía;8;2013;2.283,2
Jornada a tiempo parcial;01 Andalucía;8;2012;2.207,9
Jornada a tiempo parcial;01 Andalucía;8;2011;2.158,9
Jornada a tiempo parcial;01 Andalucía;8;2010;2.350,5
Jornada a tiempo parcial;01 Andalucía;8;2009;2.294,9
Jornada a tiempo parcial;01 Andalucía;8;2008;2.093,8
Jornada a tiempo parcial;01 Andalucía;8;2007;2.066,4
Jornada a tiempo parcial;01 Andalucía;8;2006;1.957,1
Jornada a tiempo parcial;01 Andalucía;9;2024;3.493,3
Jornada a tiempo parcial;01 Andalucía;9;2023;3.120,1
Jornada a tiempo parcial;01 Andalucía;9;2022;3.262,9
Jornada a tiempo parcial;01 Andalucía;9;2021;2.881,1
Jornada a tiempo parcial;01 Andalucía;9;2020;3.105,8
Jornada a tiempo parcial;01 Andalucía;9;2019;2.859,9
Jornada a tiempo parcial;01 Andalucía;9;2018;2.796,5
Jornada a tiempo parcial;01 Andalucía;9;2017;2.945,4
Jornada a tiempo parcial;01 Andalucía;9;2016;2.759,0
Jornada a tiempo parcial;01 Andalucía;9;2015;2.635,6
Jornada a tiempo parcial;01 Andalucía;9;2014;2.999,2
Jornada a tiempo parcial;01 Andalucía;9;2013;2.838,9
Jornada a tiempo parcial;01 Andalucía;9;2012;2.627,6
Jornada a tiempo parcial;01 Andalucía;9;2011;2.542,9
Jornada a tiempo parcial;01 Andalucía;9;2010;2.801,6
Jornada a tiempo parcial;01 Andalucía;9;2009;2.821,5
Jornada a tiempo parcial;01 Andalucía;9;2008;2.680,2
Jornada a tiempo parcial;01 Andalucía;9;2007;2.447,3
Jornada a tiempo parcial;01 Andalucía;9;2006;2.565,9
Jornada a tiempo parcial;01 Andalucía;10;2024;..
Jornada a tiempo parcial;01 Andalucía;10;2023;..
Jornada a tiempo parcial;01 Andalucía;10;2022;..
Jornada a tiempo parcial;01 Andalucía;10;2021;..
Jornada a tiempo parcial;01 Andalucía;10;2020;..
Jornada a tiempo parcial;01 Andalucía;10;2019;..
Jornada a tiempo parcial;01 Andalucía;10;2018;..
Jornada a tiempo parcial;01 Andalucía;10;2017;..
Jornada a tiempo parcial;01 Andalucía;10;2016;..
Jornada a tiempo parcial;01 Andalucía;10;2015;..
Jornada a tiempo parcial;01 Andalucía;10;2014;..
Jornada a tiempo parcial;01 Andalucía;10;2013;..
Jornada a tiempo parcial;01 Andalucía;10;2012;..
Jornada a tiempo parcial;01 Andalucía;10;2011;..
Jornada a tiempo parcial;01 Andalucía;10;2010;..
Jornada a tiempo parcial;01 Andalucía;10;2009;..
Jornada a tiempo parcial;01 Andalucía;10;2008;..
Jornada a tiempo parcial;01 Andalucía;10;2007;..
Jornada a tiempo parcial;01 Andalucía;10;2006;..
Jornada a tiempo parcial;02 Aragón;Total;2024;934,5
Jornada a tiempo parcial;02 Aragón;Total;2023;988,6
Jornada a tiempo parcial;02 Aragón;Total;2022;880,1
Jornada a tiempo parcial;02 Aragón;Total;2021;886,5
Jornada a tiempo parcial;02 Aragón;Total;2020;827,8
Jornada a tiempo parcial;02 Aragón;Total;2019;821,9
Jornada a tiempo parcial;02 Aragón;Total;2018;816,2
Jornada a tiempo parcial;02 Aragón;Total;2017;807,8
Jornada a tiempo parcial;02 Aragón;Total;2016;727,4
Jornada a tiempo parcial;02 Aragón;Total;2015;797,3
Jornada a tiempo parcial;02 Aragón;Total;2014;744,1
Jornada a tiempo parcial;02 Aragón;Total;2013;659,3
Jornada a tiempo parcial;02 Aragón;Total;2012;687,7
Jornada a tiempo parcial;02 Aragón;Total;2011;744,5
Jornada a tiempo parcial;02 Aragón;Total;2010;718,5
Jornada a tiempo parcial;02 Aragón;Total;2009;651,1
Jornada a tiempo parcial;02 Aragón;Total;2008;751,2
Jornada a tiempo parcial;02 Aragón;Total;2007;647,1
Jornada a tiempo parcial;02 Aragón;Total;2006;639,8
Jornada a tiempo parcial;02 Aragón;1;2024;647,6
Jornada a tiempo parcial;02 Aragón;1;2023;682,0
Jornada a tiempo parcial;02 Aragón;1;2022;580,3
Jornada a tiempo parcial;02 Aragón;1;2021;566,8
Jornada a tiempo parcial;02 Aragón;1;2020;500,6
Jornada a tiempo parcial;02 Aragón;1;2019;500,2
Jornada a tiempo parcial;02 Aragón;1;2018;481,9
Jornada a tiempo parcial;02 Aragón;1;2017;448,0
Jornada a tiempo parcial;02 Aragón;1;2016;476,5
Jornada a tiempo parcial;02 Aragón;1;2015;455,0
Jornada a tiempo parcial;02 Aragón;1;2014;391,6
Jornada a tiempo parcial;02 Aragón;1;2013;427,3
Jornada a tiempo parcial;02 Aragón;1;2012;447,6
Jornada a tiempo parcial;02 Aragón;1;2011;481,0
Jornada a tiempo parcial;02 Aragón;1;2010;468,9
Jornada a tiempo parcial;02 Aragón;1;2009;490,1
Jornada a tiempo parcial;02 Aragón;1;2008;490,6
Jornada a tiempo parcial;02 Aragón;1;2007;482,2
Jornada a tiempo parcial;02 Aragón;1;2006;449,4
Jornada a tiempo parcial;02 Aragón;2;2024;1.209,7
Jornada a tiempo parcial;02 Aragón;2;2023;1.167,8
Jornada a tiempo parcial;02 Aragón;2;2022;1.093,7
Jornada a tiempo parcial;02 Aragón;2;2021;994,2
Jornada a tiempo parcial;02 Aragón;2;2020;932,1
Jornada a tiempo parcial;02 Aragón;2;2019;931,9
Jornada a tiempo parcial;02 Aragón;2;2018;862,6
Jornada a tiempo parcial;02 Aragón;2;2017;840,5
Jornada a tiempo parcial;02 Aragón;2;2016;829,0
Jornada a tiempo parcial;02 Aragón;2;2015;815,4
Jornada a tiempo parcial;02 Aragón;2;2014;818,0
Jornada a tiempo parcial;02 Aragón;2;2013;782,8
Jornada a tiempo parcial;02 Aragón;2;2012;804,9
Jornada a tiempo parcial;02 Aragón;2;2011;829,2
Jornada a tiempo parcial;02 Aragón;2;2010;856,0
Jornada a tiempo parcial;02 Aragón;2;2009;831,3
Jornada a tiempo parcial;02 Aragón;2;2008;855,3
Jornada a tiempo parcial;02 Aragón;2;2007;792,5
Jornada a tiempo parcial;02 Aragón;2;2006;786,3
Jornada a tiempo parcial;02 Aragón;3;2024;1.458,0
Jornada a tiempo parcial;02 Aragón;3;2023;1.415,1
Jornada a tiempo parcial;02 Aragón;3;2022;1.308,4
Jornada a tiempo parcial;02 Aragón;3;2021;1.248,3
Jornada a tiempo parcial;02 Aragón;3;2020;1.241,6
Jornada a tiempo parcial;02 Aragón;3;2019;1.192,0
Jornada a tiempo parcial;02 Aragón;3;2018;1.154,7
Jornada a tiempo parcial;02 Aragón;3;2017;1.134,4
Jornada a tiempo parcial;02 Aragón;3;2016;1.090,1
Jornada a tiempo parcial;02 Aragón;3;2015;1.078,7
Jornada a tiempo parcial;02 Aragón;3;2014;1.085,1
Jornada a tiempo parcial;02 Aragón;3;2013;1.095,0
Jornada a tiempo parcial;02 Aragón;3;2012;1.097,2
Jornada a tiempo parcial;02 Aragón;3;2011;1.105,5
Jornada a tiempo parcial;02 Aragón;3;2010;1.113,5
Jornada a tiempo parcial;02 Aragón;3;2009;1.144,0
Jornada a tiempo parcial;02 Aragón;3;2008;1.148,7
Jornada a tiempo parcial;02 Aragón;3;2007;1.017,2
Jornada a tiempo parcial;02 Aragón;3;2006;1.030,2
Jornada a tiempo parcial;02 Aragón;4;2024;1.680,7
Jornada a tiempo parcial;02 Aragón;4;2023;1.616,8
Jornada a tiempo parcial;02 Aragón;4;2022;1.497,3
Jornada a tiempo parcial;02 Aragón;4;2021;1.448,4
Jornada a tiempo parcial;02 Aragón;4;2020;1.422,8
Jornada a tiempo parcial;02 Aragón;4;2019;1.402,5
Jornada a tiempo parcial;02 Aragón;4;2018;1.381,5
Jornada a tiempo parcial;02 Aragón;4;2017;1.301,3
Jornada a tiempo parcial;02 Aragón;4;2016;1.333,6
Jornada a tiempo parcial;02 Aragón;4;2015;1.313,0
Jornada a tiempo parcial;02 Aragón;4;2014;1.339,1
Jornada a tiempo parcial;02 Aragón;4;2013;1.312,1
Jornada a tiempo parcial;02 Aragón;4;2012;1.265,6
Jornada a tiempo parcial;02 Aragón;4;2011;1.269,9
Jornada a tiempo parcial;02 Aragón;4;2010;1.301,0
Jornada a tiempo parcial;02 Aragón;4;2009;1.308,7
Jornada a tiempo parcial;02 Aragón;4;2008;1.294,7
Jornada a tiempo parcial;02 Aragón;4;2007;1.228,7
Jornada a tiempo parcial;02 Aragón;4;2006;1.143,8
Jornada a tiempo parcial;02 Aragón;5;2024;1.822,3
Jornada a tiempo parcial;02 Aragón;5;2023;1.832,5
Jornada a tiempo parcial;02 Aragón;5;2022;1.708,6
Jornada a tiempo parcial;02 Aragón;5;2021;1.626,9
Jornada a tiempo parcial;02 Aragón;5;2020;1.585,3
Jornada a tiempo parcial;02 Aragón;5;2019;1.601,1
Jornada a tiempo parcial;02 Aragón;5;2018;1.537,0
Jornada a tiempo parcial;02 Aragón;5;2017;1.499,1
Jornada a tiempo parcial;02 Aragón;5;2016;1.494,6
Jornada a tiempo parcial;02 Aragón;5;2015;1.449,8
Jornada a tiempo parcial;02 Aragón;5;2014;1.497,3
Jornada a tiempo parcial;02 Aragón;5;2013;1.513,7
Jornada a tiempo parcial;02 Aragón;5;2012;1.454,8
Jornada a tiempo parcial;02 Aragón;5;2011;1.512,7
Jornada a tiempo parcial;02 Aragón;5;2010;1.488,4
Jornada a tiempo parcial;02 Aragón;5;2009;1.374,2
Jornada a tiempo parcial;02 Aragón;5;2008;1.353,3
Jornada a tiempo parcial;02 Aragón;5;2007;1.309,4
Jornada a tiempo parcial;02 Aragón;5;2006;1.269,5
Jornada a tiempo parcial;02 Aragón;6;2024;2.068,7
Jornada a tiempo parcial;02 Aragón;6;2023;1.996,0
Jornada a tiempo parcial;02 Aragón;6;2022;1.888,3
Jornada a tiempo parcial;02 Aragón;6;2021;1.844,6
Jornada a tiempo parcial;02 Aragón;6;2020;1.843,5
Jornada a tiempo parcial;02 Aragón;6;2019;1.821,7
Jornada a tiempo parcial;02 Aragón;6;2018;1.735,7
Jornada a tiempo parcial;02 Aragón;6;2017;1.654,1
Jornada a tiempo parcial;02 Aragón;6;2016;1.658,5
Jornada a tiempo parcial;02 Aragón;6;2015;1.647,2
Jornada a tiempo parcial;02 Aragón;6;2014;1.679,1
Jornada a tiempo parcial;02 Aragón;6;2013;1.667,7
Jornada a tiempo parcial;02 Aragón;6;2012;1.671,9
Jornada a tiempo parcial;02 Aragón;6;2011;1.672,6
Jornada a tiempo parcial;02 Aragón;6;2010;1.695,1
Jornada a tiempo parcial;02 Aragón;6;2009;1.651,0
Jornada a tiempo parcial;02 Aragón;6;2008;1.565,3
Jornada a tiempo parcial;02 Aragón;6;2007;1.483,2
Jornada a tiempo parcial;02 Aragón;6;2006;1.377,3
Jornada a tiempo parcial;02 Aragón;7;2024;2.571,2
Jornada a tiempo parcial;02 Aragón;7;2023;2.448,3
Jornada a tiempo parcial;02 Aragón;7;2022;2.126,0
Jornada a tiempo parcial;02 Aragón;7;2021;2.139,4
Jornada a tiempo parcial;02 Aragón;7;2020;2.083,6
Jornada a tiempo parcial;02 Aragón;7;2019;2.027,4
Jornada a tiempo parcial;02 Aragón;7;2018;2.051,8
Jornada a tiempo parcial;02 Aragón;7;2017;1.907,4
Jornada a tiempo parcial;02 Aragón;7;2016;1.993,5
Jornada a tiempo parcial;02 Aragón;7;2015;1.990,6
Jornada a tiempo parcial;02 Aragón;7;2014;..
Jornada a tiempo parcial;02 Aragón;7;2013;2.010,8
Jornada a tiempo parcial;02 Aragón;7;2012;2.033,6
Jornada a tiempo parcial;02 Aragón;7;2011;1.928,9
Jornada a tiempo parcial;02 Aragón;7;2010;1.941,8
Jornada a tiempo parcial;02 Aragón;7;2009;1.914,2
Jornada a tiempo parcial;02 Aragón;7;2008;1.800,0
Jornada a tiempo parcial;02 Aragón;7;2007;1.719,3
Jornada a tiempo parcial;02 Aragón;7;2006;1.563,5
Jornada a tiempo parcial;02 Aragón;8;2024;..
Jornada a tiempo parcial;02 Aragón;8;2023;2.991,2
Jornada a tiempo parcial;02 Aragón;8;2022;2.586,1
Jornada a tiempo parcial;02 Aragón;8;2021;..
Jornada a tiempo parcial;02 Aragón;8;2020;2.388,3
Jornada a tiempo parcial;02 Aragón;8;2019;2.617,2
Jornada a tiempo parcial;02 Aragón;8;2018;2.325,2
Jornada a tiempo parcial;02 Aragón;8;2017;2.458,8
Jornada a tiempo parcial;02 Aragón;8;2016;2.344,3
Jornada a tiempo parcial;02 Aragón;8;2015;2.152,0
Jornada a tiempo parcial;02 Aragón;8;2014;..
Jornada a tiempo parcial;02 Aragón;8;2013;2.411,6
Jornada a tiempo parcial;02 Aragón;8;2012;..
Jornada a tiempo parcial;02 Aragón;8;2011;..
Jornada a tiempo parcial;02 Aragón;8;2010;2.314,3
Jornada a tiempo parcial;02 Aragón;8;2009;..
Jornada a tiempo parcial;02 Aragón;8;2008;1.967,0
Jornada a tiempo parcial;02 Aragón;8;2007;1.959,1
Jornada a tiempo parcial;02 Aragón;8;2006;1.884,7
Jornada a tiempo parcial;02 Aragón;9;2024;3.253,2
Jornada a tiempo parcial;02 Aragón;9;2023;..
Jornada a tiempo parcial;02 Aragón;9;2022;2.961,2
Jornada a tiempo parcial;02 Aragón;9;2021;2.918,4
Jornada a tiempo parcial;02 Aragón;9;2020;..
Jornada a tiempo parcial;02 Aragón;9;2019;..
Jornada a tiempo parcial;02 Aragón;9;2018;2.743,2
Jornada a tiempo parcial;02 Aragón;9;2017;3.018,7
Jornada a tiempo parcial;02 Aragón;9;2016;2.953,3
Jornada a tiempo parcial;02 Aragón;9;2015;2.877,9
Jornada a tiempo parcial;02 Aragón;9;2014;2.774,2
Jornada a tiempo parcial;02 Aragón;9;2013;..
Jornada a tiempo parcial;02 Aragón;9;2012;2.669,7
Jornada a tiempo parcial;02 Aragón;9;2011;2.923,6
Jornada a tiempo parcial;02 Aragón;9;2010;..
Jornada a tiempo parcial;02 Aragón;9;2009;2.989,9
Jornada a tiempo parcial;02 Aragón;9;2008;2.765,8
Jornada a tiempo parcial;02 Aragón;9;2007;2.475,4
Jornada a tiempo parcial;02 Aragón;9;2006;..
Jornada a tiempo parcial;02 Aragón;10;2024;..
Jornada a tiempo parcial;02 Aragón;10;2023;..
Jornada a tiempo parcial;02 Aragón;10;2022;..
Jornada a tiempo parcial;02 Aragón;10;2021;..
Jornada a tiempo parcial;02 Aragón;10;2020;..
Jornada a tiempo parcial;02 Aragón;10;2019;..
Jornada a tiempo parcial;02 Aragón;10;2018;..
Jornada a tiempo parcial;02 Aragón;10;2017;..
Jornada a tiempo parcial;02 Aragón;10;2016;..
Jornada a tiempo parcial;02 Aragón;10;2015;..
Jornada a tiempo parcial;02 Aragón;10;2014;..
Jornada a tiempo parcial;02 Aragón;10;2013;..
Jornada a tiempo parcial;02 Aragón;10;2012;..
Jornada a tiempo parcial;02 Aragón;10;2011;..
Jornada a tiempo parcial;02 Aragón;10;2010;..
Jornada a tiempo parcial;02 Aragón;10;2009;..
Jornada a tiempo parcial;02 Aragón;10;2008;..
Jornada a tiempo parcial;02 Aragón;10;2007;..
Jornada a tiempo parcial;02 Aragón;10;2006;..
Jornada a tiempo parcial;03 Asturias, Principado de;Total;2024;975,0
Jornada a tiempo parcial;03 Asturias, Principado de;Total;2023;856,9
Jornada a tiempo parcial;03 Asturias, Principado de;Total;2022;855,9
Jornada a tiempo parcial;03 Asturias, Principado de;Total;2021;779,6
Jornada a tiempo parcial;03 Asturias, Principado de;Total;2020;732,1
Jornada a tiempo parcial;03 Asturias, Principado de;Total;2019;768,8
Jornada a tiempo parcial;03 Asturias, Principado de;Total;2018;723,8
Jornada a tiempo parcial;03 Asturias, Principado de;Total;2017;701,1
Jornada a tiempo parcial;03 Asturias, Principado de;Total;2016;723,4
Jornada a tiempo parcial;03 Asturias, Principado de;Total;2015;666,9
Jornada a tiempo parcial;03 Asturias, Principado de;Total;2014;642,4
Jornada a tiempo parcial;03 Asturias, Principado de;Total;2013;712,9
Jornada a tiempo parcial;03 Asturias, Principado de;Total;2012;690,2
Jornada a tiempo parcial;03 Asturias, Principado de;Total;2011;649,7
Jornada a tiempo parcial;03 Asturias, Principado de;Total;2010;650,5
Jornada a tiempo parcial;03 Asturias, Principado de;Total;2009;633,5
Jornada a tiempo parcial;03 Asturias, Principado de;Total;2008;711,2
Jornada a tiempo parcial;03 Asturias, Principado de;Total;2007;545,9
Jornada a tiempo parcial;03 Asturias, Principado de;Total;2006;497,9
Jornada a tiempo parcial;03 Asturias, Principado de;1;2024;656,0
Jornada a tiempo parcial;03 Asturias, Principado de;1;2023;623,7
Jornada a tiempo parcial;03 Asturias, Principado de;1;2022;609,4
Jornada a tiempo parcial;03 Asturias, Principado de;1;2021;534,4
Jornada a tiempo parcial;03 Asturias, Principado de;1;2020;483,0
Jornada a tiempo parcial;03 Asturias, Principado de;1;2019;550,4
Jornada a tiempo parcial;03 Asturias, Principado de;1;2018;479,1
Jornada a tiempo parcial;03 Asturias, Principado de;1;2017;470,6
Jornada a tiempo parcial;03 Asturias, Principado de;1;2016;461,1
Jornada a tiempo parcial;03 Asturias, Principado de;1;2015;414,4
Jornada a tiempo parcial;03 Asturias, Principado de;1;2014;357,0
Jornada a tiempo parcial;03 Asturias, Principado de;1;2013;388,0
Jornada a tiempo parcial;03 Asturias, Principado de;1;2012;391,4
Jornada a tiempo parcial;03 Asturias, Principado de;1;2011;420,5
Jornada a tiempo parcial;03 Asturias, Principado de;1;2010;493,0
Jornada a tiempo parcial;03 Asturias, Principado de;1;2009;466,2
Jornada a tiempo parcial;03 Asturias, Principado de;1;2008;472,4
Jornada a tiempo parcial;03 Asturias, Principado de;1;2007;453,5
Jornada a tiempo parcial;03 Asturias, Principado de;1;2006;420,2
Jornada a tiempo parcial;03 Asturias, Principado de;2;2024;1.224,6
Jornada a tiempo parcial;03 Asturias, Principado de;2;2023;1.127,0
Jornada a tiempo parcial;03 Asturias, Principado de;2;2022;1.056,6
Jornada a tiempo parcial;03 Asturias, Principado de;2;2021;989,3
Jornada a tiempo parcial;03 Asturias, Principado de;2;2020;989,5
Jornada a tiempo parcial;03 Asturias, Principado de;2;2019;942,4
Jornada a tiempo parcial;03 Asturias, Principado de;2;2018;891,2
Jornada a tiempo parcial;03 Asturias, Principado de;2;2017;841,2
Jornada a tiempo parcial;03 Asturias, Principado de;2;2016;849,5
Jornada a tiempo parcial;03 Asturias, Principado de;2;2015;819,7
Jornada a tiempo parcial;03 Asturias, Principado de;2;2014;755,2
Jornada a tiempo parcial;03 Asturias, Principado de;2;2013;769,3
Jornada a tiempo parcial;03 Asturias, Principado de;2;2012;801,1
Jornada a tiempo parcial;03 Asturias, Principado de;2;2011;821,4
Jornada a tiempo parcial;03 Asturias, Principado de;2;2010;801,5
Jornada a tiempo parcial;03 Asturias, Principado de;2;2009;834,0
Jornada a tiempo parcial;03 Asturias, Principado de;2;2008;868,5
Jornada a tiempo parcial;03 Asturias, Principado de;2;2007;813,0
Jornada a tiempo parcial;03 Asturias, Principado de;2;2006;757,1
Jornada a tiempo parcial;03 Asturias, Principado de;3;2024;1.485,0
Jornada a tiempo parcial;03 Asturias, Principado de;3;2023;1.447,9
Jornada a tiempo parcial;03 Asturias, Principado de;3;2022;1.294,1
Jornada a tiempo parcial;03 Asturias, Principado de;3;2021;1.246,1
Jornada a tiempo parcial;03 Asturias, Principado de;3;2020;1.227,4
Jornada a tiempo parcial;03 Asturias, Principado de;3;2019;1.185,4
Jornada a tiempo parcial;03 Asturias, Principado de;3;2018;1.158,4
Jornada a tiempo parcial;03 Asturias, Principado de;3;2017;1.111,8
Jornada a tiempo parcial;03 Asturias, Principado de;3;2016;1.098,0
Jornada a tiempo parcial;03 Asturias, Principado de;3;2015;1.074,5
Jornada a tiempo parcial;03 Asturias, Principado de;3;2014;1.077,4
Jornada a tiempo parcial;03 Asturias, Principado de;3;2013;1.063,3
Jornada a tiempo parcial;03 Asturias, Principado de;3;2012;1.140,1
Jornada a tiempo parcial;03 Asturias, Principado de;3;2011;1.104,0
Jornada a tiempo parcial;03 Asturias, Principado de;3;2010;1.154,0
Jornada a tiempo parcial;03 Asturias, Principado de;3;2009;1.082,9
Jornada a tiempo parcial;03 Asturias, Principado de;3;2008;1.053,4
Jornada a tiempo parcial;03 Asturias, Principado de;3;2007;994,7
Jornada a tiempo parcial;03 Asturias, Principado de;3;2006;1.026,0
Jornada a tiempo parcial;03 Asturias, Principado de;4;2024;1.710,3
Jornada a tiempo parcial;03 Asturias, Principado de;4;2023;..
Jornada a tiempo parcial;03 Asturias, Principado de;4;2022;1.487,6
Jornada a tiempo parcial;03 Asturias, Principado de;4;2021;1.430,7
Jornada a tiempo parcial;03 Asturias, Principado de;4;2020;1.430,5
Jornada a tiempo parcial;03 Asturias, Principado de;4;2019;1.438,0
Jornada a tiempo parcial;03 Asturias, Principado de;4;2018;1.353,2
Jornada a tiempo parcial;03 Asturias, Principado de;4;2017;1.309,6
Jornada a tiempo parcial;03 Asturias, Principado de;4;2016;1.315,2
Jornada a tiempo parcial;03 Asturias, Principado de;4;2015;1.287,5
Jornada a tiempo parcial;03 Asturias, Principado de;4;2014;1.299,2
Jornada a tiempo parcial;03 Asturias, Principado de;4;2013;1.308,9
Jornada a tiempo parcial;03 Asturias, Principado de;4;2012;1.322,2
Jornada a tiempo parcial;03 Asturias, Principado de;4;2011;1.342,3
Jornada a tiempo parcial;03 Asturias, Principado de;4;2010;1.279,3
Jornada a tiempo parcial;03 Asturias, Principado de;4;2009;1.242,6
Jornada a tiempo parcial;03 Asturias, Principado de;4;2008;1.249,4
Jornada a tiempo parcial;03 Asturias, Principado de;4;2007;..
Jornada a tiempo parcial;03 Asturias, Principado de;4;2006;1.137,7
Jornada a tiempo parcial;03 Asturias, Principado de;5;2024;1.826,2
Jornada a tiempo parcial;03 Asturias, Principado de;5;2023;1.838,7
Jornada a tiempo parcial;03 Asturias, Principado de;5;2022;1.699,5
Jornada a tiempo parcial;03 Asturias, Principado de;5;2021;1.624,1
Jornada a tiempo parcial;03 Asturias, Principado de;5;2020;1.556,4
Jornada a tiempo parcial;03 Asturias, Principado de;5;2019;1.618,2
Jornada a tiempo parcial;03 Asturias, Principado de;5;2018;1.561,4
Jornada a tiempo parcial;03 Asturias, Principado de;5;2017;1.472,3
Jornada a tiempo parcial;03 Asturias, Principado de;5;2016;1.486,3
Jornada a tiempo parcial;03 Asturias, Principado de;5;2015;1.440,6
Jornada a tiempo parcial;03 Asturias, Principado de;5;2014;1.465,1
Jornada a tiempo parcial;03 Asturias, Principado de;5;2013;1.478,4
Jornada a tiempo parcial;03 Asturias, Principado de;5;2012;1.532,9
Jornada a tiempo parcial;03 Asturias, Principado de;5;2011;1.458,6
Jornada a tiempo parcial;03 Asturias, Principado de;5;2010;1.522,9
Jornada a tiempo parcial;03 Asturias, Principado de;5;2009;1.492,8
Jornada a tiempo parcial;03 Asturias, Principado de;5;2008;1.399,5
Jornada a tiempo parcial;03 Asturias, Principado de;5;2007;1.273,2
Jornada a tiempo parcial;03 Asturias, Principado de;5;2006;1.260,1
Jornada a tiempo parcial;03 Asturias, Principado de;6;2024;..
Jornada a tiempo parcial;03 Asturias, Principado de;6;2023;2.039,8
Jornada a tiempo parcial;03 Asturias, Principado de;6;2022;..
Jornada a tiempo parcial;03 Asturias, Principado de;6;2021;1.773,6
Jornada a tiempo parcial;03 Asturias, Principado de;6;2020;..
Jornada a tiempo parcial;03 Asturias, Principado de;6;2019;1.758,0
Jornada a tiempo parcial;03 Asturias, Principado de;6;2018;1.721,5
Jornada a tiempo parcial;03 Asturias, Principado de;6;2017;1.658,8
Jornada a tiempo parcial;03 Asturias, Principado de;6;2016;1.611,7
Jornada a tiempo parcial;03 Asturias, Principado de;6;2015;..
Jornada a tiempo parcial;03 Asturias, Principado de;6;2014;1.733,7
Jornada a tiempo parcial;03 Asturias, Principado de;6;2013;..
Jornada a tiempo parcial;03 Asturias, Principado de;6;2012;1.605,7
Jornada a tiempo parcial;03 Asturias, Principado de;6;2011;1.771,7
Jornada a tiempo parcial;03 Asturias, Principado de;6;2010;1.592,1
Jornada a tiempo parcial;03 Asturias, Principado de;6;2009;1.578,7
Jornada a tiempo parcial;03 Asturias, Principado de;6;2008;..
Jornada a tiempo parcial;03 Asturias, Principado de;6;2007;..
Jornada a tiempo parcial;03 Asturias, Principado de;6;2006;1.373,9
Jornada a tiempo parcial;03 Asturias, Principado de;7;2024;2.389,9
Jornada a tiempo parcial;03 Asturias, Principado de;7;2023;..
Jornada a tiempo parcial;03 Asturias, Principado de;7;2022;..
Jornada a tiempo parcial;03 Asturias, Principado de;7;2021;2.253,7
Jornada a tiempo parcial;03 Asturias, Principado de;7;2020;2.092,6
Jornada a tiempo parcial;03 Asturias, Principado de;7;2019;2.130,5
Jornada a tiempo parcial;03 Asturias, Principado de;7;2018;..
Jornada a tiempo parcial;03 Asturias, Principado de;7;2017;1.858,4
Jornada a tiempo parcial;03 Asturias, Principado de;7;2016;1.962,4
Jornada a tiempo parcial;03 Asturias, Principado de;7;2015;..
Jornada a tiempo parcial;03 Asturias, Principado de;7;2014;..
Jornada a tiempo parcial;03 Asturias, Principado de;7;2013;1.958,3
Jornada a tiempo parcial;03 Asturias, Principado de;7;2012;1.995,6
Jornada a tiempo parcial;03 Asturias, Principado de;7;2011;1.865,7
Jornada a tiempo parcial;03 Asturias, Principado de;7;2010;..
Jornada a tiempo parcial;03 Asturias, Principado de;7;2009;..
Jornada a tiempo parcial;03 Asturias, Principado de;7;2008;1.808,1
Jornada a tiempo parcial;03 Asturias, Principado de;7;2007;..
Jornada a tiempo parcial;03 Asturias, Principado de;7;2006;..
Jornada a tiempo parcial;03 Asturias, Principado de;8;2024;..
Jornada a tiempo parcial;03 Asturias, Principado de;8;2023;2.928,6
Jornada a tiempo parcial;03 Asturias, Principado de;8;2022;2.657,8
Jornada a tiempo parcial;03 Asturias, Principado de;8;2021;..
Jornada a tiempo parcial;03 Asturias, Principado de;8;2020;2.345,9
Jornada a tiempo parcial;03 Asturias, Principado de;8;2019;..
Jornada a tiempo parcial;03 Asturias, Principado de;8;2018;2.524,8
Jornada a tiempo parcial;03 Asturias, Principado de;8;2017;2.321,5
Jornada a tiempo parcial;03 Asturias, Principado de;8;2016;..
Jornada a tiempo parcial;03 Asturias, Principado de;8;2015;2.293,4
Jornada a tiempo parcial;03 Asturias, Principado de;8;2014;2.290,2
Jornada a tiempo parcial;03 Asturias, Principado de;8;2013;2.441,4
Jornada a tiempo parcial;03 Asturias, Principado de;8;2012;2.364,0
Jornada a tiempo parcial;03 Asturias, Principado de;8;2011;..
Jornada a tiempo parcial;03 Asturias, Principado de;8;2010;2.165,6
Jornada a tiempo parcial;03 Asturias, Principado de;8;2009;..
Jornada a tiempo parcial;03 Asturias, Principado de;8;2008;2.090,4
Jornada a tiempo parcial;03 Asturias, Principado de;8;2007;..
Jornada a tiempo parcial;03 Asturias, Principado de;8;2006;..
Jornada a tiempo parcial;03 Asturias, Principado de;9;2024;3.253,2
Jornada a tiempo parcial;03 Asturias, Principado de;9;2023;..
Jornada a tiempo parcial;03 Asturias, Principado de;9;2022;..
Jornada a tiempo parcial;03 Asturias, Principado de;9;2021;..
Jornada a tiempo parcial;03 Asturias, Principado de;9;2020;..
Jornada a tiempo parcial;03 Asturias, Principado de;9;2019;..
Jornada a tiempo parcial;03 Asturias, Principado de;9;2018;..
Jornada a tiempo parcial;03 Asturias, Principado de;9;2017;..
Jornada a tiempo parcial;03 Asturias, Principado de;9;2016;..
Jornada a tiempo parcial;03 Asturias, Principado de;9;2015;..
Jornada a tiempo parcial;03 Asturias, Principado de;9;2014;2.780,1
Jornada a tiempo parcial;03 Asturias, Principado de;9;2013;2.882,6
Jornada a tiempo parcial;03 Asturias, Principado de;9;2012;..
Jornada a tiempo parcial;03 Asturias, Principado de;9;2011;..
Jornada a tiempo parcial;03 Asturias, Principado de;9;2010;..
Jornada a tiempo parcial;03 Asturias, Principado de;9;2009;..
Jornada a tiempo parcial;03 Asturias, Principado de;9;2008;3.031,7
Jornada a tiempo parcial;03 Asturias, Principado de;9;2007;..
Jornada a tiempo parcial;03 Asturias, Principado de;9;2006;..
Jornada a tiempo parcial;03 Asturias, Principado de;10;2024;..
Jornada a tiempo parcial;03 Asturias, Principado de;10;2023;..
Jornada a tiempo parcial;03 Asturias, Principado de;10;2022;..
Jornada a tiempo parcial;03 Asturias, Principado de;10;2021;..
Jornada a tiempo parcial;03 Asturias, Principado de;10;2020;..
Jornada a tiempo parcial;03 Asturias, Principado de;10;2019;..
Jornada a tiempo parcial;03 Asturias, Principado de;10;2018;..
Jornada a tiempo parcial;03 Asturias, Principado de;10;2017;..
Jornada a tiempo parcial;03 Asturias, Principado de;10;2016;..
Jornada a tiempo parcial;03 Asturias, Principado de;10;2015;..
Jornada a tiempo parcial;03 Asturias, Principado de;10;2014;..
Jornada a tiempo parcial;03 Asturias, Principado de;10;2013;..
Jornada a tiempo parcial;03 Asturias, Principado de;10;2012;..
Jornada a tiempo parcial;03 Asturias, Principado de;10;2011;..
Jornada a tiempo parcial;03 Asturias, Principado de;10;2010;..
Jornada a tiempo parcial;03 Asturias, Principado de;10;2009;..
Jornada a tiempo parcial;03 Asturias, Principado de;10;2008;..
Jornada a tiempo parcial;03 Asturias, Principado de;10;2007;..
Jornada a tiempo parcial;03 Asturias, Principado de;10;2006;..
Jornada a tiempo parcial;04 Balears, Illes;Total;2024;1.032,9
Jornada a tiempo parcial;04 Balears, Illes;Total;2023;932,5
Jornada a tiempo parcial;04 Balears, Illes;Total;2022;1.041,9
Jornada a tiempo parcial;04 Balears, Illes;Total;2021;910,1
Jornada a tiempo parcial;04 Balears, Illes;Total;2020;791,0
Jornada a tiempo parcial;04 Balears, Illes;Total;2019;852,6
Jornada a tiempo parcial;04 Balears, Illes;Total;2018;777,1
Jornada a tiempo parcial;04 Balears, Illes;Total;2017;771,5
Jornada a tiempo parcial;04 Balears, Illes;Total;2016;785,8
Jornada a tiempo parcial;04 Balears, Illes;Total;2015;644,0
Jornada a tiempo parcial;04 Balears, Illes;Total;2014;649,9
Jornada a tiempo parcial;04 Balears, Illes;Total;2013;691,3
Jornada a tiempo parcial;04 Balears, Illes;Total;2012;686,3
Jornada a tiempo parcial;04 Balears, Illes;Total;2011;674,5
Jornada a tiempo parcial;04 Balears, Illes;Total;2010;695,3
Jornada a tiempo parcial;04 Balears, Illes;Total;2009;738,9
Jornada a tiempo parcial;04 Balears, Illes;Total;2008;711,9
Jornada a tiempo parcial;04 Balears, Illes;Total;2007;637,5
Jornada a tiempo parcial;04 Balears, Illes;Total;2006;639,0
Jornada a tiempo parcial;04 Balears, Illes;1;2024;671,4
Jornada a tiempo parcial;04 Balears, Illes;1;2023;639,5
Jornada a tiempo parcial;04 Balears, Illes;1;2022;593,9
Jornada a tiempo parcial;04 Balears, Illes;1;2021;571,4
Jornada a tiempo parcial;04 Balears, Illes;1;2020;450,0
Jornada a tiempo parcial;04 Balears, Illes;1;2019;493,2
Jornada a tiempo parcial;04 Balears, Illes;1;2018;452,6
Jornada a tiempo parcial;04 Balears, Illes;1;2017;472,7
Jornada a tiempo parcial;04 Balears, Illes;1;2016;466,8
Jornada a tiempo parcial;04 Balears, Illes;1;2015;385,7
Jornada a tiempo parcial;04 Balears, Illes;1;2014;349,7
Jornada a tiempo parcial;04 Balears, Illes;1;2013;386,8
Jornada a tiempo parcial;04 Balears, Illes;1;2012;404,9
Jornada a tiempo parcial;04 Balears, Illes;1;2011;441,2
Jornada a tiempo parcial;04 Balears, Illes;1;2010;465,4
Jornada a tiempo parcial;04 Balears, Illes;1;2009;491,3
Jornada a tiempo parcial;04 Balears, Illes;1;2008;465,8
Jornada a tiempo parcial;04 Balears, Illes;1;2007;460,2
Jornada a tiempo parcial;04 Balears, Illes;1;2006;460,0
Jornada a tiempo parcial;04 Balears, Illes;2;2024;1.223,8
Jornada a tiempo parcial;04 Balears, Illes;2;2023;1.142,2
Jornada a tiempo parcial;04 Balears, Illes;2;2022;1.073,6
Jornada a tiempo parcial;04 Balears, Illes;2;2021;1.002,6
Jornada a tiempo parcial;04 Balears, Illes;2;2020;1.001,7
Jornada a tiempo parcial;04 Balears, Illes;2;2019;958,5
Jornada a tiempo parcial;04 Balears, Illes;2;2018;881,1
Jornada a tiempo parcial;04 Balears, Illes;2;2017;811,9
Jornada a tiempo parcial;04 Balears, Illes;2;2016;841,9
Jornada a tiempo parcial;04 Balears, Illes;2;2015;811,1
Jornada a tiempo parcial;04 Balears, Illes;2;2014;766,6
Jornada a tiempo parcial;04 Balears, Illes;2;2013;764,0
Jornada a tiempo parcial;04 Balears, Illes;2;2012;804,0
Jornada a tiempo parcial;04 Balears, Illes;2;2011;818,5
Jornada a tiempo parcial;04 Balears, Illes;2;2010;840,0
Jornada a tiempo parcial;04 Balears, Illes;2;2009;818,0
Jornada a tiempo parcial;04 Balears, Illes;2;2008;888,8
Jornada a tiempo parcial;04 Balears, Illes;2;2007;823,6
Jornada a tiempo parcial;04 Balears, Illes;2;2006;752,4
Jornada a tiempo parcial;04 Balears, Illes;3;2024;1.467,3
Jornada a tiempo parcial;04 Balears, Illes;3;2023;1.403,3
Jornada a tiempo parcial;04 Balears, Illes;3;2022;1.289,1
Jornada a tiempo parcial;04 Balears, Illes;3;2021;1.265,1
Jornada a tiempo parcial;04 Balears, Illes;3;2020;1.229,5
Jornada a tiempo parcial;04 Balears, Illes;3;2019;1.218,9
Jornada a tiempo parcial;04 Balears, Illes;3;2018;1.151,8
Jornada a tiempo parcial;04 Balears, Illes;3;2017;1.106,1
Jornada a tiempo parcial;04 Balears, Illes;3;2016;1.101,7
Jornada a tiempo parcial;04 Balears, Illes;3;2015;1.070,2
Jornada a tiempo parcial;04 Balears, Illes;3;2014;1.042,4
Jornada a tiempo parcial;04 Balears, Illes;3;2013;1.083,3
Jornada a tiempo parcial;04 Balears, Illes;3;2012;1.123,3
Jornada a tiempo parcial;04 Balears, Illes;3;2011;1.147,6
Jornada a tiempo parcial;04 Balears, Illes;3;2010;1.115,6
Jornada a tiempo parcial;04 Balears, Illes;3;2009;1.087,1
Jornada a tiempo parcial;04 Balears, Illes;3;2008;1.100,4
Jornada a tiempo parcial;04 Balears, Illes;3;2007;1.068,1
Jornada a tiempo parcial;04 Balears, Illes;3;2006;979,9
Jornada a tiempo parcial;04 Balears, Illes;4;2024;1.687,7
Jornada a tiempo parcial;04 Balears, Illes;4;2023;1.617,2
Jornada a tiempo parcial;04 Balears, Illes;4;2022;1.485,6
Jornada a tiempo parcial;04 Balears, Illes;4;2021;1.459,7
Jornada a tiempo parcial;04 Balears, Illes;4;2020;1.453,4
Jornada a tiempo parcial;04 Balears, Illes;4;2019;1.450,5
Jornada a tiempo parcial;04 Balears, Illes;4;2018;1.333,6
Jornada a tiempo parcial;04 Balears, Illes;4;2017;1.315,7
Jornada a tiempo parcial;04 Balears, Illes;4;2016;1.326,1
Jornada a tiempo parcial;04 Balears, Illes;4;2015;1.270,6
Jornada a tiempo parcial;04 Balears, Illes;4;2014;1.332,8
Jornada a tiempo parcial;04 Balears, Illes;4;2013;1.302,6
Jornada a tiempo parcial;04 Balears, Illes;4;2012;1.315,0
Jornada a tiempo parcial;04 Balears, Illes;4;2011;1.321,0
Jornada a tiempo parcial;04 Balears, Illes;4;2010;1.295,2
Jornada a tiempo parcial;04 Balears, Illes;4;2009;1.318,6
Jornada a tiempo parcial;04 Balears, Illes;4;2008;1.222,9
Jornada a tiempo parcial;04 Balears, Illes;4;2007;1.171,1
Jornada a tiempo parcial;04 Balears, Illes;4;2006;1.124,5
Jornada a tiempo parcial;04 Balears, Illes;5;2024;1.910,6
Jornada a tiempo parcial;04 Balears, Illes;5;2023;1.803,4
Jornada a tiempo parcial;04 Balears, Illes;5;2022;1.677,9
Jornada a tiempo parcial;04 Balears, Illes;5;2021;1.673,7
Jornada a tiempo parcial;04 Balears, Illes;5;2020;1.669,2
Jornada a tiempo parcial;04 Balears, Illes;5;2019;1.633,4
Jornada a tiempo parcial;04 Balears, Illes;5;2018;1.632,4
Jornada a tiempo parcial;04 Balears, Illes;5;2017;..
Jornada a tiempo parcial;04 Balears, Illes;5;2016;1.472,1
Jornada a tiempo parcial;04 Balears, Illes;5;2015;..
Jornada a tiempo parcial;04 Balears, Illes;5;2014;..
Jornada a tiempo parcial;04 Balears, Illes;5;2013;1.552,4
Jornada a tiempo parcial;04 Balears, Illes;5;2012;1.507,0
Jornada a tiempo parcial;04 Balears, Illes;5;2011;1.419,0
Jornada a tiempo parcial;04 Balears, Illes;5;2010;1.495,9
Jornada a tiempo parcial;04 Balears, Illes;5;2009;1.374,2
Jornada a tiempo parcial;04 Balears, Illes;5;2008;1.401,3
Jornada a tiempo parcial;04 Balears, Illes;5;2007;1.340,5
Jornada a tiempo parcial;04 Balears, Illes;5;2006;1.307,3
Jornada a tiempo parcial;04 Balears, Illes;6;2024;2.092,7
Jornada a tiempo parcial;04 Balears, Illes;6;2023;2.157,2
Jornada a tiempo parcial;04 Balears, Illes;6;2022;1.898,4
Jornada a tiempo parcial;04 Balears, Illes;6;2021;1.768,7
Jornada a tiempo parcial;04 Balears, Illes;6;2020;..
Jornada a tiempo parcial;04 Balears, Illes;6;2019;1.752,5
Jornada a tiempo parcial;04 Balears, Illes;6;2018;1.749,7
Jornada a tiempo parcial;04 Balears, Illes;6;2017;..
Jornada a tiempo parcial;04 Balears, Illes;6;2016;1.656,0
Jornada a tiempo parcial;04 Balears, Illes;6;2015;..
Jornada a tiempo parcial;04 Balears, Illes;6;2014;1.702,2
Jornada a tiempo parcial;04 Balears, Illes;6;2013;..
Jornada a tiempo parcial;04 Balears, Illes;6;2012;1.728,1
Jornada a tiempo parcial;04 Balears, Illes;6;2011;..
Jornada a tiempo parcial;04 Balears, Illes;6;2010;1.630,6
Jornada a tiempo parcial;04 Balears, Illes;6;2009;1.621,4
Jornada a tiempo parcial;04 Balears, Illes;6;2008;1.516,9
Jornada a tiempo parcial;04 Balears, Illes;6;2007;1.481,6
Jornada a tiempo parcial;04 Balears, Illes;6;2006;1.451,8
Jornada a tiempo parcial;04 Balears, Illes;7;2024;..
Jornada a tiempo parcial;04 Balears, Illes;7;2023;2.201,3
Jornada a tiempo parcial;04 Balears, Illes;7;2022;2.260,6
Jornada a tiempo parcial;04 Balears, Illes;7;2021;2.039,8
Jornada a tiempo parcial;04 Balears, Illes;7;2020;2.034,7
Jornada a tiempo parcial;04 Balears, Illes;7;2019;..
Jornada a tiempo parcial;04 Balears, Illes;7;2018;2.012,9
Jornada a tiempo parcial;04 Balears, Illes;7;2017;2.109,5
Jornada a tiempo parcial;04 Balears, Illes;7;2016;..
Jornada a tiempo parcial;04 Balears, Illes;7;2015;1.823,0
Jornada a tiempo parcial;04 Balears, Illes;7;2014;1.898,4
Jornada a tiempo parcial;04 Balears, Illes;7;2013;1.965,2
Jornada a tiempo parcial;04 Balears, Illes;7;2012;1.906,8
Jornada a tiempo parcial;04 Balears, Illes;7;2011;..
Jornada a tiempo parcial;04 Balears, Illes;7;2010;1.804,3
Jornada a tiempo parcial;04 Balears, Illes;7;2009;..
Jornada a tiempo parcial;04 Balears, Illes;7;2008;1.736,2
Jornada a tiempo parcial;04 Balears, Illes;7;2007;1.708,7
Jornada a tiempo parcial;04 Balears, Illes;7;2006;..
Jornada a tiempo parcial;04 Balears, Illes;8;2024;..
Jornada a tiempo parcial;04 Balears, Illes;8;2023;..
Jornada a tiempo parcial;04 Balears, Illes;8;2022;2.526,5
Jornada a tiempo parcial;04 Balears, Illes;8;2021;2.334,9
Jornada a tiempo parcial;04 Balears, Illes;8;2020;2.691,8
Jornada a tiempo parcial;04 Balears, Illes;8;2019;..
Jornada a tiempo parcial;04 Balears, Illes;8;2018;..
Jornada a tiempo parcial;04 Balears, Illes;8;2017;2.249,6
Jornada a tiempo parcial;04 Balears, Illes;8;2016;2.315,1
Jornada a tiempo parcial;04 Balears, Illes;8;2015;2.262,2
Jornada a tiempo parcial;04 Balears, Illes;8;2014;2.379,6
Jornada a tiempo parcial;04 Balears, Illes;8;2013;..
Jornada a tiempo parcial;04 Balears, Illes;8;2012;..
Jornada a tiempo parcial;04 Balears, Illes;8;2011;2.098,8
Jornada a tiempo parcial;04 Balears, Illes;8;2010;2.433,4
Jornada a tiempo parcial;04 Balears, Illes;8;2009;2.304,3
Jornada a tiempo parcial;04 Balears, Illes;8;2008;2.274,0
Jornada a tiempo parcial;04 Balears, Illes;8;2007;..
Jornada a tiempo parcial;04 Balears, Illes;8;2006;1.948,0
Jornada a tiempo parcial;04 Balears, Illes;9;2024;3.426,4
Jornada a tiempo parcial;04 Balears, Illes;9;2023;3.190,6
Jornada a tiempo parcial;04 Balears, Illes;9;2022;..
Jornada a tiempo parcial;04 Balears, Illes;9;2021;3.027,7
Jornada a tiempo parcial;04 Balears, Illes;9;2020;..
Jornada a tiempo parcial;04 Balears, Illes;9;2019;2.804,2
Jornada a tiempo parcial;04 Balears, Illes;9;2018;2.745,5
Jornada a tiempo parcial;04 Balears, Illes;9;2017;2.872,8
Jornada a tiempo parcial;04 Balears, Illes;9;2016;..
Jornada a tiempo parcial;04 Balears, Illes;9;2015;..
Jornada a tiempo parcial;04 Balears, Illes;9;2014;..
Jornada a tiempo parcial;04 Balears, Illes;9;2013;..
Jornada a tiempo parcial;04 Balears, Illes;9;2012;..
Jornada a tiempo parcial;04 Balears, Illes;9;2011;..
Jornada a tiempo parcial;04 Balears, Illes;9;2010;2.580,0
Jornada a tiempo parcial;04 Balears, Illes;9;2009;2.751,2
Jornada a tiempo parcial;04 Balears, Illes;9;2008;2.699,2
Jornada a tiempo parcial;04 Balears, Illes;9;2007;..
Jornada a tiempo parcial;04 Balears, Illes;9;2006;..
Jornada a tiempo parcial;04 Balears, Illes;10;2024;..
Jornada a tiempo parcial;04 Balears, Illes;10;2023;..
Jornada a tiempo parcial;04 Balears, Illes;10;2022;..
Jornada a tiempo parcial;04 Balears, Illes;10;2021;..
Jornada a tiempo parcial;04 Balears, Illes;10;2020;..
Jornada a tiempo parcial;04 Balears, Illes;10;2019;..
Jornada a tiempo parcial;04 Balears, Illes;10;2018;..
Jornada a tiempo parcial;04 Balears, Illes;10;2017;..
Jornada a tiempo parcial;04 Balears, Illes;10;2016;..
Jornada a tiempo parcial;04 Balears, Illes;10;2015;..
Jornada a tiempo parcial;04 Balears, Illes;10;2014;..
Jornada a tiempo parcial;04 Balears, Illes;10;2013;..
Jornada a tiempo parcial;04 Balears, Illes;10;2012;..
Jornada a tiempo parcial;04 Balears, Illes;10;2011;..
Jornada a tiempo parcial;04 Balears, Illes;10;2010;..
Jornada a tiempo parcial;04 Balears, Illes;10;2009;..
Jornada a tiempo parcial;04 Balears, Illes;10;2008;..
Jornada a tiempo parcial;04 Balears, Illes;10;2007;..
Jornada a tiempo parcial;04 Balears, Illes;10;2006;..
Jornada a tiempo parcial;05 Canarias;Total;2024;884,1
Jornada a tiempo parcial;05 Canarias;Total;2023;911,5
Jornada a tiempo parcial;05 Canarias;Total;2022;777,5
Jornada a tiempo parcial;05 Canarias;Total;2021;828,1
Jornada a tiempo parcial;05 Canarias;Total;2020;686,0
Jornada a tiempo parcial;05 Canarias;Total;2019;734,2
Jornada a tiempo parcial;05 Canarias;Total;2018;715,0
Jornada a tiempo parcial;05 Canarias;Total;2017;689,1
Jornada a tiempo parcial;05 Canarias;Total;2016;686,4
Jornada a tiempo parcial;05 Canarias;Total;2015;633,9
Jornada a tiempo parcial;05 Canarias;Total;2014;577,4
Jornada a tiempo parcial;05 Canarias;Total;2013;624,0
Jornada a tiempo parcial;05 Canarias;Total;2012;628,3
Jornada a tiempo parcial;05 Canarias;Total;2011;607,3
Jornada a tiempo parcial;05 Canarias;Total;2010;667,3
Jornada a tiempo parcial;05 Canarias;Total;2009;643,9
Jornada a tiempo parcial;05 Canarias;Total;2008;646,1
Jornada a tiempo parcial;05 Canarias;Total;2007;621,6
Jornada a tiempo parcial;05 Canarias;Total;2006;621,2
Jornada a tiempo parcial;05 Canarias;1;2024;711,4
Jornada a tiempo parcial;05 Canarias;1;2023;676,3
Jornada a tiempo parcial;05 Canarias;1;2022;651,7
Jornada a tiempo parcial;05 Canarias;1;2021;527,2
Jornada a tiempo parcial;05 Canarias;1;2020;529,0
Jornada a tiempo parcial;05 Canarias;1;2019;569,7
Jornada a tiempo parcial;05 Canarias;1;2018;471,2
Jornada a tiempo parcial;05 Canarias;1;2017;479,2
Jornada a tiempo parcial;05 Canarias;1;2016;463,4
Jornada a tiempo parcial;05 Canarias;1;2015;417,1
Jornada a tiempo parcial;05 Canarias;1;2014;391,4
Jornada a tiempo parcial;05 Canarias;1;2013;421,5
Jornada a tiempo parcial;05 Canarias;1;2012;426,1
Jornada a tiempo parcial;05 Canarias;1;2011;427,3
Jornada a tiempo parcial;05 Canarias;1;2010;475,0
Jornada a tiempo parcial;05 Canarias;1;2009;496,8
Jornada a tiempo parcial;05 Canarias;1;2008;501,9
Jornada a tiempo parcial;05 Canarias;1;2007;451,3
Jornada a tiempo parcial;05 Canarias;1;2006;452,9
Jornada a tiempo parcial;05 Canarias;2;2024;1.211,6
Jornada a tiempo parcial;05 Canarias;2;2023;1.131,8
Jornada a tiempo parcial;05 Canarias;2;2022;1.098,7
Jornada a tiempo parcial;05 Canarias;2;2021;959,9
Jornada a tiempo parcial;05 Canarias;2;2020;918,3
Jornada a tiempo parcial;05 Canarias;2;2019;967,3
Jornada a tiempo parcial;05 Canarias;2;2018;847,5
Jornada a tiempo parcial;05 Canarias;2;2017;819,3
Jornada a tiempo parcial;05 Canarias;2;2016;823,7
Jornada a tiempo parcial;05 Canarias;2;2015;798,0
Jornada a tiempo parcial;05 Canarias;2;2014;776,1
Jornada a tiempo parcial;05 Canarias;2;2013;778,2
Jornada a tiempo parcial;05 Canarias;2;2012;801,3
Jornada a tiempo parcial;05 Canarias;2;2011;819,7
Jornada a tiempo parcial;05 Canarias;2;2010;854,9
Jornada a tiempo parcial;05 Canarias;2;2009;849,5
Jornada a tiempo parcial;05 Canarias;2;2008;859,2
Jornada a tiempo parcial;05 Canarias;2;2007;808,7
Jornada a tiempo parcial;05 Canarias;2;2006;768,7
Jornada a tiempo parcial;05 Canarias;3;2024;1.471,7
Jornada a tiempo parcial;05 Canarias;3;2023;1.406,2
Jornada a tiempo parcial;05 Canarias;3;2022;1.333,5
Jornada a tiempo parcial;05 Canarias;3;2021;1.266,9
Jornada a tiempo parcial;05 Canarias;3;2020;1.213,3
Jornada a tiempo parcial;05 Canarias;3;2019;1.215,3
Jornada a tiempo parcial;05 Canarias;3;2018;1.137,2
Jornada a tiempo parcial;05 Canarias;3;2017;1.094,7
Jornada a tiempo parcial;05 Canarias;3;2016;1.084,4
Jornada a tiempo parcial;05 Canarias;3;2015;1.100,7
Jornada a tiempo parcial;05 Canarias;3;2014;1.063,9
Jornada a tiempo parcial;05 Canarias;3;2013;1.059,3
Jornada a tiempo parcial;05 Canarias;3;2012;1.146,2
Jornada a tiempo parcial;05 Canarias;3;2011;1.105,5
Jornada a tiempo parcial;05 Canarias;3;2010;1.099,0
Jornada a tiempo parcial;05 Canarias;3;2009;1.146,0
Jornada a tiempo parcial;05 Canarias;3;2008;1.107,4
Jornada a tiempo parcial;05 Canarias;3;2007;998,4
Jornada a tiempo parcial;05 Canarias;3;2006;969,2
Jornada a tiempo parcial;05 Canarias;4;2024;1.718,8
Jornada a tiempo parcial;05 Canarias;4;2023;1.651,4
Jornada a tiempo parcial;05 Canarias;4;2022;1.514,6
Jornada a tiempo parcial;05 Canarias;4;2021;1.444,9
Jornada a tiempo parcial;05 Canarias;4;2020;1.397,1
Jornada a tiempo parcial;05 Canarias;4;2019;1.409,6
Jornada a tiempo parcial;05 Canarias;4;2018;1.391,9
Jornada a tiempo parcial;05 Canarias;4;2017;1.319,6
Jornada a tiempo parcial;05 Canarias;4;2016;1.316,8
Jornada a tiempo parcial;05 Canarias;4;2015;1.280,2
Jornada a tiempo parcial;05 Canarias;4;2014;1.336,1
Jornada a tiempo parcial;05 Canarias;4;2013;1.314,3
Jornada a tiempo parcial;05 Canarias;4;2012;1.269,9
Jornada a tiempo parcial;05 Canarias;4;2011;1.306,9
Jornada a tiempo parcial;05 Canarias;4;2010;1.282,7
Jornada a tiempo parcial;05 Canarias;4;2009;1.348,7
Jornada a tiempo parcial;05 Canarias;4;2008;1.239,8
Jornada a tiempo parcial;05 Canarias;4;2007;1.182,1
Jornada a tiempo parcial;05 Canarias;4;2006;1.149,0
Jornada a tiempo parcial;05 Canarias;5;2024;..
Jornada a tiempo parcial;05 Canarias;5;2023;1.770,2
Jornada a tiempo parcial;05 Canarias;5;2022;1.782,4
Jornada a tiempo parcial;05 Canarias;5;2021;1.664,7
Jornada a tiempo parcial;05 Canarias;5;2020;..
Jornada a tiempo parcial;05 Canarias;5;2019;1.624,4
Jornada a tiempo parcial;05 Canarias;5;2018;1.532,7
Jornada a tiempo parcial;05 Canarias;5;2017;1.458,0
Jornada a tiempo parcial;05 Canarias;5;2016;1.469,3
Jornada a tiempo parcial;05 Canarias;5;2015;1.519,1
Jornada a tiempo parcial;05 Canarias;5;2014;1.450,6
Jornada a tiempo parcial;05 Canarias;5;2013;1.427,6
Jornada a tiempo parcial;05 Canarias;5;2012;1.546,7
Jornada a tiempo parcial;05 Canarias;5;2011;1.523,1
Jornada a tiempo parcial;05 Canarias;5;2010;1.525,6
Jornada a tiempo parcial;05 Canarias;5;2009;1.374,2
Jornada a tiempo parcial;05 Canarias;5;2008;1.368,6
Jornada a tiempo parcial;05 Canarias;5;2007;1.293,0
Jornada a tiempo parcial;05 Canarias;5;2006;1.264,7
Jornada a tiempo parcial;05 Canarias;6;2024;2.132,4
Jornada a tiempo parcial;05 Canarias;6;2023;2.154,7
Jornada a tiempo parcial;05 Canarias;6;2022;..
Jornada a tiempo parcial;05 Canarias;6;2021;1.817,6
Jornada a tiempo parcial;05 Canarias;6;2020;1.815,3
Jornada a tiempo parcial;05 Canarias;6;2019;1.787,7
Jornada a tiempo parcial;05 Canarias;6;2018;1.782,9
Jornada a tiempo parcial;05 Canarias;6;2017;1.645,2
Jornada a tiempo parcial;05 Canarias;6;2016;1.720,4
Jornada a tiempo parcial;05 Canarias;6;2015;..
Jornada a tiempo parcial;05 Canarias;6;2014;..
Jornada a tiempo parcial;05 Canarias;6;2013;1.669,4
Jornada a tiempo parcial;05 Canarias;6;2012;1.587,4
Jornada a tiempo parcial;05 Canarias;6;2011;1.786,2
Jornada a tiempo parcial;05 Canarias;6;2010;1.661,2
Jornada a tiempo parcial;05 Canarias;6;2009;1.695,7
Jornada a tiempo parcial;05 Canarias;6;2008;1.615,3
Jornada a tiempo parcial;05 Canarias;6;2007;1.464,4
Jornada a tiempo parcial;05 Canarias;6;2006;1.450,5
Jornada a tiempo parcial;05 Canarias;7;2024;..
Jornada a tiempo parcial;05 Canarias;7;2023;2.497,3
Jornada a tiempo parcial;05 Canarias;7;2022;2.068,2
Jornada a tiempo parcial;05 Canarias;7;2021;2.047,8
Jornada a tiempo parcial;05 Canarias;7;2020;2.085,6
Jornada a tiempo parcial;05 Canarias;7;2019;2.022,2
Jornada a tiempo parcial;05 Canarias;7;2018;..
Jornada a tiempo parcial;05 Canarias;7;2017;1.969,6
Jornada a tiempo parcial;05 Canarias;7;2016;1.828,4
Jornada a tiempo parcial;05 Canarias;7;2015;1.983,7
Jornada a tiempo parcial;05 Canarias;7;2014;..
Jornada a tiempo parcial;05 Canarias;7;2013;..
Jornada a tiempo parcial;05 Canarias;7;2012;1.811,0
Jornada a tiempo parcial;05 Canarias;7;2011;1.887,1
Jornada a tiempo parcial;05 Canarias;7;2010;..
Jornada a tiempo parcial;05 Canarias;7;2009;1.892,8
Jornada a tiempo parcial;05 Canarias;7;2008;1.778,7
Jornada a tiempo parcial;05 Canarias;7;2007;..
Jornada a tiempo parcial;05 Canarias;7;2006;1.722,8
Jornada a tiempo parcial;05 Canarias;8;2024;..
Jornada a tiempo parcial;05 Canarias;8;2023;2.854,1
Jornada a tiempo parcial;05 Canarias;8;2022;2.460,2
Jornada a tiempo parcial;05 Canarias;8;2021;..
Jornada a tiempo parcial;05 Canarias;8;2020;..
Jornada a tiempo parcial;05 Canarias;8;2019;2.490,2
Jornada a tiempo parcial;05 Canarias;8;2018;..
Jornada a tiempo parcial;05 Canarias;8;2017;2.390,2
Jornada a tiempo parcial;05 Canarias;8;2016;2.312,0
Jornada a tiempo parcial;05 Canarias;8;2015;2.346,6
Jornada a tiempo parcial;05 Canarias;8;2014;..
Jornada a tiempo parcial;05 Canarias;8;2013;2.382,3
Jornada a tiempo parcial;05 Canarias;8;2012;2.232,2
Jornada a tiempo parcial;05 Canarias;8;2011;2.150,5
Jornada a tiempo parcial;05 Canarias;8;2010;..
Jornada a tiempo parcial;05 Canarias;8;2009;2.144,9
Jornada a tiempo parcial;05 Canarias;8;2008;..
Jornada a tiempo parcial;05 Canarias;8;2007;1.998,8
Jornada a tiempo parcial;05 Canarias;8;2006;1.829,5
Jornada a tiempo parcial;05 Canarias;9;2024;3.609,1
Jornada a tiempo parcial;05 Canarias;9;2023;3.050,5
Jornada a tiempo parcial;05 Canarias;9;2022;3.075,3
Jornada a tiempo parcial;05 Canarias;9;2021;2.881,1
Jornada a tiempo parcial;05 Canarias;9;2020;..
Jornada a tiempo parcial;05 Canarias;9;2019;..
Jornada a tiempo parcial;05 Canarias;9;2018;2.745,5
Jornada a tiempo parcial;05 Canarias;9;2017;2.712,7
Jornada a tiempo parcial;05 Canarias;9;2016;..
Jornada a tiempo parcial;05 Canarias;9;2015;..
Jornada a tiempo parcial;05 Canarias;9;2014;..
Jornada a tiempo parcial;05 Canarias;9;2013;2.770,1
Jornada a tiempo parcial;05 Canarias;9;2012;2.624,0
Jornada a tiempo parcial;05 Canarias;9;2011;..
Jornada a tiempo parcial;05 Canarias;9;2010;2.640,4
Jornada a tiempo parcial;05 Canarias;9;2009;..
Jornada a tiempo parcial;05 Canarias;9;2008;2.795,0
Jornada a tiempo parcial;05 Canarias;9;2007;2.400,9
Jornada a tiempo parcial;05 Canarias;9;2006;2.479,3
Jornada a tiempo parcial;05 Canarias;10;2024;..
Jornada a tiempo parcial;05 Canarias;10;2023;..
Jornada a tiempo parcial;05 Canarias;10;2022;..
Jornada a tiempo parcial;05 Canarias;10;2021;..
Jornada a tiempo parcial;05 Canarias;10;2020;..
Jornada a tiempo parcial;05 Canarias;10;2019;..
Jornada a tiempo parcial;05 Canarias;10;2018;..
Jornada a tiempo parcial;05 Canarias;10;2017;..
Jornada a tiempo parcial;05 Canarias;10;2016;..
Jornada a tiempo parcial;05 Canarias;10;2015;..
Jornada a tiempo parcial;05 Canarias;10;2014;..
Jornada a tiempo parcial;05 Canarias;10;2013;..
Jornada a tiempo parcial;05 Canarias;10;2012;..
Jornada a tiempo parcial;05 Canarias;10;2011;..
Jornada a tiempo parcial;05 Canarias;10;2010;..
Jornada a tiempo parcial;05 Canarias;10;2009;..
Jornada a tiempo parcial;05 Canarias;10;2008;..
Jornada a tiempo parcial;05 Canarias;10;2007;..
Jornada a tiempo parcial;05 Canarias;10;2006;..
Jornada a tiempo parcial;06 Cantabria;Total;2024;982,6
Jornada a tiempo parcial;06 Cantabria;Total;2023;871,1
Jornada a tiempo parcial;06 Cantabria;Total;2022;912,1
Jornada a tiempo parcial;06 Cantabria;Total;2021;834,0
Jornada a tiempo parcial;06 Cantabria;Total;2020;771,2
Jornada a tiempo parcial;06 Cantabria;Total;2019;829,1
Jornada a tiempo parcial;06 Cantabria;Total;2018;821,1
Jornada a tiempo parcial;06 Cantabria;Total;2017;669,4
Jornada a tiempo parcial;06 Cantabria;Total;2016;783,5
Jornada a tiempo parcial;06 Cantabria;Total;2015;749,3
Jornada a tiempo parcial;06 Cantabria;Total;2014;636,1
Jornada a tiempo parcial;06 Cantabria;Total;2013;683,2
Jornada a tiempo parcial;06 Cantabria;Total;2012;698,7
Jornada a tiempo parcial;06 Cantabria;Total;2011;623,1
Jornada a tiempo parcial;06 Cantabria;Total;2010;623,1
Jornada a tiempo parcial;06 Cantabria;Total;2009;733,4
Jornada a tiempo parcial;06 Cantabria;Total;2008;647,8
Jornada a tiempo parcial;06 Cantabria;Total;2007;595,2
Jornada a tiempo parcial;06 Cantabria;Total;2006;681,3
Jornada a tiempo parcial;06 Cantabria;1;2024;736,8
Jornada a tiempo parcial;06 Cantabria;1;2023;619,7
Jornada a tiempo parcial;06 Cantabria;1;2022;655,0
Jornada a tiempo parcial;06 Cantabria;1;2021;554,1
Jornada a tiempo parcial;06 Cantabria;1;2020;492,8
Jornada a tiempo parcial;06 Cantabria;1;2019;491,3
Jornada a tiempo parcial;06 Cantabria;1;2018;427,3
Jornada a tiempo parcial;06 Cantabria;1;2017;456,5
Jornada a tiempo parcial;06 Cantabria;1;2016;490,2
Jornada a tiempo parcial;06 Cantabria;1;2015;428,4
Jornada a tiempo parcial;06 Cantabria;1;2014;360,4
Jornada a tiempo parcial;06 Cantabria;1;2013;387,3
Jornada a tiempo parcial;06 Cantabria;1;2012;437,3
Jornada a tiempo parcial;06 Cantabria;1;2011;444,3
Jornada a tiempo parcial;06 Cantabria;1;2010;451,0
Jornada a tiempo parcial;06 Cantabria;1;2009;514,3
Jornada a tiempo parcial;06 Cantabria;1;2008;488,3
Jornada a tiempo parcial;06 Cantabria;1;2007;447,1
Jornada a tiempo parcial;06 Cantabria;1;2006;413,3
Jornada a tiempo parcial;06 Cantabria;2;2024;1.197,2
Jornada a tiempo parcial;06 Cantabria;2;2023;1.139,2
Jornada a tiempo parcial;06 Cantabria;2;2022;1.083,3
Jornada a tiempo parcial;06 Cantabria;2;2021;987,5
Jornada a tiempo parcial;06 Cantabria;2;2020;957,5
Jornada a tiempo parcial;06 Cantabria;2;2019;934,6
Jornada a tiempo parcial;06 Cantabria;2;2018;890,6
Jornada a tiempo parcial;06 Cantabria;2;2017;838,5
Jornada a tiempo parcial;06 Cantabria;2;2016;818,8
Jornada a tiempo parcial;06 Cantabria;2;2015;812,8
Jornada a tiempo parcial;06 Cantabria;2;2014;808,2
Jornada a tiempo parcial;06 Cantabria;2;2013;789,8
Jornada a tiempo parcial;06 Cantabria;2;2012;823,5
Jornada a tiempo parcial;06 Cantabria;2;2011;820,3
Jornada a tiempo parcial;06 Cantabria;2;2010;817,0
Jornada a tiempo parcial;06 Cantabria;2;2009;826,3
Jornada a tiempo parcial;06 Cantabria;2;2008;820,5
Jornada a tiempo parcial;06 Cantabria;2;2007;793,9
Jornada a tiempo parcial;06 Cantabria;2;2006;750,5
Jornada a tiempo parcial;06 Cantabria;3;2024;1.479,0
Jornada a tiempo parcial;06 Cantabria;3;2023;1.465,8
Jornada a tiempo parcial;06 Cantabria;3;2022;1.300,7
Jornada a tiempo parcial;06 Cantabria;3;2021;1.243,1
Jornada a tiempo parcial;06 Cantabria;3;2020;1.192,4
Jornada a tiempo parcial;06 Cantabria;3;2019;1.234,0
Jornada a tiempo parcial;06 Cantabria;3;2018;1.117,5
Jornada a tiempo parcial;06 Cantabria;3;2017;1.111,3
Jornada a tiempo parcial;06 Cantabria;3;2016;1.125,6
Jornada a tiempo parcial;06 Cantabria;3;2015;1.065,6
Jornada a tiempo parcial;06 Cantabria;3;2014;1.081,6
Jornada a tiempo parcial;06 Cantabria;3;2013;1.076,1
Jornada a tiempo parcial;06 Cantabria;3;2012;1.135,8
Jornada a tiempo parcial;06 Cantabria;3;2011;1.127,5
Jornada a tiempo parcial;06 Cantabria;3;2010;1.117,6
Jornada a tiempo parcial;06 Cantabria;3;2009;1.155,9
Jornada a tiempo parcial;06 Cantabria;3;2008;1.134,9
Jornada a tiempo parcial;06 Cantabria;3;2007;1.013,9
Jornada a tiempo parcial;06 Cantabria;3;2006;1.011,1
Jornada a tiempo parcial;06 Cantabria;4;2024;1.674,8
Jornada a tiempo parcial;06 Cantabria;4;2023;1.641,0
Jornada a tiempo parcial;06 Cantabria;4;2022;1.516,5
Jornada a tiempo parcial;06 Cantabria;4;2021;1.512,6
Jornada a tiempo parcial;06 Cantabria;4;2020;1.414,9
Jornada a tiempo parcial;06 Cantabria;4;2019;1.460,9
Jornada a tiempo parcial;06 Cantabria;4;2018;1.328,2
Jornada a tiempo parcial;06 Cantabria;4;2017;1.367,2
Jornada a tiempo parcial;06 Cantabria;4;2016;1.319,8
Jornada a tiempo parcial;06 Cantabria;4;2015;1.309,9
Jornada a tiempo parcial;06 Cantabria;4;2014;1.296,0
Jornada a tiempo parcial;06 Cantabria;4;2013;1.332,3
Jornada a tiempo parcial;06 Cantabria;4;2012;1.324,6
Jornada a tiempo parcial;06 Cantabria;4;2011;1.286,1
Jornada a tiempo parcial;06 Cantabria;4;2010;1.307,5
Jornada a tiempo parcial;06 Cantabria;4;2009;1.302,9
Jornada a tiempo parcial;06 Cantabria;4;2008;1.271,9
Jornada a tiempo parcial;06 Cantabria;4;2007;1.176,7
Jornada a tiempo parcial;06 Cantabria;4;2006;1.112,1
Jornada a tiempo parcial;06 Cantabria;5;2024;1.889,9
Jornada a tiempo parcial;06 Cantabria;5;2023;1.835,9
Jornada a tiempo parcial;06 Cantabria;5;2022;1.695,7
Jornada a tiempo parcial;06 Cantabria;5;2021;1.639,1
Jornada a tiempo parcial;06 Cantabria;5;2020;1.538,9
Jornada a tiempo parcial;06 Cantabria;5;2019;1.637,7
Jornada a tiempo parcial;06 Cantabria;5;2018;1.566,9
Jornada a tiempo parcial;06 Cantabria;5;2017;1.553,8
Jornada a tiempo parcial;06 Cantabria;5;2016;1.501,1
Jornada a tiempo parcial;06 Cantabria;5;2015;1.564,5
Jornada a tiempo parcial;06 Cantabria;5;2014;1.460,6
Jornada a tiempo parcial;06 Cantabria;5;2013;1.493,5
Jornada a tiempo parcial;06 Cantabria;5;2012;1.507,0
Jornada a tiempo parcial;06 Cantabria;5;2011;1.516,5
Jornada a tiempo parcial;06 Cantabria;5;2010;1.472,9
Jornada a tiempo parcial;06 Cantabria;5;2009;1.380,7
Jornada a tiempo parcial;06 Cantabria;5;2008;1.396,7
Jornada a tiempo parcial;06 Cantabria;5;2007;1.321,9
Jornada a tiempo parcial;06 Cantabria;5;2006;1.285,1
Jornada a tiempo parcial;06 Cantabria;6;2024;2.086,3
Jornada a tiempo parcial;06 Cantabria;6;2023;1.989,6
Jornada a tiempo parcial;06 Cantabria;6;2022;1.895,3
Jornada a tiempo parcial;06 Cantabria;6;2021;1.794,0
Jornada a tiempo parcial;06 Cantabria;6;2020;..
Jornada a tiempo parcial;06 Cantabria;6;2019;1.759,0
Jornada a tiempo parcial;06 Cantabria;6;2018;1.830,8
Jornada a tiempo parcial;06 Cantabria;6;2017;1.706,4
Jornada a tiempo parcial;06 Cantabria;6;2016;1.731,8
Jornada a tiempo parcial;06 Cantabria;6;2015;1.710,4
Jornada a tiempo parcial;06 Cantabria;6;2014;1.665,2
Jornada a tiempo parcial;06 Cantabria;6;2013;1.647,4
Jornada a tiempo parcial;06 Cantabria;6;2012;1.627,1
Jornada a tiempo parcial;06 Cantabria;6;2011;..
Jornada a tiempo parcial;06 Cantabria;6;2010;..
Jornada a tiempo parcial;06 Cantabria;6;2009;..
Jornada a tiempo parcial;06 Cantabria;6;2008;..
Jornada a tiempo parcial;06 Cantabria;6;2007;1.483,7
Jornada a tiempo parcial;06 Cantabria;6;2006;1.466,7
Jornada a tiempo parcial;06 Cantabria;7;2024;2.575,9
Jornada a tiempo parcial;06 Cantabria;7;2023;..
Jornada a tiempo parcial;06 Cantabria;7;2022;..
Jornada a tiempo parcial;06 Cantabria;7;2021;2.117,4
Jornada a tiempo parcial;06 Cantabria;7;2020;..
Jornada a tiempo parcial;06 Cantabria;7;2019;2.096,4
Jornada a tiempo parcial;06 Cantabria;7;2018;2.091,7
Jornada a tiempo parcial;06 Cantabria;7;2017;..
Jornada a tiempo parcial;06 Cantabria;7;2016;..
Jornada a tiempo parcial;06 Cantabria;7;2015;1.946,7
Jornada a tiempo parcial;06 Cantabria;7;2014;1.886,5
Jornada a tiempo parcial;06 Cantabria;7;2013;2.092,9
Jornada a tiempo parcial;06 Cantabria;7;2012;1.895,2
Jornada a tiempo parcial;06 Cantabria;7;2011;..
Jornada a tiempo parcial;06 Cantabria;7;2010;2.074,2
Jornada a tiempo parcial;06 Cantabria;7;2009;1.837,3
Jornada a tiempo parcial;06 Cantabria;7;2008;1.757,6
Jornada a tiempo parcial;06 Cantabria;7;2007;1.587,7
Jornada a tiempo parcial;06 Cantabria;7;2006;1.542,6
Jornada a tiempo parcial;06 Cantabria;8;2024;..
Jornada a tiempo parcial;06 Cantabria;8;2023;..
Jornada a tiempo parcial;06 Cantabria;8;2022;2.386,1
Jornada a tiempo parcial;06 Cantabria;8;2021;2.334,7
Jornada a tiempo parcial;06 Cantabria;8;2020;2.647,6
Jornada a tiempo parcial;06 Cantabria;8;2019;2.247,6
Jornada a tiempo parcial;06 Cantabria;8;2018;2.305,6
Jornada a tiempo parcial;06 Cantabria;8;2017;..
Jornada a tiempo parcial;06 Cantabria;8;2016;..
Jornada a tiempo parcial;06 Cantabria;8;2015;..
Jornada a tiempo parcial;06 Cantabria;8;2014;..
Jornada a tiempo parcial;06 Cantabria;8;2013;2.299,4
Jornada a tiempo parcial;06 Cantabria;8;2012;..
Jornada a tiempo parcial;06 Cantabria;8;2011;..
Jornada a tiempo parcial;06 Cantabria;8;2010;..
Jornada a tiempo parcial;06 Cantabria;8;2009;2.216,3
Jornada a tiempo parcial;06 Cantabria;8;2008;..
Jornada a tiempo parcial;06 Cantabria;8;2007;1.897,5
Jornada a tiempo parcial;06 Cantabria;8;2006;2.039,4
Jornada a tiempo parcial;06 Cantabria;9;2024;..
Jornada a tiempo parcial;06 Cantabria;9;2023;..
Jornada a tiempo parcial;06 Cantabria;9;2022;2.868,4
Jornada a tiempo parcial;06 Cantabria;9;2021;..
Jornada a tiempo parcial;06 Cantabria;9;2020;..
Jornada a tiempo parcial;06 Cantabria;9;2019;..
Jornada a tiempo parcial;06 Cantabria;9;2018;..
Jornada a tiempo parcial;06 Cantabria;9;2017;..
Jornada a tiempo parcial;06 Cantabria;9;2016;..
Jornada a tiempo parcial;06 Cantabria;9;2015;2.877,9
Jornada a tiempo parcial;06 Cantabria;9;2014;..
Jornada a tiempo parcial;06 Cantabria;9;2013;..
Jornada a tiempo parcial;06 Cantabria;9;2012;2.666,7
Jornada a tiempo parcial;06 Cantabria;9;2011;..
Jornada a tiempo parcial;06 Cantabria;9;2010;..
Jornada a tiempo parcial;06 Cantabria;9;2009;..
Jornada a tiempo parcial;06 Cantabria;9;2008;2.396,8
Jornada a tiempo parcial;06 Cantabria;9;2007;..
Jornada a tiempo parcial;06 Cantabria;9;2006;2.494,4
Jornada a tiempo parcial;06 Cantabria;10;2024;..
Jornada a tiempo parcial;06 Cantabria;10;2023;..
Jornada a tiempo parcial;06 Cantabria;10;2022;..
Jornada a tiempo parcial;06 Cantabria;10;2021;..
Jornada a tiempo parcial;06 Cantabria;10;2020;..
Jornada a tiempo parcial;06 Cantabria;10;2019;..
Jornada a tiempo parcial;06 Cantabria;10;2018;..
Jornada a tiempo parcial;06 Cantabria;10;2017;..
Jornada a tiempo parcial;06 Cantabria;10;2016;..
Jornada a tiempo parcial;06 Cantabria;10;2015;..
Jornada a tiempo parcial;06 Cantabria;10;2014;..
Jornada a tiempo parcial;06 Cantabria;10;2013;..
Jornada a tiempo parcial;06 Cantabria;10;2012;..
Jornada a tiempo parcial;06 Cantabria;10;2011;..
Jornada a tiempo parcial;06 Cantabria;10;2010;..
Jornada a tiempo parcial;06 Cantabria;10;2009;..
Jornada a tiempo parcial;06 Cantabria;10;2008;..
Jornada a tiempo parcial;06 Cantabria;10;2007;..
Jornada a tiempo parcial;06 Cantabria;10;2006;..
Jornada a tiempo parcial;07 Castilla y León;Total;2024;942,1
Jornada a tiempo parcial;07 Castilla y León;Total;2023;938,1
Jornada a tiempo parcial;07 Castilla y León;Total;2022;867,8
Jornada a tiempo parcial;07 Castilla y León;Total;2021;832,4
Jornada a tiempo parcial;07 Castilla y León;Total;2020;804,3
Jornada a tiempo parcial;07 Castilla y León;Total;2019;809,5
Jornada a tiempo parcial;07 Castilla y León;Total;2018;739,0
Jornada a tiempo parcial;07 Castilla y León;Total;2017;691,3
Jornada a tiempo parcial;07 Castilla y León;Total;2016;717,6
Jornada a tiempo parcial;07 Castilla y León;Total;2015;652,8
Jornada a tiempo parcial;07 Castilla y León;Total;2014;644,1
Jornada a tiempo parcial;07 Castilla y León;Total;2013;686,2
Jornada a tiempo parcial;07 Castilla y León;Total;2012;700,6
Jornada a tiempo parcial;07 Castilla y León;Total;2011;729,8
Jornada a tiempo parcial;07 Castilla y León;Total;2010;700,8
Jornada a tiempo parcial;07 Castilla y León;Total;2009;676,7
Jornada a tiempo parcial;07 Castilla y León;Total;2008;692,7
Jornada a tiempo parcial;07 Castilla y León;Total;2007;630,3
Jornada a tiempo parcial;07 Castilla y León;Total;2006;577,9
Jornada a tiempo parcial;07 Castilla y León;1;2024;694,7
Jornada a tiempo parcial;07 Castilla y León;1;2023;635,4
Jornada a tiempo parcial;07 Castilla y León;1;2022;612,6
Jornada a tiempo parcial;07 Castilla y León;1;2021;520,3
Jornada a tiempo parcial;07 Castilla y León;1;2020;493,6
Jornada a tiempo parcial;07 Castilla y León;1;2019;547,9
Jornada a tiempo parcial;07 Castilla y León;1;2018;468,9
Jornada a tiempo parcial;07 Castilla y León;1;2017;471,6
Jornada a tiempo parcial;07 Castilla y León;1;2016;449,7
Jornada a tiempo parcial;07 Castilla y León;1;2015;390,2
Jornada a tiempo parcial;07 Castilla y León;1;2014;412,7
Jornada a tiempo parcial;07 Castilla y León;1;2013;377,5
Jornada a tiempo parcial;07 Castilla y León;1;2012;432,0
Jornada a tiempo parcial;07 Castilla y León;1;2011;474,1
Jornada a tiempo parcial;07 Castilla y León;1;2010;450,0
Jornada a tiempo parcial;07 Castilla y León;1;2009;497,5
Jornada a tiempo parcial;07 Castilla y León;1;2008;450,3
Jornada a tiempo parcial;07 Castilla y León;1;2007;485,0
Jornada a tiempo parcial;07 Castilla y León;1;2006;433,5
Jornada a tiempo parcial;07 Castilla y León;2;2024;1.198,9
Jornada a tiempo parcial;07 Castilla y León;2;2023;1.129,9
Jornada a tiempo parcial;07 Castilla y León;2;2022;1.059,9
Jornada a tiempo parcial;07 Castilla y León;2;2021;990,1
Jornada a tiempo parcial;07 Castilla y León;2;2020;966,5
Jornada a tiempo parcial;07 Castilla y León;2;2019;939,4
Jornada a tiempo parcial;07 Castilla y León;2;2018;874,2
Jornada a tiempo parcial;07 Castilla y León;2;2017;828,1
Jornada a tiempo parcial;07 Castilla y León;2;2016;827,8
Jornada a tiempo parcial;07 Castilla y León;2;2015;791,6
Jornada a tiempo parcial;07 Castilla y León;2;2014;784,4
Jornada a tiempo parcial;07 Castilla y León;2;2013;774,5
Jornada a tiempo parcial;07 Castilla y León;2;2012;808,9
Jornada a tiempo parcial;07 Castilla y León;2;2011;830,8
Jornada a tiempo parcial;07 Castilla y León;2;2010;855,6
Jornada a tiempo parcial;07 Castilla y León;2;2009;847,0
Jornada a tiempo parcial;07 Castilla y León;2;2008;848,4
Jornada a tiempo parcial;07 Castilla y León;2;2007;806,5
Jornada a tiempo parcial;07 Castilla y León;2;2006;739,6
Jornada a tiempo parcial;07 Castilla y León;3;2024;1.486,3
Jornada a tiempo parcial;07 Castilla y León;3;2023;1.434,0
Jornada a tiempo parcial;07 Castilla y León;3;2022;1.343,2
Jornada a tiempo parcial;07 Castilla y León;3;2021;1.279,1
Jornada a tiempo parcial;07 Castilla y León;3;2020;1.233,8
Jornada a tiempo parcial;07 Castilla y León;3;2019;1.205,8
Jornada a tiempo parcial;07 Castilla y León;3;2018;1.141,1
Jornada a tiempo parcial;07 Castilla y León;3;2017;1.116,0
Jornada a tiempo parcial;07 Castilla y León;3;2016;1.106,5
Jornada a tiempo parcial;07 Castilla y León;3;2015;1.082,4
Jornada a tiempo parcial;07 Castilla y León;3;2014;1.076,6
Jornada a tiempo parcial;07 Castilla y León;3;2013;1.091,0
Jornada a tiempo parcial;07 Castilla y León;3;2012;1.091,7
Jornada a tiempo parcial;07 Castilla y León;3;2011;1.125,1
Jornada a tiempo parcial;07 Castilla y León;3;2010;1.116,8
Jornada a tiempo parcial;07 Castilla y León;3;2009;1.106,5
Jornada a tiempo parcial;07 Castilla y León;3;2008;1.093,7
Jornada a tiempo parcial;07 Castilla y León;3;2007;1.044,9
Jornada a tiempo parcial;07 Castilla y León;3;2006;978,8
Jornada a tiempo parcial;07 Castilla y León;4;2024;1.688,8
Jornada a tiempo parcial;07 Castilla y León;4;2023;1.609,3
Jornada a tiempo parcial;07 Castilla y León;4;2022;1.496,5
Jornada a tiempo parcial;07 Castilla y León;4;2021;1.446,5
Jornada a tiempo parcial;07 Castilla y León;4;2020;1.423,0
Jornada a tiempo parcial;07 Castilla y León;4;2019;1.422,2
Jornada a tiempo parcial;07 Castilla y León;4;2018;1.349,6
Jornada a tiempo parcial;07 Castilla y León;4;2017;1.316,9
Jornada a tiempo parcial;07 Castilla y León;4;2016;1.338,1
Jornada a tiempo parcial;07 Castilla y León;4;2015;1.288,8
Jornada a tiempo parcial;07 Castilla y León;4;2014;1.311,4
Jornada a tiempo parcial;07 Castilla y León;4;2013;1.296,1
Jornada a tiempo parcial;07 Castilla y León;4;2012;1.278,3
Jornada a tiempo parcial;07 Castilla y León;4;2011;1.284,5
Jornada a tiempo parcial;07 Castilla y León;4;2010;1.296,7
Jornada a tiempo parcial;07 Castilla y León;4;2009;1.273,3
Jornada a tiempo parcial;07 Castilla y León;4;2008;1.250,7
Jornada a tiempo parcial;07 Castilla y León;4;2007;1.239,5
Jornada a tiempo parcial;07 Castilla y León;4;2006;1.144,3
Jornada a tiempo parcial;07 Castilla y León;5;2024;1.832,4
Jornada a tiempo parcial;07 Castilla y León;5;2023;1.828,8
Jornada a tiempo parcial;07 Castilla y León;5;2022;1.672,8
Jornada a tiempo parcial;07 Castilla y León;5;2021;1.681,1
Jornada a tiempo parcial;07 Castilla y León;5;2020;1.596,1
Jornada a tiempo parcial;07 Castilla y León;5;2019;1.591,5
Jornada a tiempo parcial;07 Castilla y León;5;2018;1.548,1
Jornada a tiempo parcial;07 Castilla y León;5;2017;1.499,3
Jornada a tiempo parcial;07 Castilla y León;5;2016;1.482,5
Jornada a tiempo parcial;07 Castilla y León;5;2015;1.531,9
Jornada a tiempo parcial;07 Castilla y León;5;2014;1.485,5
Jornada a tiempo parcial;07 Castilla y León;5;2013;1.494,8
Jornada a tiempo parcial;07 Castilla y León;5;2012;1.470,4
Jornada a tiempo parcial;07 Castilla y León;5;2011;1.478,4
Jornada a tiempo parcial;07 Castilla y León;5;2010;1.460,0
Jornada a tiempo parcial;07 Castilla y León;5;2009;1.429,9
Jornada a tiempo parcial;07 Castilla y León;5;2008;1.389,9
Jornada a tiempo parcial;07 Castilla y León;5;2007;1.337,7
Jornada a tiempo parcial;07 Castilla y León;5;2006;1.276,9
Jornada a tiempo parcial;07 Castilla y León;6;2024;2.090,2
Jornada a tiempo parcial;07 Castilla y León;6;2023;2.031,2
Jornada a tiempo parcial;07 Castilla y León;6;2022;1.917,6
Jornada a tiempo parcial;07 Castilla y León;6;2021;1.825,7
Jornada a tiempo parcial;07 Castilla y León;6;2020;1.880,7
Jornada a tiempo parcial;07 Castilla y León;6;2019;1.826,9
Jornada a tiempo parcial;07 Castilla y León;6;2018;1.747,0
Jornada a tiempo parcial;07 Castilla y León;6;2017;1.636,1
Jornada a tiempo parcial;07 Castilla y León;6;2016;1.726,1
Jornada a tiempo parcial;07 Castilla y León;6;2015;1.677,7
Jornada a tiempo parcial;07 Castilla y León;6;2014;1.728,6
Jornada a tiempo parcial;07 Castilla y León;6;2013;1.636,5
Jornada a tiempo parcial;07 Castilla y León;6;2012;1.668,4
Jornada a tiempo parcial;07 Castilla y León;6;2011;1.647,9
Jornada a tiempo parcial;07 Castilla y León;6;2010;1.647,4
Jornada a tiempo parcial;07 Castilla y León;6;2009;1.651,6
Jornada a tiempo parcial;07 Castilla y León;6;2008;1.564,9
Jornada a tiempo parcial;07 Castilla y León;6;2007;1.472,6
Jornada a tiempo parcial;07 Castilla y León;6;2006;1.372,1
Jornada a tiempo parcial;07 Castilla y León;7;2024;2.334,6
Jornada a tiempo parcial;07 Castilla y León;7;2023;2.334,3
Jornada a tiempo parcial;07 Castilla y León;7;2022;2.155,8
Jornada a tiempo parcial;07 Castilla y León;7;2021;2.089,2
Jornada a tiempo parcial;07 Castilla y León;7;2020;2.130,4
Jornada a tiempo parcial;07 Castilla y León;7;2019;2.043,7
Jornada a tiempo parcial;07 Castilla y León;7;2018;1.969,5
Jornada a tiempo parcial;07 Castilla y León;7;2017;1.935,2
Jornada a tiempo parcial;07 Castilla y León;7;2016;1.975,6
Jornada a tiempo parcial;07 Castilla y León;7;2015;1.956,0
Jornada a tiempo parcial;07 Castilla y León;7;2014;2.100,0
Jornada a tiempo parcial;07 Castilla y León;7;2013;1.936,1
Jornada a tiempo parcial;07 Castilla y León;7;2012;1.948,8
Jornada a tiempo parcial;07 Castilla y León;7;2011;1.919,3
Jornada a tiempo parcial;07 Castilla y León;7;2010;1.991,7
Jornada a tiempo parcial;07 Castilla y León;7;2009;1.860,0
Jornada a tiempo parcial;07 Castilla y León;7;2008;1.825,5
Jornada a tiempo parcial;07 Castilla y León;7;2007;1.669,5
Jornada a tiempo parcial;07 Castilla y León;7;2006;1.678,9
Jornada a tiempo parcial;07 Castilla y León;8;2024;2.925,8
Jornada a tiempo parcial;07 Castilla y León;8;2023;..
Jornada a tiempo parcial;07 Castilla y León;8;2022;2.532,4
Jornada a tiempo parcial;07 Castilla y León;8;2021;2.477,1
Jornada a tiempo parcial;07 Castilla y León;8;2020;2.533,8
Jornada a tiempo parcial;07 Castilla y León;8;2019;2.487,9
Jornada a tiempo parcial;07 Castilla y León;8;2018;2.445,2
Jornada a tiempo parcial;07 Castilla y León;8;2017;..
Jornada a tiempo parcial;07 Castilla y León;8;2016;2.294,1
Jornada a tiempo parcial;07 Castilla y León;8;2015;2.158,4
Jornada a tiempo parcial;07 Castilla y León;8;2014;2.310,4
Jornada a tiempo parcial;07 Castilla y León;8;2013;2.345,3
Jornada a tiempo parcial;07 Castilla y León;8;2012;2.451,9
Jornada a tiempo parcial;07 Castilla y León;8;2011;2.222,2
Jornada a tiempo parcial;07 Castilla y León;8;2010;2.246,0
Jornada a tiempo parcial;07 Castilla y León;8;2009;2.231,1
Jornada a tiempo parcial;07 Castilla y León;8;2008;2.192,5
Jornada a tiempo parcial;07 Castilla y León;8;2007;1.983,9
Jornada a tiempo parcial;07 Castilla y León;8;2006;1.890,3
Jornada a tiempo parcial;07 Castilla y León;9;2024;3.248,1
Jornada a tiempo parcial;07 Castilla y León;9;2023;3.190,6
Jornada a tiempo parcial;07 Castilla y León;9;2022;..
Jornada a tiempo parcial;07 Castilla y León;9;2021;2.976,4
Jornada a tiempo parcial;07 Castilla y León;9;2020;2.975,2
Jornada a tiempo parcial;07 Castilla y León;9;2019;2.769,5
Jornada a tiempo parcial;07 Castilla y León;9;2018;2.845,2
Jornada a tiempo parcial;07 Castilla y León;9;2017;2.923,0
Jornada a tiempo parcial;07 Castilla y León;9;2016;2.958,0
Jornada a tiempo parcial;07 Castilla y León;9;2015;2.877,9
Jornada a tiempo parcial;07 Castilla y León;9;2014;2.750,2
Jornada a tiempo parcial;07 Castilla y León;9;2013;2.770,1
Jornada a tiempo parcial;07 Castilla y León;9;2012;..
Jornada a tiempo parcial;07 Castilla y León;9;2011;2.532,1
Jornada a tiempo parcial;07 Castilla y León;9;2010;2.845,5
Jornada a tiempo parcial;07 Castilla y León;9;2009;2.577,0
Jornada a tiempo parcial;07 Castilla y León;9;2008;2.823,8
Jornada a tiempo parcial;07 Castilla y León;9;2007;2.577,7
Jornada a tiempo parcial;07 Castilla y León;9;2006;..
Jornada a tiempo parcial;07 Castilla y León;10;2024;..
Jornada a tiempo parcial;07 Castilla y León;10;2023;..
Jornada a tiempo parcial;07 Castilla y León;10;2022;..
Jornada a tiempo parcial;07 Castilla y León;10;2021;..
Jornada a tiempo parcial;07 Castilla y León;10;2020;..
Jornada a tiempo parcial;07 Castilla y León;10;2019;..
Jornada a tiempo parcial;07 Castilla y León;10;2018;..
Jornada a tiempo parcial;07 Castilla y León;10;2017;..
Jornada a tiempo parcial;07 Castilla y León;10;2016;..
Jornada a tiempo parcial;07 Castilla y León;10;2015;..
Jornada a tiempo parcial;07 Castilla y León;10;2014;..
Jornada a tiempo parcial;07 Castilla y León;10;2013;..
Jornada a tiempo parcial;07 Castilla y León;10;2012;..
Jornada a tiempo parcial;07 Castilla y León;10;2011;..
Jornada a tiempo parcial;07 Castilla y León;10;2010;..
Jornada a tiempo parcial;07 Castilla y León;10;2009;..
Jornada a tiempo parcial;07 Castilla y León;10;2008;..
Jornada a tiempo parcial;07 Castilla y León;10;2007;..
Jornada a tiempo parcial;07 Castilla y León;10;2006;..
Jornada a tiempo parcial;08 Castilla - La Mancha;Total;2024;1.014,8
Jornada a tiempo parcial;08 Castilla - La Mancha;Total;2023;903,6
Jornada a tiempo parcial;08 Castilla - La Mancha;Total;2022;891,9
Jornada a tiempo parcial;08 Castilla - La Mancha;Total;2021;843,7
Jornada a tiempo parcial;08 Castilla - La Mancha;Total;2020;760,0
Jornada a tiempo parcial;08 Castilla - La Mancha;Total;2019;784,6
Jornada a tiempo parcial;08 Castilla - La Mancha;Total;2018;718,1
Jornada a tiempo parcial;08 Castilla - La Mancha;Total;2017;700,4
Jornada a tiempo parcial;08 Castilla - La Mancha;Total;2016;683,4
Jornada a tiempo parcial;08 Castilla - La Mancha;Total;2015;726,5
Jornada a tiempo parcial;08 Castilla - La Mancha;Total;2014;682,7
Jornada a tiempo parcial;08 Castilla - La Mancha;Total;2013;692,3
Jornada a tiempo parcial;08 Castilla - La Mancha;Total;2012;673,4
Jornada a tiempo parcial;08 Castilla - La Mancha;Total;2011;703,4
Jornada a tiempo parcial;08 Castilla - La Mancha;Total;2010;667,7
Jornada a tiempo parcial;08 Castilla - La Mancha;Total;2009;647,2
Jornada a tiempo parcial;08 Castilla - La Mancha;Total;2008;659,3
Jornada a tiempo parcial;08 Castilla - La Mancha;Total;2007;676,7
Jornada a tiempo parcial;08 Castilla - La Mancha;Total;2006;619,2
Jornada a tiempo parcial;08 Castilla - La Mancha;1;2024;706,1
Jornada a tiempo parcial;08 Castilla - La Mancha;1;2023;628,1
Jornada a tiempo parcial;08 Castilla - La Mancha;1;2022;597,0
Jornada a tiempo parcial;08 Castilla - La Mancha;1;2021;561,3
Jornada a tiempo parcial;08 Castilla - La Mancha;1;2020;501,4
Jornada a tiempo parcial;08 Castilla - La Mancha;1;2019;528,8
Jornada a tiempo parcial;08 Castilla - La Mancha;1;2018;473,2
Jornada a tiempo parcial;08 Castilla - La Mancha;1;2017;439,9
Jornada a tiempo parcial;08 Castilla - La Mancha;1;2016;444,3
Jornada a tiempo parcial;08 Castilla - La Mancha;1;2015;418,2
Jornada a tiempo parcial;08 Castilla - La Mancha;1;2014;432,2
Jornada a tiempo parcial;08 Castilla - La Mancha;1;2013;400,3
Jornada a tiempo parcial;08 Castilla - La Mancha;1;2012;426,3
Jornada a tiempo parcial;08 Castilla - La Mancha;1;2011;456,2
Jornada a tiempo parcial;08 Castilla - La Mancha;1;2010;460,2
Jornada a tiempo parcial;08 Castilla - La Mancha;1;2009;474,2
Jornada a tiempo parcial;08 Castilla - La Mancha;1;2008;469,7
Jornada a tiempo parcial;08 Castilla - La Mancha;1;2007;486,7
Jornada a tiempo parcial;08 Castilla - La Mancha;1;2006;449,1
Jornada a tiempo parcial;08 Castilla - La Mancha;2;2024;1.248,5
Jornada a tiempo parcial;08 Castilla - La Mancha;2;2023;1.131,0
Jornada a tiempo parcial;08 Castilla - La Mancha;2;2022;1.065,1
Jornada a tiempo parcial;08 Castilla - La Mancha;2;2021;983,3
Jornada a tiempo parcial;08 Castilla - La Mancha;2;2020;939,7
Jornada a tiempo parcial;08 Castilla - La Mancha;2;2019;952,1
Jornada a tiempo parcial;08 Castilla - La Mancha;2;2018;871,6
Jornada a tiempo parcial;08 Castilla - La Mancha;2;2017;838,2
Jornada a tiempo parcial;08 Castilla - La Mancha;2;2016;814,6
Jornada a tiempo parcial;08 Castilla - La Mancha;2;2015;814,9
Jornada a tiempo parcial;08 Castilla - La Mancha;2;2014;778,5
Jornada a tiempo parcial;08 Castilla - La Mancha;2;2013;788,4
Jornada a tiempo parcial;08 Castilla - La Mancha;2;2012;777,7
Jornada a tiempo parcial;08 Castilla - La Mancha;2;2011;831,6
Jornada a tiempo parcial;08 Castilla - La Mancha;2;2010;844,3
Jornada a tiempo parcial;08 Castilla - La Mancha;2;2009;848,5
Jornada a tiempo parcial;08 Castilla - La Mancha;2;2008;844,9
Jornada a tiempo parcial;08 Castilla - La Mancha;2;2007;812,9
Jornada a tiempo parcial;08 Castilla - La Mancha;2;2006;763,6
Jornada a tiempo parcial;08 Castilla - La Mancha;3;2024;1.513,4
Jornada a tiempo parcial;08 Castilla - La Mancha;3;2023;1.440,7
Jornada a tiempo parcial;08 Castilla - La Mancha;3;2022;1.342,2
Jornada a tiempo parcial;08 Castilla - La Mancha;3;2021;1.257,7
Jornada a tiempo parcial;08 Castilla - La Mancha;3;2020;1.200,5
Jornada a tiempo parcial;08 Castilla - La Mancha;3;2019;1.209,1
Jornada a tiempo parcial;08 Castilla - La Mancha;3;2018;1.159,9
Jornada a tiempo parcial;08 Castilla - La Mancha;3;2017;1.116,3
Jornada a tiempo parcial;08 Castilla - La Mancha;3;2016;1.088,8
Jornada a tiempo parcial;08 Castilla - La Mancha;3;2015;1.084,9
Jornada a tiempo parcial;08 Castilla - La Mancha;3;2014;1.058,8
Jornada a tiempo parcial;08 Castilla - La Mancha;3;2013;1.089,4
Jornada a tiempo parcial;08 Castilla - La Mancha;3;2012;1.104,7
Jornada a tiempo parcial;08 Castilla - La Mancha;3;2011;1.123,2
Jornada a tiempo parcial;08 Castilla - La Mancha;3;2010;1.127,5
Jornada a tiempo parcial;08 Castilla - La Mancha;3;2009;1.118,5
Jornada a tiempo parcial;08 Castilla - La Mancha;3;2008;1.107,4
Jornada a tiempo parcial;08 Castilla - La Mancha;3;2007;1.042,0
Jornada a tiempo parcial;08 Castilla - La Mancha;3;2006;984,3
Jornada a tiempo parcial;08 Castilla - La Mancha;4;2024;1.666,9
Jornada a tiempo parcial;08 Castilla - La Mancha;4;2023;1.627,7
Jornada a tiempo parcial;08 Castilla - La Mancha;4;2022;1.538,6
Jornada a tiempo parcial;08 Castilla - La Mancha;4;2021;1.437,2
Jornada a tiempo parcial;08 Castilla - La Mancha;4;2020;1.415,3
Jornada a tiempo parcial;08 Castilla - La Mancha;4;2019;1.412,3
Jornada a tiempo parcial;08 Castilla - La Mancha;4;2018;1.369,3
Jornada a tiempo parcial;08 Castilla - La Mancha;4;2017;1.341,3
Jornada a tiempo parcial;08 Castilla - La Mancha;4;2016;1.319,7
Jornada a tiempo parcial;08 Castilla - La Mancha;4;2015;1.298,7
Jornada a tiempo parcial;08 Castilla - La Mancha;4;2014;1.313,4
Jornada a tiempo parcial;08 Castilla - La Mancha;4;2013;1.302,8
Jornada a tiempo parcial;08 Castilla - La Mancha;4;2012;1.309,0
Jornada a tiempo parcial;08 Castilla - La Mancha;4;2011;1.318,4
Jornada a tiempo parcial;08 Castilla - La Mancha;4;2010;1.284,8
Jornada a tiempo parcial;08 Castilla - La Mancha;4;2009;1.278,7
Jornada a tiempo parcial;08 Castilla - La Mancha;4;2008;1.248,9
Jornada a tiempo parcial;08 Castilla - La Mancha;4;2007;1.200,6
Jornada a tiempo parcial;08 Castilla - La Mancha;4;2006;1.140,8
Jornada a tiempo parcial;08 Castilla - La Mancha;5;2024;1.826,9
Jornada a tiempo parcial;08 Castilla - La Mancha;5;2023;1.772,3
Jornada a tiempo parcial;08 Castilla - La Mancha;5;2022;1.694,6
Jornada a tiempo parcial;08 Castilla - La Mancha;5;2021;1.607,3
Jornada a tiempo parcial;08 Castilla - La Mancha;5;2020;1.630,2
Jornada a tiempo parcial;08 Castilla - La Mancha;5;2019;1.568,7
Jornada a tiempo parcial;08 Castilla - La Mancha;5;2018;1.563,1
Jornada a tiempo parcial;08 Castilla - La Mancha;5;2017;1.500,9
Jornada a tiempo parcial;08 Castilla - La Mancha;5;2016;1.528,1
Jornada a tiempo parcial;08 Castilla - La Mancha;5;2015;1.488,4
Jornada a tiempo parcial;08 Castilla - La Mancha;5;2014;1.443,6
Jornada a tiempo parcial;08 Castilla - La Mancha;5;2013;1.491,8
Jornada a tiempo parcial;08 Castilla - La Mancha;5;2012;1.489,1
Jornada a tiempo parcial;08 Castilla - La Mancha;5;2011;1.465,3
Jornada a tiempo parcial;08 Castilla - La Mancha;5;2010;1.464,2
Jornada a tiempo parcial;08 Castilla - La Mancha;5;2009;1.452,6
Jornada a tiempo parcial;08 Castilla - La Mancha;5;2008;1.388,9
Jornada a tiempo parcial;08 Castilla - La Mancha;5;2007;1.380,0
Jornada a tiempo parcial;08 Castilla - La Mancha;5;2006;1.228,5
Jornada a tiempo parcial;08 Castilla - La Mancha;6;2024;2.173,5
Jornada a tiempo parcial;08 Castilla - La Mancha;6;2023;1.994,1
Jornada a tiempo parcial;08 Castilla - La Mancha;6;2022;1.906,3
Jornada a tiempo parcial;08 Castilla - La Mancha;6;2021;1.888,0
Jornada a tiempo parcial;08 Castilla - La Mancha;6;2020;1.773,6
Jornada a tiempo parcial;08 Castilla - La Mancha;6;2019;1.717,0
Jornada a tiempo parcial;08 Castilla - La Mancha;6;2018;1.676,5
Jornada a tiempo parcial;08 Castilla - La Mancha;6;2017;1.673,6
Jornada a tiempo parcial;08 Castilla - La Mancha;6;2016;1.686,5
Jornada a tiempo parcial;08 Castilla - La Mancha;6;2015;1.727,6
Jornada a tiempo parcial;08 Castilla - La Mancha;6;2014;1.662,9
Jornada a tiempo parcial;08 Castilla - La Mancha;6;2013;1.784,1
Jornada a tiempo parcial;08 Castilla - La Mancha;6;2012;1.694,8
Jornada a tiempo parcial;08 Castilla - La Mancha;6;2011;1.705,8
Jornada a tiempo parcial;08 Castilla - La Mancha;6;2010;1.677,7
Jornada a tiempo parcial;08 Castilla - La Mancha;6;2009;1.595,0
Jornada a tiempo parcial;08 Castilla - La Mancha;6;2008;1.535,6
Jornada a tiempo parcial;08 Castilla - La Mancha;6;2007;1.538,4
Jornada a tiempo parcial;08 Castilla - La Mancha;6;2006;1.464,8
Jornada a tiempo parcial;08 Castilla - La Mancha;7;2024;2.338,3
Jornada a tiempo parcial;08 Castilla - La Mancha;7;2023;2.312,3
Jornada a tiempo parcial;08 Castilla - La Mancha;7;2022;2.314,6
Jornada a tiempo parcial;08 Castilla - La Mancha;7;2021;2.132,3
Jornada a tiempo parcial;08 Castilla - La Mancha;7;2020;2.011,4
Jornada a tiempo parcial;08 Castilla - La Mancha;7;2019;2.052,1
Jornada a tiempo parcial;08 Castilla - La Mancha;7;2018;2.007,7
Jornada a tiempo parcial;08 Castilla - La Mancha;7;2017;1.937,7
Jornada a tiempo parcial;08 Castilla - La Mancha;7;2016;1.920,1
Jornada a tiempo parcial;08 Castilla - La Mancha;7;2015;1.936,5
Jornada a tiempo parcial;08 Castilla - La Mancha;7;2014;..
Jornada a tiempo parcial;08 Castilla - La Mancha;7;2013;2.030,2
Jornada a tiempo parcial;08 Castilla - La Mancha;7;2012;1.943,4
Jornada a tiempo parcial;08 Castilla - La Mancha;7;2011;1.840,3
Jornada a tiempo parcial;08 Castilla - La Mancha;7;2010;1.856,5
Jornada a tiempo parcial;08 Castilla - La Mancha;7;2009;1.879,1
Jornada a tiempo parcial;08 Castilla - La Mancha;7;2008;1.832,3
Jornada a tiempo parcial;08 Castilla - La Mancha;7;2007;1.713,6
Jornada a tiempo parcial;08 Castilla - La Mancha;7;2006;1.686,2
Jornada a tiempo parcial;08 Castilla - La Mancha;8;2024;2.952,2
Jornada a tiempo parcial;08 Castilla - La Mancha;8;2023;2.747,3
Jornada a tiempo parcial;08 Castilla - La Mancha;8;2022;2.666,6
Jornada a tiempo parcial;08 Castilla - La Mancha;8;2021;2.604,3
Jornada a tiempo parcial;08 Castilla - La Mancha;8;2020;2.388,2
Jornada a tiempo parcial;08 Castilla - La Mancha;8;2019;2.455,9
Jornada a tiempo parcial;08 Castilla - La Mancha;8;2018;2.226,6
Jornada a tiempo parcial;08 Castilla - La Mancha;8;2017;2.518,0
Jornada a tiempo parcial;08 Castilla - La Mancha;8;2016;..
Jornada a tiempo parcial;08 Castilla - La Mancha;8;2015;2.327,3
Jornada a tiempo parcial;08 Castilla - La Mancha;8;2014;..
Jornada a tiempo parcial;08 Castilla - La Mancha;8;2013;2.437,3
Jornada a tiempo parcial;08 Castilla - La Mancha;8;2012;2.354,7
Jornada a tiempo parcial;08 Castilla - La Mancha;8;2011;2.148,5
Jornada a tiempo parcial;08 Castilla - La Mancha;8;2010;..
Jornada a tiempo parcial;08 Castilla - La Mancha;8;2009;2.152,6
Jornada a tiempo parcial;08 Castilla - La Mancha;8;2008;2.174,5
Jornada a tiempo parcial;08 Castilla - La Mancha;8;2007;2.107,6
Jornada a tiempo parcial;08 Castilla - La Mancha;8;2006;2.173,9
Jornada a tiempo parcial;08 Castilla - La Mancha;9;2024;..
Jornada a tiempo parcial;08 Castilla - La Mancha;9;2023;..
Jornada a tiempo parcial;08 Castilla - La Mancha;9;2022;2.930,3
Jornada a tiempo parcial;08 Castilla - La Mancha;9;2021;2.875,2
Jornada a tiempo parcial;08 Castilla - La Mancha;9;2020;3.182,6
Jornada a tiempo parcial;08 Castilla - La Mancha;9;2019;2.859,6
Jornada a tiempo parcial;08 Castilla - La Mancha;9;2018;2.841,6
Jornada a tiempo parcial;08 Castilla - La Mancha;9;2017;2.820,7
Jornada a tiempo parcial;08 Castilla - La Mancha;9;2016;2.778,5
Jornada a tiempo parcial;08 Castilla - La Mancha;9;2015;2.707,9
Jornada a tiempo parcial;08 Castilla - La Mancha;9;2014;2.963,7
Jornada a tiempo parcial;08 Castilla - La Mancha;9;2013;..
Jornada a tiempo parcial;08 Castilla - La Mancha;9;2012;..
Jornada a tiempo parcial;08 Castilla - La Mancha;9;2011;2.523,2
Jornada a tiempo parcial;08 Castilla - La Mancha;9;2010;2.800,2
Jornada a tiempo parcial;08 Castilla - La Mancha;9;2009;2.778,2
Jornada a tiempo parcial;08 Castilla - La Mancha;9;2008;2.511,1
Jornada a tiempo parcial;08 Castilla - La Mancha;9;2007;2.462,2
Jornada a tiempo parcial;08 Castilla - La Mancha;9;2006;2.485,5
Jornada a tiempo parcial;08 Castilla - La Mancha;10;2024;..
Jornada a tiempo parcial;08 Castilla - La Mancha;10;2023;..
Jornada a tiempo parcial;08 Castilla - La Mancha;10;2022;..
Jornada a tiempo parcial;08 Castilla - La Mancha;10;2021;..
Jornada a tiempo parcial;08 Castilla - La Mancha;10;2020;..
Jornada a tiempo parcial;08 Castilla - La Mancha;10;2019;..
Jornada a tiempo parcial;08 Castilla - La Mancha;10;2018;..
Jornada a tiempo parcial;08 Castilla - La Mancha;10;2017;..
Jornada a tiempo parcial;08 Castilla - La Mancha;10;2016;..
Jornada a tiempo parcial;08 Castilla - La Mancha;10;2015;..
Jornada a tiempo parcial;08 Castilla - La Mancha;10;2014;..
Jornada a tiempo parcial;08 Castilla - La Mancha;10;2013;..
Jornada a tiempo parcial;08 Castilla - La Mancha;10;2012;..
Jornada a tiempo parcial;08 Castilla - La Mancha;10;2011;..
Jornada a tiempo parcial;08 Castilla - La Mancha;10;2010;..
Jornada a tiempo parcial;08 Castilla - La Mancha;10;2009;..
Jornada a tiempo parcial;08 Castilla - La Mancha;10;2008;..
Jornada a tiempo parcial;08 Castilla - La Mancha;10;2007;..
Jornada a tiempo parcial;08 Castilla - La Mancha;10;2006;..
Jornada a tiempo parcial;09 Cataluña;Total;2024;1.090,5
Jornada a tiempo parcial;09 Cataluña;Total;2023;978,5
Jornada a tiempo parcial;09 Cataluña;Total;2022;930,8
Jornada a tiempo parcial;09 Cataluña;Total;2021;862,0
Jornada a tiempo parcial;09 Cataluña;Total;2020;862,1
Jornada a tiempo parcial;09 Cataluña;Total;2019;867,7
Jornada a tiempo parcial;09 Cataluña;Total;2018;778,0
Jornada a tiempo parcial;09 Cataluña;Total;2017;780,6
Jornada a tiempo parcial;09 Cataluña;Total;2016;768,5
Jornada a tiempo parcial;09 Cataluña;Total;2015;734,9
Jornada a tiempo parcial;09 Cataluña;Total;2014;728,2
Jornada a tiempo parcial;09 Cataluña;Total;2013;720,2
Jornada a tiempo parcial;09 Cataluña;Total;2012;652,2
Jornada a tiempo parcial;09 Cataluña;Total;2011;741,2
Jornada a tiempo parcial;09 Cataluña;Total;2010;729,7
Jornada a tiempo parcial;09 Cataluña;Total;2009;785,2
Jornada a tiempo parcial;09 Cataluña;Total;2008;722,3
Jornada a tiempo parcial;09 Cataluña;Total;2007;714,7
Jornada a tiempo parcial;09 Cataluña;Total;2006;712,1
Jornada a tiempo parcial;09 Cataluña;1;2024;683,4
Jornada a tiempo parcial;09 Cataluña;1;2023;606,4
Jornada a tiempo parcial;09 Cataluña;1;2022;605,6
Jornada a tiempo parcial;09 Cataluña;1;2021;558,2
Jornada a tiempo parcial;09 Cataluña;1;2020;501,1
Jornada a tiempo parcial;09 Cataluña;1;2019;522,9
Jornada a tiempo parcial;09 Cataluña;1;2018;473,4
Jornada a tiempo parcial;09 Cataluña;1;2017;458,9
Jornada a tiempo parcial;09 Cataluña;1;2016;427,3
Jornada a tiempo parcial;09 Cataluña;1;2015;400,5
Jornada a tiempo parcial;09 Cataluña;1;2014;403,0
Jornada a tiempo parcial;09 Cataluña;1;2013;413,0
Jornada a tiempo parcial;09 Cataluña;1;2012;395,0
Jornada a tiempo parcial;09 Cataluña;1;2011;445,2
Jornada a tiempo parcial;09 Cataluña;1;2010;460,2
Jornada a tiempo parcial;09 Cataluña;1;2009;488,4
Jornada a tiempo parcial;09 Cataluña;1;2008;472,1
Jornada a tiempo parcial;09 Cataluña;1;2007;500,6
Jornada a tiempo parcial;09 Cataluña;1;2006;455,3
Jornada a tiempo parcial;09 Cataluña;2;2024;1.245,7
Jornada a tiempo parcial;09 Cataluña;2;2023;1.135,7
Jornada a tiempo parcial;09 Cataluña;2;2022;1.082,0
Jornada a tiempo parcial;09 Cataluña;2;2021;983,3
Jornada a tiempo parcial;09 Cataluña;2;2020;963,7
Jornada a tiempo parcial;09 Cataluña;2;2019;955,4
Jornada a tiempo parcial;09 Cataluña;2;2018;876,8
Jornada a tiempo parcial;09 Cataluña;2;2017;837,4
Jornada a tiempo parcial;09 Cataluña;2;2016;827,2
Jornada a tiempo parcial;09 Cataluña;2;2015;797,9
Jornada a tiempo parcial;09 Cataluña;2;2014;788,0
Jornada a tiempo parcial;09 Cataluña;2;2013;775,9
Jornada a tiempo parcial;09 Cataluña;2;2012;793,5
Jornada a tiempo parcial;09 Cataluña;2;2011;838,9
Jornada a tiempo parcial;09 Cataluña;2;2010;840,2
Jornada a tiempo parcial;09 Cataluña;2;2009;852,1
Jornada a tiempo parcial;09 Cataluña;2;2008;848,9
Jornada a tiempo parcial;09 Cataluña;2;2007;810,8
Jornada a tiempo parcial;09 Cataluña;2;2006;782,7
Jornada a tiempo parcial;09 Cataluña;3;2024;1.502,6
Jornada a tiempo parcial;09 Cataluña;3;2023;1.417,3
Jornada a tiempo parcial;09 Cataluña;3;2022;1.344,4
Jornada a tiempo parcial;09 Cataluña;3;2021;1.265,2
Jornada a tiempo parcial;09 Cataluña;3;2020;1.233,3
Jornada a tiempo parcial;09 Cataluña;3;2019;1.232,6
Jornada a tiempo parcial;09 Cataluña;3;2018;1.140,2
Jornada a tiempo parcial;09 Cataluña;3;2017;1.101,4
Jornada a tiempo parcial;09 Cataluña;3;2016;1.097,8
Jornada a tiempo parcial;09 Cataluña;3;2015;1.091,5
Jornada a tiempo parcial;09 Cataluña;3;2014;1.065,4
Jornada a tiempo parcial;09 Cataluña;3;2013;1.082,3
Jornada a tiempo parcial;09 Cataluña;3;2012;1.095,9
Jornada a tiempo parcial;09 Cataluña;3;2011;1.147,3
Jornada a tiempo parcial;09 Cataluña;3;2010;1.143,2
Jornada a tiempo parcial;09 Cataluña;3;2009;1.115,1
Jornada a tiempo parcial;09 Cataluña;3;2008;1.105,5
Jornada a tiempo parcial;09 Cataluña;3;2007;1.027,7
Jornada a tiempo parcial;09 Cataluña;3;2006;989,9
Jornada a tiempo parcial;09 Cataluña;4;2024;1.679,6
Jornada a tiempo parcial;09 Cataluña;4;2023;1.623,7
Jornada a tiempo parcial;09 Cataluña;4;2022;1.512,6
Jornada a tiempo parcial;09 Cataluña;4;2021;1.436,3
Jornada a tiempo parcial;09 Cataluña;4;2020;1.419,9
Jornada a tiempo parcial;09 Cataluña;4;2019;1.395,4
Jornada a tiempo parcial;09 Cataluña;4;2018;1.344,0
Jornada a tiempo parcial;09 Cataluña;4;2017;1.321,5
Jornada a tiempo parcial;09 Cataluña;4;2016;1.323,7
Jornada a tiempo parcial;09 Cataluña;4;2015;1.304,4
Jornada a tiempo parcial;09 Cataluña;4;2014;1.293,0
Jornada a tiempo parcial;09 Cataluña;4;2013;1.312,1
Jornada a tiempo parcial;09 Cataluña;4;2012;1.271,2
Jornada a tiempo parcial;09 Cataluña;4;2011;1.281,1
Jornada a tiempo parcial;09 Cataluña;4;2010;1.321,3
Jornada a tiempo parcial;09 Cataluña;4;2009;1.281,7
Jornada a tiempo parcial;09 Cataluña;4;2008;1.230,5
Jornada a tiempo parcial;09 Cataluña;4;2007;1.214,2
Jornada a tiempo parcial;09 Cataluña;4;2006;1.135,5
Jornada a tiempo parcial;09 Cataluña;5;2024;1.889,3
Jornada a tiempo parcial;09 Cataluña;5;2023;1.852,0
Jornada a tiempo parcial;09 Cataluña;5;2022;1.711,9
Jornada a tiempo parcial;09 Cataluña;5;2021;1.659,2
Jornada a tiempo parcial;09 Cataluña;5;2020;1.633,3
Jornada a tiempo parcial;09 Cataluña;5;2019;1.593,1
Jornada a tiempo parcial;09 Cataluña;5;2018;1.561,3
Jornada a tiempo parcial;09 Cataluña;5;2017;1.478,9
Jornada a tiempo parcial;09 Cataluña;5;2016;1.527,0
Jornada a tiempo parcial;09 Cataluña;5;2015;1.513,1
Jornada a tiempo parcial;09 Cataluña;5;2014;1.479,7
Jornada a tiempo parcial;09 Cataluña;5;2013;1.505,1
Jornada a tiempo parcial;09 Cataluña;5;2012;1.447,8
Jornada a tiempo parcial;09 Cataluña;5;2011;1.514,8
Jornada a tiempo parcial;09 Cataluña;5;2010;1.508,2
Jornada a tiempo parcial;09 Cataluña;5;2009;1.429,0
Jornada a tiempo parcial;09 Cataluña;5;2008;1.422,6
Jornada a tiempo parcial;09 Cataluña;5;2007;1.328,0
Jornada a tiempo parcial;09 Cataluña;5;2006;1.311,8
Jornada a tiempo parcial;09 Cataluña;6;2024;2.165,2
Jornada a tiempo parcial;09 Cataluña;6;2023;2.024,3
Jornada a tiempo parcial;09 Cataluña;6;2022;1.804,7
Jornada a tiempo parcial;09 Cataluña;6;2021;1.869,0
Jornada a tiempo parcial;09 Cataluña;6;2020;1.821,6
Jornada a tiempo parcial;09 Cataluña;6;2019;1.788,8
Jornada a tiempo parcial;09 Cataluña;6;2018;1.743,1
Jornada a tiempo parcial;09 Cataluña;6;2017;1.682,4
Jornada a tiempo parcial;09 Cataluña;6;2016;1.719,5
Jornada a tiempo parcial;09 Cataluña;6;2015;1.645,1
Jornada a tiempo parcial;09 Cataluña;6;2014;1.723,8
Jornada a tiempo parcial;09 Cataluña;6;2013;1.621,7
Jornada a tiempo parcial;09 Cataluña;6;2012;1.646,8
Jornada a tiempo parcial;09 Cataluña;6;2011;1.692,8
Jornada a tiempo parcial;09 Cataluña;6;2010;1.663,4
Jornada a tiempo parcial;09 Cataluña;6;2009;1.600,7
Jornada a tiempo parcial;09 Cataluña;6;2008;1.576,8
Jornada a tiempo parcial;09 Cataluña;6;2007;1.486,0
Jornada a tiempo parcial;09 Cataluña;6;2006;1.437,8
Jornada a tiempo parcial;09 Cataluña;7;2024;2.474,3
Jornada a tiempo parcial;09 Cataluña;7;2023;2.335,1
Jornada a tiempo parcial;09 Cataluña;7;2022;2.105,0
Jornada a tiempo parcial;09 Cataluña;7;2021;2.098,2
Jornada a tiempo parcial;09 Cataluña;7;2020;2.136,0
Jornada a tiempo parcial;09 Cataluña;7;2019;2.010,3
Jornada a tiempo parcial;09 Cataluña;7;2018;2.046,8
Jornada a tiempo parcial;09 Cataluña;7;2017;1.973,2
Jornada a tiempo parcial;09 Cataluña;7;2016;1.978,7
Jornada a tiempo parcial;09 Cataluña;7;2015;1.931,8
Jornada a tiempo parcial;09 Cataluña;7;2014;1.938,9
Jornada a tiempo parcial;09 Cataluña;7;2013;1.938,6
Jornada a tiempo parcial;09 Cataluña;7;2012;1.958,3
Jornada a tiempo parcial;09 Cataluña;7;2011;1.992,8
Jornada a tiempo parcial;09 Cataluña;7;2010;1.917,4
Jornada a tiempo parcial;09 Cataluña;7;2009;1.840,6
Jornada a tiempo parcial;09 Cataluña;7;2008;1.827,6
Jornada a tiempo parcial;09 Cataluña;7;2007;1.687,4
Jornada a tiempo parcial;09 Cataluña;7;2006;1.535,2
Jornada a tiempo parcial;09 Cataluña;8;2024;2.974,3
Jornada a tiempo parcial;09 Cataluña;8;2023;2.952,3
Jornada a tiempo parcial;09 Cataluña;8;2022;2.510,3
Jornada a tiempo parcial;09 Cataluña;8;2021;2.499,9
Jornada a tiempo parcial;09 Cataluña;8;2020;2.542,9
Jornada a tiempo parcial;09 Cataluña;8;2019;2.511,0
Jornada a tiempo parcial;09 Cataluña;8;2018;2.531,0
Jornada a tiempo parcial;09 Cataluña;8;2017;2.356,5
Jornada a tiempo parcial;09 Cataluña;8;2016;2.194,6
Jornada a tiempo parcial;09 Cataluña;8;2015;2.344,7
Jornada a tiempo parcial;09 Cataluña;8;2014;2.251,4
Jornada a tiempo parcial;09 Cataluña;8;2013;2.357,1
Jornada a tiempo parcial;09 Cataluña;8;2012;2.304,1
Jornada a tiempo parcial;09 Cataluña;8;2011;2.258,7
Jornada a tiempo parcial;09 Cataluña;8;2010;2.291,7
Jornada a tiempo parcial;09 Cataluña;8;2009;2.223,8
Jornada a tiempo parcial;09 Cataluña;8;2008;2.158,7
Jornada a tiempo parcial;09 Cataluña;8;2007;2.092,8
Jornada a tiempo parcial;09 Cataluña;8;2006;1.986,3
Jornada a tiempo parcial;09 Cataluña;9;2024;3.417,8
Jornada a tiempo parcial;09 Cataluña;9;2023;3.158,0
Jornada a tiempo parcial;09 Cataluña;9;2022;3.073,0
Jornada a tiempo parcial;09 Cataluña;9;2021;2.865,6
Jornada a tiempo parcial;09 Cataluña;9;2020;3.058,2
Jornada a tiempo parcial;09 Cataluña;9;2019;2.800,8
Jornada a tiempo parcial;09 Cataluña;9;2018;2.829,7
Jornada a tiempo parcial;09 Cataluña;9;2017;2.866,2
Jornada a tiempo parcial;09 Cataluña;9;2016;2.832,5
Jornada a tiempo parcial;09 Cataluña;9;2015;3.093,1
Jornada a tiempo parcial;09 Cataluña;9;2014;2.829,5
Jornada a tiempo parcial;09 Cataluña;9;2013;..
Jornada a tiempo parcial;09 Cataluña;9;2012;2.621,2
Jornada a tiempo parcial;09 Cataluña;9;2011;2.523,2
Jornada a tiempo parcial;09 Cataluña;9;2010;2.816,5
Jornada a tiempo parcial;09 Cataluña;9;2009;2.776,6
Jornada a tiempo parcial;09 Cataluña;9;2008;2.730,2
Jornada a tiempo parcial;09 Cataluña;9;2007;2.524,6
Jornada a tiempo parcial;09 Cataluña;9;2006;2.407,7
Jornada a tiempo parcial;09 Cataluña;10;2024;..
Jornada a tiempo parcial;09 Cataluña;10;2023;..
Jornada a tiempo parcial;09 Cataluña;10;2022;..
Jornada a tiempo parcial;09 Cataluña;10;2021;..
Jornada a tiempo parcial;09 Cataluña;10;2020;..
Jornada a tiempo parcial;09 Cataluña;10;2019;..
Jornada a tiempo parcial;09 Cataluña;10;2018;..
Jornada a tiempo parcial;09 Cataluña;10;2017;..
Jornada a tiempo parcial;09 Cataluña;10;2016;..
Jornada a tiempo parcial;09 Cataluña;10;2015;..
Jornada a tiempo parcial;09 Cataluña;10;2014;..
Jornada a tiempo parcial;09 Cataluña;10;2013;..
Jornada a tiempo parcial;09 Cataluña;10;2012;..
Jornada a tiempo parcial;09 Cataluña;10;2011;..
Jornada a tiempo parcial;09 Cataluña;10;2010;..
Jornada a tiempo parcial;09 Cataluña;10;2009;..
Jornada a tiempo parcial;09 Cataluña;10;2008;..
Jornada a tiempo parcial;09 Cataluña;10;2007;..
Jornada a tiempo parcial;09 Cataluña;10;2006;..
Jornada a tiempo parcial;10 Comunitat Valenciana;Total;2024;930,6
Jornada a tiempo parcial;10 Comunitat Valenciana;Total;2023;862,3
Jornada a tiempo parcial;10 Comunitat Valenciana;Total;2022;882,5
Jornada a tiempo parcial;10 Comunitat Valenciana;Total;2021;785,8
Jornada a tiempo parcial;10 Comunitat Valenciana;Total;2020;758,0
Jornada a tiempo parcial;10 Comunitat Valenciana;Total;2019;737,4
Jornada a tiempo parcial;10 Comunitat Valenciana;Total;2018;684,6
Jornada a tiempo parcial;10 Comunitat Valenciana;Total;2017;712,6
Jornada a tiempo parcial;10 Comunitat Valenciana;Total;2016;727,2
Jornada a tiempo parcial;10 Comunitat Valenciana;Total;2015;615,8
Jornada a tiempo parcial;10 Comunitat Valenciana;Total;2014;697,1
Jornada a tiempo parcial;10 Comunitat Valenciana;Total;2013;679,5
Jornada a tiempo parcial;10 Comunitat Valenciana;Total;2012;674,1
Jornada a tiempo parcial;10 Comunitat Valenciana;Total;2011;637,4
Jornada a tiempo parcial;10 Comunitat Valenciana;Total;2010;664,9
Jornada a tiempo parcial;10 Comunitat Valenciana;Total;2009;646,7
Jornada a tiempo parcial;10 Comunitat Valenciana;Total;2008;667,1
Jornada a tiempo parcial;10 Comunitat Valenciana;Total;2007;631,4
Jornada a tiempo parcial;10 Comunitat Valenciana;Total;2006;574,1
Jornada a tiempo parcial;10 Comunitat Valenciana;1;2024;678,9
Jornada a tiempo parcial;10 Comunitat Valenciana;1;2023;609,0
Jornada a tiempo parcial;10 Comunitat Valenciana;1;2022;592,3
Jornada a tiempo parcial;10 Comunitat Valenciana;1;2021;561,9
Jornada a tiempo parcial;10 Comunitat Valenciana;1;2020;511,5
Jornada a tiempo parcial;10 Comunitat Valenciana;1;2019;514,2
Jornada a tiempo parcial;10 Comunitat Valenciana;1;2018;433,3
Jornada a tiempo parcial;10 Comunitat Valenciana;1;2017;425,3
Jornada a tiempo parcial;10 Comunitat Valenciana;1;2016;446,6
Jornada a tiempo parcial;10 Comunitat Valenciana;1;2015;384,8
Jornada a tiempo parcial;10 Comunitat Valenciana;1;2014;421,0
Jornada a tiempo parcial;10 Comunitat Valenciana;1;2013;390,6
Jornada a tiempo parcial;10 Comunitat Valenciana;1;2012;412,6
Jornada a tiempo parcial;10 Comunitat Valenciana;1;2011;440,9
Jornada a tiempo parcial;10 Comunitat Valenciana;1;2010;456,1
Jornada a tiempo parcial;10 Comunitat Valenciana;1;2009;467,9
Jornada a tiempo parcial;10 Comunitat Valenciana;1;2008;477,2
Jornada a tiempo parcial;10 Comunitat Valenciana;1;2007;469,7
Jornada a tiempo parcial;10 Comunitat Valenciana;1;2006;444,6
Jornada a tiempo parcial;10 Comunitat Valenciana;2;2024;1.221,9
Jornada a tiempo parcial;10 Comunitat Valenciana;2;2023;1.155,6
Jornada a tiempo parcial;10 Comunitat Valenciana;2;2022;1.101,1
Jornada a tiempo parcial;10 Comunitat Valenciana;2;2021;997,7
Jornada a tiempo parcial;10 Comunitat Valenciana;2;2020;933,4
Jornada a tiempo parcial;10 Comunitat Valenciana;2;2019;930,8
Jornada a tiempo parcial;10 Comunitat Valenciana;2;2018;876,9
Jornada a tiempo parcial;10 Comunitat Valenciana;2;2017;828,4
Jornada a tiempo parcial;10 Comunitat Valenciana;2;2016;817,6
Jornada a tiempo parcial;10 Comunitat Valenciana;2;2015;791,8
Jornada a tiempo parcial;10 Comunitat Valenciana;2;2014;795,0
Jornada a tiempo parcial;10 Comunitat Valenciana;2;2013;794,1
Jornada a tiempo parcial;10 Comunitat Valenciana;2;2012;772,4
Jornada a tiempo parcial;10 Comunitat Valenciana;2;2011;824,6
Jornada a tiempo parcial;10 Comunitat Valenciana;2;2010;834,0
Jornada a tiempo parcial;10 Comunitat Valenciana;2;2009;827,7
Jornada a tiempo parcial;10 Comunitat Valenciana;2;2008;850,1
Jornada a tiempo parcial;10 Comunitat Valenciana;2;2007;824,9
Jornada a tiempo parcial;10 Comunitat Valenciana;2;2006;763,8
Jornada a tiempo parcial;10 Comunitat Valenciana;3;2024;1.491,8
Jornada a tiempo parcial;10 Comunitat Valenciana;3;2023;1.425,0
Jornada a tiempo parcial;10 Comunitat Valenciana;3;2022;1.331,0
Jornada a tiempo parcial;10 Comunitat Valenciana;3;2021;1.252,3
Jornada a tiempo parcial;10 Comunitat Valenciana;3;2020;1.239,8
Jornada a tiempo parcial;10 Comunitat Valenciana;3;2019;1.209,0
Jornada a tiempo parcial;10 Comunitat Valenciana;3;2018;1.152,3
Jornada a tiempo parcial;10 Comunitat Valenciana;3;2017;1.082,3
Jornada a tiempo parcial;10 Comunitat Valenciana;3;2016;1.107,5
Jornada a tiempo parcial;10 Comunitat Valenciana;3;2015;1.094,0
Jornada a tiempo parcial;10 Comunitat Valenciana;3;2014;1.108,6
Jornada a tiempo parcial;10 Comunitat Valenciana;3;2013;1.061,7
Jornada a tiempo parcial;10 Comunitat Valenciana;3;2012;1.119,7
Jornada a tiempo parcial;10 Comunitat Valenciana;3;2011;1.089,4
Jornada a tiempo parcial;10 Comunitat Valenciana;3;2010;1.147,6
Jornada a tiempo parcial;10 Comunitat Valenciana;3;2009;1.114,0
Jornada a tiempo parcial;10 Comunitat Valenciana;3;2008;1.121,0
Jornada a tiempo parcial;10 Comunitat Valenciana;3;2007;1.028,6
Jornada a tiempo parcial;10 Comunitat Valenciana;3;2006;979,7
Jornada a tiempo parcial;10 Comunitat Valenciana;4;2024;1.692,4
Jornada a tiempo parcial;10 Comunitat Valenciana;4;2023;1.623,9
Jornada a tiempo parcial;10 Comunitat Valenciana;4;2022;1.504,2
Jornada a tiempo parcial;10 Comunitat Valenciana;4;2021;1.464,7
Jornada a tiempo parcial;10 Comunitat Valenciana;4;2020;1.399,0
Jornada a tiempo parcial;10 Comunitat Valenciana;4;2019;1.413,3
Jornada a tiempo parcial;10 Comunitat Valenciana;4;2018;1.353,4
Jornada a tiempo parcial;10 Comunitat Valenciana;4;2017;1.320,7
Jornada a tiempo parcial;10 Comunitat Valenciana;4;2016;1.320,5
Jornada a tiempo parcial;10 Comunitat Valenciana;4;2015;1.299,4
Jornada a tiempo parcial;10 Comunitat Valenciana;4;2014;1.319,8
Jornada a tiempo parcial;10 Comunitat Valenciana;4;2013;1.308,9
Jornada a tiempo parcial;10 Comunitat Valenciana;4;2012;1.354,0
Jornada a tiempo parcial;10 Comunitat Valenciana;4;2011;1.264,2
Jornada a tiempo parcial;10 Comunitat Valenciana;4;2010;1.291,6
Jornada a tiempo parcial;10 Comunitat Valenciana;4;2009;1.277,2
Jornada a tiempo parcial;10 Comunitat Valenciana;4;2008;1.270,3
Jornada a tiempo parcial;10 Comunitat Valenciana;4;2007;1.177,7
Jornada a tiempo parcial;10 Comunitat Valenciana;4;2006;1.142,5
Jornada a tiempo parcial;10 Comunitat Valenciana;5;2024;1.846,6
Jornada a tiempo parcial;10 Comunitat Valenciana;5;2023;1.819,3
Jornada a tiempo parcial;10 Comunitat Valenciana;5;2022;1.680,7
Jornada a tiempo parcial;10 Comunitat Valenciana;5;2021;1.642,1
Jornada a tiempo parcial;10 Comunitat Valenciana;5;2020;1.591,2
Jornada a tiempo parcial;10 Comunitat Valenciana;5;2019;1.602,4
Jornada a tiempo parcial;10 Comunitat Valenciana;5;2018;1.575,8
Jornada a tiempo parcial;10 Comunitat Valenciana;5;2017;1.462,6
Jornada a tiempo parcial;10 Comunitat Valenciana;5;2016;1.476,2
Jornada a tiempo parcial;10 Comunitat Valenciana;5;2015;1.486,6
Jornada a tiempo parcial;10 Comunitat Valenciana;5;2014;1.506,3
Jornada a tiempo parcial;10 Comunitat Valenciana;5;2013;1.498,4
Jornada a tiempo parcial;10 Comunitat Valenciana;5;2012;1.466,7
Jornada a tiempo parcial;10 Comunitat Valenciana;5;2011;1.524,7
Jornada a tiempo parcial;10 Comunitat Valenciana;5;2010;1.490,8
Jornada a tiempo parcial;10 Comunitat Valenciana;5;2009;1.380,3
Jornada a tiempo parcial;10 Comunitat Valenciana;5;2008;1.419,7
Jornada a tiempo parcial;10 Comunitat Valenciana;5;2007;1.343,8
Jornada a tiempo parcial;10 Comunitat Valenciana;5;2006;1.278,4
Jornada a tiempo parcial;10 Comunitat Valenciana;6;2024;2.052,5
Jornada a tiempo parcial;10 Comunitat Valenciana;6;2023;2.038,2
Jornada a tiempo parcial;10 Comunitat Valenciana;6;2022;1.873,7
Jornada a tiempo parcial;10 Comunitat Valenciana;6;2021;1.802,3
Jornada a tiempo parcial;10 Comunitat Valenciana;6;2020;1.847,4
Jornada a tiempo parcial;10 Comunitat Valenciana;6;2019;1.813,3
Jornada a tiempo parcial;10 Comunitat Valenciana;6;2018;1.841,6
Jornada a tiempo parcial;10 Comunitat Valenciana;6;2017;1.702,3
Jornada a tiempo parcial;10 Comunitat Valenciana;6;2016;1.683,2
Jornada a tiempo parcial;10 Comunitat Valenciana;6;2015;1.677,4
Jornada a tiempo parcial;10 Comunitat Valenciana;6;2014;1.720,8
Jornada a tiempo parcial;10 Comunitat Valenciana;6;2013;1.682,7
Jornada a tiempo parcial;10 Comunitat Valenciana;6;2012;1.666,5
Jornada a tiempo parcial;10 Comunitat Valenciana;6;2011;1.663,3
Jornada a tiempo parcial;10 Comunitat Valenciana;6;2010;1.748,8
Jornada a tiempo parcial;10 Comunitat Valenciana;6;2009;1.603,0
Jornada a tiempo parcial;10 Comunitat Valenciana;6;2008;1.581,5
Jornada a tiempo parcial;10 Comunitat Valenciana;6;2007;1.488,8
Jornada a tiempo parcial;10 Comunitat Valenciana;6;2006;1.430,2
Jornada a tiempo parcial;10 Comunitat Valenciana;7;2024;2.488,2
Jornada a tiempo parcial;10 Comunitat Valenciana;7;2023;..
Jornada a tiempo parcial;10 Comunitat Valenciana;7;2022;2.101,2
Jornada a tiempo parcial;10 Comunitat Valenciana;7;2021;2.048,5
Jornada a tiempo parcial;10 Comunitat Valenciana;7;2020;2.128,1
Jornada a tiempo parcial;10 Comunitat Valenciana;7;2019;2.012,1
Jornada a tiempo parcial;10 Comunitat Valenciana;7;2018;1.967,6
Jornada a tiempo parcial;10 Comunitat Valenciana;7;2017;1.990,9
Jornada a tiempo parcial;10 Comunitat Valenciana;7;2016;2.005,3
Jornada a tiempo parcial;10 Comunitat Valenciana;7;2015;1.956,8
Jornada a tiempo parcial;10 Comunitat Valenciana;7;2014;1.962,5
Jornada a tiempo parcial;10 Comunitat Valenciana;7;2013;1.927,3
Jornada a tiempo parcial;10 Comunitat Valenciana;7;2012;1.979,2
Jornada a tiempo parcial;10 Comunitat Valenciana;7;2011;1.837,0
Jornada a tiempo parcial;10 Comunitat Valenciana;7;2010;1.913,8
Jornada a tiempo parcial;10 Comunitat Valenciana;7;2009;1.820,2
Jornada a tiempo parcial;10 Comunitat Valenciana;7;2008;1.817,3
Jornada a tiempo parcial;10 Comunitat Valenciana;7;2007;1.759,5
Jornada a tiempo parcial;10 Comunitat Valenciana;7;2006;1.561,3
Jornada a tiempo parcial;10 Comunitat Valenciana;8;2024;..
Jornada a tiempo parcial;10 Comunitat Valenciana;8;2023;2.959,0
Jornada a tiempo parcial;10 Comunitat Valenciana;8;2022;2.528,9
Jornada a tiempo parcial;10 Comunitat Valenciana;8;2021;2.493,0
Jornada a tiempo parcial;10 Comunitat Valenciana;8;2020;2.531,2
Jornada a tiempo parcial;10 Comunitat Valenciana;8;2019;2.475,2
Jornada a tiempo parcial;10 Comunitat Valenciana;8;2018;2.306,0
Jornada a tiempo parcial;10 Comunitat Valenciana;8;2017;2.427,7
Jornada a tiempo parcial;10 Comunitat Valenciana;8;2016;2.223,4
Jornada a tiempo parcial;10 Comunitat Valenciana;8;2015;2.423,7
Jornada a tiempo parcial;10 Comunitat Valenciana;8;2014;..
Jornada a tiempo parcial;10 Comunitat Valenciana;8;2013;2.514,9
Jornada a tiempo parcial;10 Comunitat Valenciana;8;2012;2.234,8
Jornada a tiempo parcial;10 Comunitat Valenciana;8;2011;..
Jornada a tiempo parcial;10 Comunitat Valenciana;8;2010;..
Jornada a tiempo parcial;10 Comunitat Valenciana;8;2009;2.135,6
Jornada a tiempo parcial;10 Comunitat Valenciana;8;2008;2.201,3
Jornada a tiempo parcial;10 Comunitat Valenciana;8;2007;2.033,4
Jornada a tiempo parcial;10 Comunitat Valenciana;8;2006;..
Jornada a tiempo parcial;10 Comunitat Valenciana;9;2024;3.444,9
Jornada a tiempo parcial;10 Comunitat Valenciana;9;2023;3.190,6
Jornada a tiempo parcial;10 Comunitat Valenciana;9;2022;3.111,0
Jornada a tiempo parcial;10 Comunitat Valenciana;9;2021;2.964,7
Jornada a tiempo parcial;10 Comunitat Valenciana;9;2020;2.999,4
Jornada a tiempo parcial;10 Comunitat Valenciana;9;2019;2.804,4
Jornada a tiempo parcial;10 Comunitat Valenciana;9;2018;2.759,0
Jornada a tiempo parcial;10 Comunitat Valenciana;9;2017;2.933,8
Jornada a tiempo parcial;10 Comunitat Valenciana;9;2016;2.653,9
Jornada a tiempo parcial;10 Comunitat Valenciana;9;2015;..
Jornada a tiempo parcial;10 Comunitat Valenciana;9;2014;..
Jornada a tiempo parcial;10 Comunitat Valenciana;9;2013;..
Jornada a tiempo parcial;10 Comunitat Valenciana;9;2012;..
Jornada a tiempo parcial;10 Comunitat Valenciana;9;2011;2.523,2
Jornada a tiempo parcial;10 Comunitat Valenciana;9;2010;..
Jornada a tiempo parcial;10 Comunitat Valenciana;9;2009;2.677,4
Jornada a tiempo parcial;10 Comunitat Valenciana;9;2008;2.910,6
Jornada a tiempo parcial;10 Comunitat Valenciana;9;2007;2.559,9
Jornada a tiempo parcial;10 Comunitat Valenciana;9;2006;2.249,1
Jornada a tiempo parcial;10 Comunitat Valenciana;10;2024;..
Jornada a tiempo parcial;10 Comunitat Valenciana;10;2023;..
Jornada a tiempo parcial;10 Comunitat Valenciana;10;2022;4.104,9
Jornada a tiempo parcial;10 Comunitat Valenciana;10;2021;..
Jornada a tiempo parcial;10 Comunitat Valenciana;10;2020;..
Jornada a tiempo parcial;10 Comunitat Valenciana;10;2019;..
Jornada a tiempo parcial;10 Comunitat Valenciana;10;2018;..
Jornada a tiempo parcial;10 Comunitat Valenciana;10;2017;..
Jornada a tiempo parcial;10 Comunitat Valenciana;10;2016;..
Jornada a tiempo parcial;10 Comunitat Valenciana;10;2015;..
Jornada a tiempo parcial;10 Comunitat Valenciana;10;2014;..
Jornada a tiempo parcial;10 Comunitat Valenciana;10;2013;..
Jornada a tiempo parcial;10 Comunitat Valenciana;10;2012;..
Jornada a tiempo parcial;10 Comunitat Valenciana;10;2011;..
Jornada a tiempo parcial;10 Comunitat Valenciana;10;2010;..
Jornada a tiempo parcial;10 Comunitat Valenciana;10;2009;..
Jornada a tiempo parcial;10 Comunitat Valenciana;10;2008;..
Jornada a tiempo parcial;10 Comunitat Valenciana;10;2007;..
Jornada a tiempo parcial;10 Comunitat Valenciana;10;2006;..
Jornada a tiempo parcial;11 Extremadura;Total;2024;913,4
Jornada a tiempo parcial;11 Extremadura;Total;2023;777,6
Jornada a tiempo parcial;11 Extremadura;Total;2022;750,8
Jornada a tiempo parcial;11 Extremadura;Total;2021;730,0
Jornada a tiempo parcial;11 Extremadura;Total;2020;704,7
Jornada a tiempo parcial;11 Extremadura;Total;2019;669,4
Jornada a tiempo parcial;11 Extremadura;Total;2018;618,8
Jornada a tiempo parcial;11 Extremadura;Total;2017;636,6
Jornada a tiempo parcial;11 Extremadura;Total;2016;604,9
Jornada a tiempo parcial;11 Extremadura;Total;2015;581,2
Jornada a tiempo parcial;11 Extremadura;Total;2014;598,7
Jornada a tiempo parcial;11 Extremadura;Total;2013;546,5
Jornada a tiempo parcial;11 Extremadura;Total;2012;618,7
Jornada a tiempo parcial;11 Extremadura;Total;2011;595,4
Jornada a tiempo parcial;11 Extremadura;Total;2010;615,9
Jornada a tiempo parcial;11 Extremadura;Total;2009;605,8
Jornada a tiempo parcial;11 Extremadura;Total;2008;614,9
Jornada a tiempo parcial;11 Extremadura;Total;2007;545,3
Jornada a tiempo parcial;11 Extremadura;Total;2006;565,1
Jornada a tiempo parcial;11 Extremadura;1;2024;680,8
Jornada a tiempo parcial;11 Extremadura;1;2023;622,2
Jornada a tiempo parcial;11 Extremadura;1;2022;554,1
Jornada a tiempo parcial;11 Extremadura;1;2021;559,0
Jornada a tiempo parcial;11 Extremadura;1;2020;502,9
Jornada a tiempo parcial;11 Extremadura;1;2019;463,8
Jornada a tiempo parcial;11 Extremadura;1;2018;436,3
Jornada a tiempo parcial;11 Extremadura;1;2017;463,8
Jornada a tiempo parcial;11 Extremadura;1;2016;456,8
Jornada a tiempo parcial;11 Extremadura;1;2015;395,8
Jornada a tiempo parcial;11 Extremadura;1;2014;390,3
Jornada a tiempo parcial;11 Extremadura;1;2013;399,5
Jornada a tiempo parcial;11 Extremadura;1;2012;427,0
Jornada a tiempo parcial;11 Extremadura;1;2011;445,4
Jornada a tiempo parcial;11 Extremadura;1;2010;465,2
Jornada a tiempo parcial;11 Extremadura;1;2009;481,1
Jornada a tiempo parcial;11 Extremadura;1;2008;450,6
Jornada a tiempo parcial;11 Extremadura;1;2007;426,8
Jornada a tiempo parcial;11 Extremadura;1;2006;443,2
Jornada a tiempo parcial;11 Extremadura;2;2024;1.183,7
Jornada a tiempo parcial;11 Extremadura;2;2023;1.146,1
Jornada a tiempo parcial;11 Extremadura;2;2022;1.058,8
Jornada a tiempo parcial;11 Extremadura;2;2021;975,2
Jornada a tiempo parcial;11 Extremadura;2;2020;918,9
Jornada a tiempo parcial;11 Extremadura;2;2019;932,2
Jornada a tiempo parcial;11 Extremadura;2;2018;862,9
Jornada a tiempo parcial;11 Extremadura;2;2017;801,9
Jornada a tiempo parcial;11 Extremadura;2;2016;809,9
Jornada a tiempo parcial;11 Extremadura;2;2015;775,1
Jornada a tiempo parcial;11 Extremadura;2;2014;792,3
Jornada a tiempo parcial;11 Extremadura;2;2013;746,6
Jornada a tiempo parcial;11 Extremadura;2;2012;781,1
Jornada a tiempo parcial;11 Extremadura;2;2011;792,8
Jornada a tiempo parcial;11 Extremadura;2;2010;836,6
Jornada a tiempo parcial;11 Extremadura;2;2009;810,4
Jornada a tiempo parcial;11 Extremadura;2;2008;846,0
Jornada a tiempo parcial;11 Extremadura;2;2007;821,7
Jornada a tiempo parcial;11 Extremadura;2;2006;777,5
Jornada a tiempo parcial;11 Extremadura;3;2024;1.484,5
Jornada a tiempo parcial;11 Extremadura;3;2023;1.434,5
Jornada a tiempo parcial;11 Extremadura;3;2022;1.318,0
Jornada a tiempo parcial;11 Extremadura;3;2021;1.235,0
Jornada a tiempo parcial;11 Extremadura;3;2020;1.200,7
Jornada a tiempo parcial;11 Extremadura;3;2019;1.224,2
Jornada a tiempo parcial;11 Extremadura;3;2018;1.143,8
Jornada a tiempo parcial;11 Extremadura;3;2017;1.121,1
Jornada a tiempo parcial;11 Extremadura;3;2016;1.089,0
Jornada a tiempo parcial;11 Extremadura;3;2015;1.102,9
Jornada a tiempo parcial;11 Extremadura;3;2014;1.145,8
Jornada a tiempo parcial;11 Extremadura;3;2013;1.049,2
Jornada a tiempo parcial;11 Extremadura;3;2012;1.104,1
Jornada a tiempo parcial;11 Extremadura;3;2011;1.077,8
Jornada a tiempo parcial;11 Extremadura;3;2010;1.102,6
Jornada a tiempo parcial;11 Extremadura;3;2009;1.070,8
Jornada a tiempo parcial;11 Extremadura;3;2008;1.142,9
Jornada a tiempo parcial;11 Extremadura;3;2007;1.027,9
Jornada a tiempo parcial;11 Extremadura;3;2006;963,5
Jornada a tiempo parcial;11 Extremadura;4;2024;1.685,0
Jornada a tiempo parcial;11 Extremadura;4;2023;1.550,7
Jornada a tiempo parcial;11 Extremadura;4;2022;1.481,8
Jornada a tiempo parcial;11 Extremadura;4;2021;1.443,8
Jornada a tiempo parcial;11 Extremadura;4;2020;1.384,9
Jornada a tiempo parcial;11 Extremadura;4;2019;1.412,7
Jornada a tiempo parcial;11 Extremadura;4;2018;1.299,0
Jornada a tiempo parcial;11 Extremadura;4;2017;1.322,4
Jornada a tiempo parcial;11 Extremadura;4;2016;1.325,7
Jornada a tiempo parcial;11 Extremadura;4;2015;1.299,8
Jornada a tiempo parcial;11 Extremadura;4;2014;1.303,8
Jornada a tiempo parcial;11 Extremadura;4;2013;1.327,6
Jornada a tiempo parcial;11 Extremadura;4;2012;1.272,8
Jornada a tiempo parcial;11 Extremadura;4;2011;1.306,5
Jornada a tiempo parcial;11 Extremadura;4;2010;1.278,1
Jornada a tiempo parcial;11 Extremadura;4;2009;1.292,0
Jornada a tiempo parcial;11 Extremadura;4;2008;..
Jornada a tiempo parcial;11 Extremadura;4;2007;1.218,1
Jornada a tiempo parcial;11 Extremadura;4;2006;..
Jornada a tiempo parcial;11 Extremadura;5;2024;1.876,7
Jornada a tiempo parcial;11 Extremadura;5;2023;1.738,3
Jornada a tiempo parcial;11 Extremadura;5;2022;1.645,8
Jornada a tiempo parcial;11 Extremadura;5;2021;..
Jornada a tiempo parcial;11 Extremadura;5;2020;1.580,6
Jornada a tiempo parcial;11 Extremadura;5;2019;1.558,6
Jornada a tiempo parcial;11 Extremadura;5;2018;1.471,7
Jornada a tiempo parcial;11 Extremadura;5;2017;1.453,7
Jornada a tiempo parcial;11 Extremadura;5;2016;1.521,5
Jornada a tiempo parcial;11 Extremadura;5;2015;1.518,9
Jornada a tiempo parcial;11 Extremadura;5;2014;1.484,0
Jornada a tiempo parcial;11 Extremadura;5;2013;1.488,8
Jornada a tiempo parcial;11 Extremadura;5;2012;1.527,2
Jornada a tiempo parcial;11 Extremadura;5;2011;1.544,7
Jornada a tiempo parcial;11 Extremadura;5;2010;..
Jornada a tiempo parcial;11 Extremadura;5;2009;1.412,5
Jornada a tiempo parcial;11 Extremadura;5;2008;1.352,5
Jornada a tiempo parcial;11 Extremadura;5;2007;1.379,4
Jornada a tiempo parcial;11 Extremadura;5;2006;1.256,2
Jornada a tiempo parcial;11 Extremadura;6;2024;2.141,5
Jornada a tiempo parcial;11 Extremadura;6;2023;..
Jornada a tiempo parcial;11 Extremadura;6;2022;..
Jornada a tiempo parcial;11 Extremadura;6;2021;1.819,2
Jornada a tiempo parcial;11 Extremadura;6;2020;..
Jornada a tiempo parcial;11 Extremadura;6;2019;1.754,3
Jornada a tiempo parcial;11 Extremadura;6;2018;..
Jornada a tiempo parcial;11 Extremadura;6;2017;1.697,8
Jornada a tiempo parcial;11 Extremadura;6;2016;..
Jornada a tiempo parcial;11 Extremadura;6;2015;1.793,5
Jornada a tiempo parcial;11 Extremadura;6;2014;1.633,4
Jornada a tiempo parcial;11 Extremadura;6;2013;..
Jornada a tiempo parcial;11 Extremadura;6;2012;1.741,6
Jornada a tiempo parcial;11 Extremadura;6;2011;1.682,7
Jornada a tiempo parcial;11 Extremadura;6;2010;1.633,4
Jornada a tiempo parcial;11 Extremadura;6;2009;..
Jornada a tiempo parcial;11 Extremadura;6;2008;1.532,8
Jornada a tiempo parcial;11 Extremadura;6;2007;..
Jornada a tiempo parcial;11 Extremadura;6;2006;..
Jornada a tiempo parcial;11 Extremadura;7;2024;..
Jornada a tiempo parcial;11 Extremadura;7;2023;..
Jornada a tiempo parcial;11 Extremadura;7;2022;2.316,8
Jornada a tiempo parcial;11 Extremadura;7;2021;..
Jornada a tiempo parcial;11 Extremadura;7;2020;2.001,6
Jornada a tiempo parcial;11 Extremadura;7;2019;..
Jornada a tiempo parcial;11 Extremadura;7;2018;1.994,9
Jornada a tiempo parcial;11 Extremadura;7;2017;..
Jornada a tiempo parcial;11 Extremadura;7;2016;..
Jornada a tiempo parcial;11 Extremadura;7;2015;1.903,8
Jornada a tiempo parcial;11 Extremadura;7;2014;..
Jornada a tiempo parcial;11 Extremadura;7;2013;..
Jornada a tiempo parcial;11 Extremadura;7;2012;1.901,7
Jornada a tiempo parcial;11 Extremadura;7;2011;..
Jornada a tiempo parcial;11 Extremadura;7;2010;1.884,9
Jornada a tiempo parcial;11 Extremadura;7;2009;1.872,9
Jornada a tiempo parcial;11 Extremadura;7;2008;1.689,8
Jornada a tiempo parcial;11 Extremadura;7;2007;..
Jornada a tiempo parcial;11 Extremadura;7;2006;..
Jornada a tiempo parcial;11 Extremadura;8;2024;..
Jornada a tiempo parcial;11 Extremadura;8;2023;2.555,7
Jornada a tiempo parcial;11 Extremadura;8;2022;..
Jornada a tiempo parcial;11 Extremadura;8;2021;..
Jornada a tiempo parcial;11 Extremadura;8;2020;2.536,0
Jornada a tiempo parcial;11 Extremadura;8;2019;2.283,0
Jornada a tiempo parcial;11 Extremadura;8;2018;..
Jornada a tiempo parcial;11 Extremadura;8;2017;2.239,3
Jornada a tiempo parcial;11 Extremadura;8;2016;2.427,5
Jornada a tiempo parcial;11 Extremadura;8;2015;..
Jornada a tiempo parcial;11 Extremadura;8;2014;..
Jornada a tiempo parcial;11 Extremadura;8;2013;2.316,7
Jornada a tiempo parcial;11 Extremadura;8;2012;..
Jornada a tiempo parcial;11 Extremadura;8;2011;2.128,2
Jornada a tiempo parcial;11 Extremadura;8;2010;2.262,5
Jornada a tiempo parcial;11 Extremadura;8;2009;2.080,2
Jornada a tiempo parcial;11 Extremadura;8;2008;2.027,7
Jornada a tiempo parcial;11 Extremadura;8;2007;1.881,6
Jornada a tiempo parcial;11 Extremadura;8;2006;1.944,4
Jornada a tiempo parcial;11 Extremadura;9;2024;..
Jornada a tiempo parcial;11 Extremadura;9;2023;..
Jornada a tiempo parcial;11 Extremadura;9;2022;2.988,1
Jornada a tiempo parcial;11 Extremadura;9;2021;..
Jornada a tiempo parcial;11 Extremadura;9;2020;3.063,8
Jornada a tiempo parcial;11 Extremadura;9;2019;..
Jornada a tiempo parcial;11 Extremadura;9;2018;..
Jornada a tiempo parcial;11 Extremadura;9;2017;2.980,7
Jornada a tiempo parcial;11 Extremadura;9;2016;..
Jornada a tiempo parcial;11 Extremadura;9;2015;..
Jornada a tiempo parcial;11 Extremadura;9;2014;3.002,3
Jornada a tiempo parcial;11 Extremadura;9;2013;..
Jornada a tiempo parcial;11 Extremadura;9;2012;..
Jornada a tiempo parcial;11 Extremadura;9;2011;2.533,1
Jornada a tiempo parcial;11 Extremadura;9;2010;..
Jornada a tiempo parcial;11 Extremadura;9;2009;2.872,7
Jornada a tiempo parcial;11 Extremadura;9;2008;2.390,7
Jornada a tiempo parcial;11 Extremadura;9;2007;2.341,6
Jornada a tiempo parcial;11 Extremadura;9;2006;2.537,3
Jornada a tiempo parcial;11 Extremadura;10;2024;..
Jornada a tiempo parcial;11 Extremadura;10;2023;..
Jornada a tiempo parcial;11 Extremadura;10;2022;..
Jornada a tiempo parcial;11 Extremadura;10;2021;..
Jornada a tiempo parcial;11 Extremadura;10;2020;..
Jornada a tiempo parcial;11 Extremadura;10;2019;..
Jornada a tiempo parcial;11 Extremadura;10;2018;..
Jornada a tiempo parcial;11 Extremadura;10;2017;..
Jornada a tiempo parcial;11 Extremadura;10;2016;..
Jornada a tiempo parcial;11 Extremadura;10;2015;..
Jornada a tiempo parcial;11 Extremadura;10;2014;..
Jornada a tiempo parcial;11 Extremadura;10;2013;..
Jornada a tiempo parcial;11 Extremadura;10;2012;..
Jornada a tiempo parcial;11 Extremadura;10;2011;..
Jornada a tiempo parcial;11 Extremadura;10;2010;..
Jornada a tiempo parcial;11 Extremadura;10;2009;..
Jornada a tiempo parcial;11 Extremadura;10;2008;..
Jornada a tiempo parcial;11 Extremadura;10;2007;..
Jornada a tiempo parcial;11 Extremadura;10;2006;..
Jornada a tiempo parcial;12 Galicia;Total;2024;995,5
Jornada a tiempo parcial;12 Galicia;Total;2023;895,2
Jornada a tiempo parcial;12 Galicia;Total;2022;839,2
Jornada a tiempo parcial;12 Galicia;Total;2021;817,6
Jornada a tiempo parcial;12 Galicia;Total;2020;750,1
Jornada a tiempo parcial;12 Galicia;Total;2019;763,7
Jornada a tiempo parcial;12 Galicia;Total;2018;727,0
Jornada a tiempo parcial;12 Galicia;Total;2017;682,2
Jornada a tiempo parcial;12 Galicia;Total;2016;664,6
Jornada a tiempo parcial;12 Galicia;Total;2015;661,7
Jornada a tiempo parcial;12 Galicia;Total;2014;636,6
Jornada a tiempo parcial;12 Galicia;Total;2013;647,9
Jornada a tiempo parcial;12 Galicia;Total;2012;620,0
Jornada a tiempo parcial;12 Galicia;Total;2011;653,2
Jornada a tiempo parcial;12 Galicia;Total;2010;640,7
Jornada a tiempo parcial;12 Galicia;Total;2009;630,7
Jornada a tiempo parcial;12 Galicia;Total;2008;644,7
Jornada a tiempo parcial;12 Galicia;Total;2007;581,1
Jornada a tiempo parcial;12 Galicia;Total;2006;628,9
Jornada a tiempo parcial;12 Galicia;1;2024;713,7
Jornada a tiempo parcial;12 Galicia;1;2023;612,9
Jornada a tiempo parcial;12 Galicia;1;2022;599,7
Jornada a tiempo parcial;12 Galicia;1;2021;573,9
Jornada a tiempo parcial;12 Galicia;1;2020;501,0
Jornada a tiempo parcial;12 Galicia;1;2019;528,7
Jornada a tiempo parcial;12 Galicia;1;2018;474,1
Jornada a tiempo parcial;12 Galicia;1;2017;439,0
Jornada a tiempo parcial;12 Galicia;1;2016;426,6
Jornada a tiempo parcial;12 Galicia;1;2015;412,1
Jornada a tiempo parcial;12 Galicia;1;2014;393,3
Jornada a tiempo parcial;12 Galicia;1;2013;396,9
Jornada a tiempo parcial;12 Galicia;1;2012;409,0
Jornada a tiempo parcial;12 Galicia;1;2011;444,8
Jornada a tiempo parcial;12 Galicia;1;2010;465,0
Jornada a tiempo parcial;12 Galicia;1;2009;466,6
Jornada a tiempo parcial;12 Galicia;1;2008;472,5
Jornada a tiempo parcial;12 Galicia;1;2007;453,0
Jornada a tiempo parcial;12 Galicia;1;2006;446,6
Jornada a tiempo parcial;12 Galicia;2;2024;1.194,2
Jornada a tiempo parcial;12 Galicia;2;2023;1.159,9
Jornada a tiempo parcial;12 Galicia;2;2022;1.081,0
Jornada a tiempo parcial;12 Galicia;2;2021;970,9
Jornada a tiempo parcial;12 Galicia;2;2020;940,4
Jornada a tiempo parcial;12 Galicia;2;2019;935,9
Jornada a tiempo parcial;12 Galicia;2;2018;869,0
Jornada a tiempo parcial;12 Galicia;2;2017;828,9
Jornada a tiempo parcial;12 Galicia;2;2016;841,6
Jornada a tiempo parcial;12 Galicia;2;2015;795,1
Jornada a tiempo parcial;12 Galicia;2;2014;784,8
Jornada a tiempo parcial;12 Galicia;2;2013;771,1
Jornada a tiempo parcial;12 Galicia;2;2012;791,6
Jornada a tiempo parcial;12 Galicia;2;2011;824,7
Jornada a tiempo parcial;12 Galicia;2;2010;866,8
Jornada a tiempo parcial;12 Galicia;2;2009;808,3
Jornada a tiempo parcial;12 Galicia;2;2008;847,4
Jornada a tiempo parcial;12 Galicia;2;2007;796,2
Jornada a tiempo parcial;12 Galicia;2;2006;746,2
Jornada a tiempo parcial;12 Galicia;3;2024;1.473,5
Jornada a tiempo parcial;12 Galicia;3;2023;1.420,5
Jornada a tiempo parcial;12 Galicia;3;2022;1.340,7
Jornada a tiempo parcial;12 Galicia;3;2021;1.244,1
Jornada a tiempo parcial;12 Galicia;3;2020;1.212,7
Jornada a tiempo parcial;12 Galicia;3;2019;1.196,5
Jornada a tiempo parcial;12 Galicia;3;2018;1.164,4
Jornada a tiempo parcial;12 Galicia;3;2017;1.121,4
Jornada a tiempo parcial;12 Galicia;3;2016;1.106,1
Jornada a tiempo parcial;12 Galicia;3;2015;1.087,3
Jornada a tiempo parcial;12 Galicia;3;2014;1.073,4
Jornada a tiempo parcial;12 Galicia;3;2013;1.070,1
Jornada a tiempo parcial;12 Galicia;3;2012;1.101,7
Jornada a tiempo parcial;12 Galicia;3;2011;1.132,7
Jornada a tiempo parcial;12 Galicia;3;2010;1.135,4
Jornada a tiempo parcial;12 Galicia;3;2009;1.126,2
Jornada a tiempo parcial;12 Galicia;3;2008;1.105,0
Jornada a tiempo parcial;12 Galicia;3;2007;1.027,7
Jornada a tiempo parcial;12 Galicia;3;2006;996,6
Jornada a tiempo parcial;12 Galicia;4;2024;1.646,9
Jornada a tiempo parcial;12 Galicia;4;2023;1.631,7
Jornada a tiempo parcial;12 Galicia;4;2022;1.519,6
Jornada a tiempo parcial;12 Galicia;4;2021;1.446,4
Jornada a tiempo parcial;12 Galicia;4;2020;1.431,0
Jornada a tiempo parcial;12 Galicia;4;2019;1.422,6
Jornada a tiempo parcial;12 Galicia;4;2018;1.377,2
Jornada a tiempo parcial;12 Galicia;4;2017;1.321,9
Jornada a tiempo parcial;12 Galicia;4;2016;1.319,7
Jornada a tiempo parcial;12 Galicia;4;2015;1.286,4
Jornada a tiempo parcial;12 Galicia;4;2014;1.304,8
Jornada a tiempo parcial;12 Galicia;4;2013;1.307,4
Jornada a tiempo parcial;12 Galicia;4;2012;1.329,6
Jornada a tiempo parcial;12 Galicia;4;2011;1.278,3
Jornada a tiempo parcial;12 Galicia;4;2010;1.293,1
Jornada a tiempo parcial;12 Galicia;4;2009;1.294,7
Jornada a tiempo parcial;12 Galicia;4;2008;1.216,7
Jornada a tiempo parcial;12 Galicia;4;2007;1.189,7
Jornada a tiempo parcial;12 Galicia;4;2006;1.124,2
Jornada a tiempo parcial;12 Galicia;5;2024;1.822,3
Jornada a tiempo parcial;12 Galicia;5;2023;1.791,4
Jornada a tiempo parcial;12 Galicia;5;2022;1.692,7
Jornada a tiempo parcial;12 Galicia;5;2021;1.631,6
Jornada a tiempo parcial;12 Galicia;5;2020;1.578,8
Jornada a tiempo parcial;12 Galicia;5;2019;1.561,4
Jornada a tiempo parcial;12 Galicia;5;2018;1.560,5
Jornada a tiempo parcial;12 Galicia;5;2017;1.503,4
Jornada a tiempo parcial;12 Galicia;5;2016;1.508,0
Jornada a tiempo parcial;12 Galicia;5;2015;1.510,0
Jornada a tiempo parcial;12 Galicia;5;2014;1.468,1
Jornada a tiempo parcial;12 Galicia;5;2013;1.485,9
Jornada a tiempo parcial;12 Galicia;5;2012;1.468,0
Jornada a tiempo parcial;12 Galicia;5;2011;1.495,8
Jornada a tiempo parcial;12 Galicia;5;2010;1.497,6
Jornada a tiempo parcial;12 Galicia;5;2009;1.420,8
Jornada a tiempo parcial;12 Galicia;5;2008;1.380,6
Jornada a tiempo parcial;12 Galicia;5;2007;1.338,5
Jornada a tiempo parcial;12 Galicia;5;2006;1.269,7
Jornada a tiempo parcial;12 Galicia;6;2024;2.108,0
Jornada a tiempo parcial;12 Galicia;6;2023;2.068,1
Jornada a tiempo parcial;12 Galicia;6;2022;1.880,7
Jornada a tiempo parcial;12 Galicia;6;2021;1.862,2
Jornada a tiempo parcial;12 Galicia;6;2020;1.816,5
Jornada a tiempo parcial;12 Galicia;6;2019;1.811,0
Jornada a tiempo parcial;12 Galicia;6;2018;1.734,4
Jornada a tiempo parcial;12 Galicia;6;2017;1.717,7
Jornada a tiempo parcial;12 Galicia;6;2016;1.744,4
Jornada a tiempo parcial;12 Galicia;6;2015;1.719,1
Jornada a tiempo parcial;12 Galicia;6;2014;1.688,2
Jornada a tiempo parcial;12 Galicia;6;2013;1.711,9
Jornada a tiempo parcial;12 Galicia;6;2012;1.710,0
Jornada a tiempo parcial;12 Galicia;6;2011;1.665,9
Jornada a tiempo parcial;12 Galicia;6;2010;1.652,2
Jornada a tiempo parcial;12 Galicia;6;2009;1.658,2
Jornada a tiempo parcial;12 Galicia;6;2008;..
Jornada a tiempo parcial;12 Galicia;6;2007;1.466,6
Jornada a tiempo parcial;12 Galicia;6;2006;1.427,7
Jornada a tiempo parcial;12 Galicia;7;2024;2.399,1
Jornada a tiempo parcial;12 Galicia;7;2023;2.359,0
Jornada a tiempo parcial;12 Galicia;7;2022;2.297,7
Jornada a tiempo parcial;12 Galicia;7;2021;2.148,0
Jornada a tiempo parcial;12 Galicia;7;2020;2.060,6
Jornada a tiempo parcial;12 Galicia;7;2019;2.080,7
Jornada a tiempo parcial;12 Galicia;7;2018;1.944,1
Jornada a tiempo parcial;12 Galicia;7;2017;1.940,1
Jornada a tiempo parcial;12 Galicia;7;2016;1.834,1
Jornada a tiempo parcial;12 Galicia;7;2015;1.890,5
Jornada a tiempo parcial;12 Galicia;7;2014;1.965,1
Jornada a tiempo parcial;12 Galicia;7;2013;1.906,6
Jornada a tiempo parcial;12 Galicia;7;2012;2.031,6
Jornada a tiempo parcial;12 Galicia;7;2011;1.868,8
Jornada a tiempo parcial;12 Galicia;7;2010;1.836,1
Jornada a tiempo parcial;12 Galicia;7;2009;1.818,2
Jornada a tiempo parcial;12 Galicia;7;2008;..
Jornada a tiempo parcial;12 Galicia;7;2007;1.674,3
Jornada a tiempo parcial;12 Galicia;7;2006;1.605,5
Jornada a tiempo parcial;12 Galicia;8;2024;..
Jornada a tiempo parcial;12 Galicia;8;2023;2.826,6
Jornada a tiempo parcial;12 Galicia;8;2022;2.699,0
Jornada a tiempo parcial;12 Galicia;8;2021;2.341,5
Jornada a tiempo parcial;12 Galicia;8;2020;2.606,5
Jornada a tiempo parcial;12 Galicia;8;2019;2.384,5
Jornada a tiempo parcial;12 Galicia;8;2018;2.506,3
Jornada a tiempo parcial;12 Galicia;8;2017;2.398,5
Jornada a tiempo parcial;12 Galicia;8;2016;2.287,5
Jornada a tiempo parcial;12 Galicia;8;2015;2.232,1
Jornada a tiempo parcial;12 Galicia;8;2014;2.386,6
Jornada a tiempo parcial;12 Galicia;8;2013;2.295,7
Jornada a tiempo parcial;12 Galicia;8;2012;2.311,1
Jornada a tiempo parcial;12 Galicia;8;2011;2.256,8
Jornada a tiempo parcial;12 Galicia;8;2010;2.285,5
Jornada a tiempo parcial;12 Galicia;8;2009;2.365,4
Jornada a tiempo parcial;12 Galicia;8;2008;2.232,9
Jornada a tiempo parcial;12 Galicia;8;2007;..
Jornada a tiempo parcial;12 Galicia;8;2006;2.055,9
Jornada a tiempo parcial;12 Galicia;9;2024;3.304,1
Jornada a tiempo parcial;12 Galicia;9;2023;..
Jornada a tiempo parcial;12 Galicia;9;2022;3.202,1
Jornada a tiempo parcial;12 Galicia;9;2021;..
Jornada a tiempo parcial;12 Galicia;9;2020;3.142,5
Jornada a tiempo parcial;12 Galicia;9;2019;2.860,4
Jornada a tiempo parcial;12 Galicia;9;2018;2.830,8
Jornada a tiempo parcial;12 Galicia;9;2017;2.746,2
Jornada a tiempo parcial;12 Galicia;9;2016;..
Jornada a tiempo parcial;12 Galicia;9;2015;3.222,2
Jornada a tiempo parcial;12 Galicia;9;2014;2.987,2
Jornada a tiempo parcial;12 Galicia;9;2013;2.705,2
Jornada a tiempo parcial;12 Galicia;9;2012;2.677,0
Jornada a tiempo parcial;12 Galicia;9;2011;..
Jornada a tiempo parcial;12 Galicia;9;2010;2.646,1
Jornada a tiempo parcial;12 Galicia;9;2009;..
Jornada a tiempo parcial;12 Galicia;9;2008;2.642,8
Jornada a tiempo parcial;12 Galicia;9;2007;2.436,6
Jornada a tiempo parcial;12 Galicia;9;2006;2.376,0
Jornada a tiempo parcial;12 Galicia;10;2024;..
Jornada a tiempo parcial;12 Galicia;10;2023;..
Jornada a tiempo parcial;12 Galicia;10;2022;..
Jornada a tiempo parcial;12 Galicia;10;2021;..
Jornada a tiempo parcial;12 Galicia;10;2020;..
Jornada a tiempo parcial;12 Galicia;10;2019;..
Jornada a tiempo parcial;12 Galicia;10;2018;..
Jornada a tiempo parcial;12 Galicia;10;2017;..
Jornada a tiempo parcial;12 Galicia;10;2016;..
Jornada a tiempo parcial;12 Galicia;10;2015;..
Jornada a tiempo parcial;12 Galicia;10;2014;..
Jornada a tiempo parcial;12 Galicia;10;2013;..
Jornada a tiempo parcial;12 Galicia;10;2012;..
Jornada a tiempo parcial;12 Galicia;10;2011;..
Jornada a tiempo parcial;12 Galicia;10;2010;..
Jornada a tiempo parcial;12 Galicia;10;2009;..
Jornada a tiempo parcial;12 Galicia;10;2008;..
Jornada a tiempo parcial;12 Galicia;10;2007;..
Jornada a tiempo parcial;12 Galicia;10;2006;..
Jornada a tiempo parcial;13 Madrid, Comunidad de;Total;2024;1.073,4
Jornada a tiempo parcial;13 Madrid, Comunidad de;Total;2023;925,9
Jornada a tiempo parcial;13 Madrid, Comunidad de;Total;2022;967,2
Jornada a tiempo parcial;13 Madrid, Comunidad de;Total;2021;816,6
Jornada a tiempo parcial;13 Madrid, Comunidad de;Total;2020;838,4
Jornada a tiempo parcial;13 Madrid, Comunidad de;Total;2019;870,3
Jornada a tiempo parcial;13 Madrid, Comunidad de;Total;2018;771,7
Jornada a tiempo parcial;13 Madrid, Comunidad de;Total;2017;739,0
Jornada a tiempo parcial;13 Madrid, Comunidad de;Total;2016;775,0
Jornada a tiempo parcial;13 Madrid, Comunidad de;Total;2015;746,5
Jornada a tiempo parcial;13 Madrid, Comunidad de;Total;2014;789,8
Jornada a tiempo parcial;13 Madrid, Comunidad de;Total;2013;770,3
Jornada a tiempo parcial;13 Madrid, Comunidad de;Total;2012;674,9
Jornada a tiempo parcial;13 Madrid, Comunidad de;Total;2011;743,2
Jornada a tiempo parcial;13 Madrid, Comunidad de;Total;2010;736,3
Jornada a tiempo parcial;13 Madrid, Comunidad de;Total;2009;768,2
Jornada a tiempo parcial;13 Madrid, Comunidad de;Total;2008;731,6
Jornada a tiempo parcial;13 Madrid, Comunidad de;Total;2007;701,5
Jornada a tiempo parcial;13 Madrid, Comunidad de;Total;2006;628,1
Jornada a tiempo parcial;13 Madrid, Comunidad de;1;2024;678,4
Jornada a tiempo parcial;13 Madrid, Comunidad de;1;2023;611,2
Jornada a tiempo parcial;13 Madrid, Comunidad de;1;2022;610,3
Jornada a tiempo parcial;13 Madrid, Comunidad de;1;2021;532,7
Jornada a tiempo parcial;13 Madrid, Comunidad de;1;2020;516,0
Jornada a tiempo parcial;13 Madrid, Comunidad de;1;2019;524,8
Jornada a tiempo parcial;13 Madrid, Comunidad de;1;2018;475,1
Jornada a tiempo parcial;13 Madrid, Comunidad de;1;2017;477,0
Jornada a tiempo parcial;13 Madrid, Comunidad de;1;2016;454,2
Jornada a tiempo parcial;13 Madrid, Comunidad de;1;2015;424,6
Jornada a tiempo parcial;13 Madrid, Comunidad de;1;2014;422,8
Jornada a tiempo parcial;13 Madrid, Comunidad de;1;2013;423,0
Jornada a tiempo parcial;13 Madrid, Comunidad de;1;2012;402,4
Jornada a tiempo parcial;13 Madrid, Comunidad de;1;2011;451,3
Jornada a tiempo parcial;13 Madrid, Comunidad de;1;2010;456,4
Jornada a tiempo parcial;13 Madrid, Comunidad de;1;2009;470,1
Jornada a tiempo parcial;13 Madrid, Comunidad de;1;2008;472,7
Jornada a tiempo parcial;13 Madrid, Comunidad de;1;2007;470,1
Jornada a tiempo parcial;13 Madrid, Comunidad de;1;2006;472,9
Jornada a tiempo parcial;13 Madrid, Comunidad de;2;2024;1.221,0
Jornada a tiempo parcial;13 Madrid, Comunidad de;2;2023;1.134,9
Jornada a tiempo parcial;13 Madrid, Comunidad de;2;2022;1.061,9
Jornada a tiempo parcial;13 Madrid, Comunidad de;2;2021;994,8
Jornada a tiempo parcial;13 Madrid, Comunidad de;2;2020;961,2
Jornada a tiempo parcial;13 Madrid, Comunidad de;2;2019;952,2
Jornada a tiempo parcial;13 Madrid, Comunidad de;2;2018;875,9
Jornada a tiempo parcial;13 Madrid, Comunidad de;2;2017;851,1
Jornada a tiempo parcial;13 Madrid, Comunidad de;2;2016;828,3
Jornada a tiempo parcial;13 Madrid, Comunidad de;2;2015;817,2
Jornada a tiempo parcial;13 Madrid, Comunidad de;2;2014;793,0
Jornada a tiempo parcial;13 Madrid, Comunidad de;2;2013;772,5
Jornada a tiempo parcial;13 Madrid, Comunidad de;2;2012;808,3
Jornada a tiempo parcial;13 Madrid, Comunidad de;2;2011;839,2
Jornada a tiempo parcial;13 Madrid, Comunidad de;2;2010;837,7
Jornada a tiempo parcial;13 Madrid, Comunidad de;2;2009;831,8
Jornada a tiempo parcial;13 Madrid, Comunidad de;2;2008;864,5
Jornada a tiempo parcial;13 Madrid, Comunidad de;2;2007;815,8
Jornada a tiempo parcial;13 Madrid, Comunidad de;2;2006;772,8
Jornada a tiempo parcial;13 Madrid, Comunidad de;3;2024;1.467,0
Jornada a tiempo parcial;13 Madrid, Comunidad de;3;2023;1.398,5
Jornada a tiempo parcial;13 Madrid, Comunidad de;3;2022;1.362,6
Jornada a tiempo parcial;13 Madrid, Comunidad de;3;2021;1.253,2
Jornada a tiempo parcial;13 Madrid, Comunidad de;3;2020;1.221,9
Jornada a tiempo parcial;13 Madrid, Comunidad de;3;2019;1.219,7
Jornada a tiempo parcial;13 Madrid, Comunidad de;3;2018;1.132,9
Jornada a tiempo parcial;13 Madrid, Comunidad de;3;2017;1.131,2
Jornada a tiempo parcial;13 Madrid, Comunidad de;3;2016;1.094,7
Jornada a tiempo parcial;13 Madrid, Comunidad de;3;2015;1.099,3
Jornada a tiempo parcial;13 Madrid, Comunidad de;3;2014;1.094,2
Jornada a tiempo parcial;13 Madrid, Comunidad de;3;2013;1.075,3
Jornada a tiempo parcial;13 Madrid, Comunidad de;3;2012;1.116,9
Jornada a tiempo parcial;13 Madrid, Comunidad de;3;2011;1.141,4
Jornada a tiempo parcial;13 Madrid, Comunidad de;3;2010;1.133,7
Jornada a tiempo parcial;13 Madrid, Comunidad de;3;2009;1.103,8
Jornada a tiempo parcial;13 Madrid, Comunidad de;3;2008;1.120,4
Jornada a tiempo parcial;13 Madrid, Comunidad de;3;2007;1.047,1
Jornada a tiempo parcial;13 Madrid, Comunidad de;3;2006;1.004,7
Jornada a tiempo parcial;13 Madrid, Comunidad de;4;2024;1.691,9
Jornada a tiempo parcial;13 Madrid, Comunidad de;4;2023;1.643,7
Jornada a tiempo parcial;13 Madrid, Comunidad de;4;2022;1.509,6
Jornada a tiempo parcial;13 Madrid, Comunidad de;4;2021;1.443,5
Jornada a tiempo parcial;13 Madrid, Comunidad de;4;2020;1.418,6
Jornada a tiempo parcial;13 Madrid, Comunidad de;4;2019;1.413,4
Jornada a tiempo parcial;13 Madrid, Comunidad de;4;2018;1.337,0
Jornada a tiempo parcial;13 Madrid, Comunidad de;4;2017;1.319,0
Jornada a tiempo parcial;13 Madrid, Comunidad de;4;2016;1.319,6
Jornada a tiempo parcial;13 Madrid, Comunidad de;4;2015;1.301,0
Jornada a tiempo parcial;13 Madrid, Comunidad de;4;2014;1.320,7
Jornada a tiempo parcial;13 Madrid, Comunidad de;4;2013;1.341,7
Jornada a tiempo parcial;13 Madrid, Comunidad de;4;2012;1.304,7
Jornada a tiempo parcial;13 Madrid, Comunidad de;4;2011;1.303,5
Jornada a tiempo parcial;13 Madrid, Comunidad de;4;2010;1.300,2
Jornada a tiempo parcial;13 Madrid, Comunidad de;4;2009;1.276,6
Jornada a tiempo parcial;13 Madrid, Comunidad de;4;2008;1.264,8
Jornada a tiempo parcial;13 Madrid, Comunidad de;4;2007;1.213,3
Jornada a tiempo parcial;13 Madrid, Comunidad de;4;2006;1.144,8
Jornada a tiempo parcial;13 Madrid, Comunidad de;5;2024;1.868,2
Jornada a tiempo parcial;13 Madrid, Comunidad de;5;2023;1.820,4
Jornada a tiempo parcial;13 Madrid, Comunidad de;5;2022;1.742,7
Jornada a tiempo parcial;13 Madrid, Comunidad de;5;2021;1.618,3
Jornada a tiempo parcial;13 Madrid, Comunidad de;5;2020;1.597,3
Jornada a tiempo parcial;13 Madrid, Comunidad de;5;2019;1.590,5
Jornada a tiempo parcial;13 Madrid, Comunidad de;5;2018;1.565,2
Jornada a tiempo parcial;13 Madrid, Comunidad de;5;2017;1.532,3
Jornada a tiempo parcial;13 Madrid, Comunidad de;5;2016;1.541,6
Jornada a tiempo parcial;13 Madrid, Comunidad de;5;2015;1.523,6
Jornada a tiempo parcial;13 Madrid, Comunidad de;5;2014;1.481,5
Jornada a tiempo parcial;13 Madrid, Comunidad de;5;2013;1.509,8
Jornada a tiempo parcial;13 Madrid, Comunidad de;5;2012;1.487,6
Jornada a tiempo parcial;13 Madrid, Comunidad de;5;2011;1.507,7
Jornada a tiempo parcial;13 Madrid, Comunidad de;5;2010;1.477,6
Jornada a tiempo parcial;13 Madrid, Comunidad de;5;2009;1.396,9
Jornada a tiempo parcial;13 Madrid, Comunidad de;5;2008;1.403,3
Jornada a tiempo parcial;13 Madrid, Comunidad de;5;2007;1.355,0
Jornada a tiempo parcial;13 Madrid, Comunidad de;5;2006;1.254,4
Jornada a tiempo parcial;13 Madrid, Comunidad de;6;2024;2.128,9
Jornada a tiempo parcial;13 Madrid, Comunidad de;6;2023;2.007,5
Jornada a tiempo parcial;13 Madrid, Comunidad de;6;2022;1.939,5
Jornada a tiempo parcial;13 Madrid, Comunidad de;6;2021;1.860,0
Jornada a tiempo parcial;13 Madrid, Comunidad de;6;2020;1.848,5
Jornada a tiempo parcial;13 Madrid, Comunidad de;6;2019;1.795,4
Jornada a tiempo parcial;13 Madrid, Comunidad de;6;2018;..
Jornada a tiempo parcial;13 Madrid, Comunidad de;6;2017;1.626,9
Jornada a tiempo parcial;13 Madrid, Comunidad de;6;2016;1.712,8
Jornada a tiempo parcial;13 Madrid, Comunidad de;6;2015;1.719,7
Jornada a tiempo parcial;13 Madrid, Comunidad de;6;2014;1.673,7
Jornada a tiempo parcial;13 Madrid, Comunidad de;6;2013;1.696,5
Jornada a tiempo parcial;13 Madrid, Comunidad de;6;2012;1.666,5
Jornada a tiempo parcial;13 Madrid, Comunidad de;6;2011;1.667,1
Jornada a tiempo parcial;13 Madrid, Comunidad de;6;2010;1.625,3
Jornada a tiempo parcial;13 Madrid, Comunidad de;6;2009;1.641,6
Jornada a tiempo parcial;13 Madrid, Comunidad de;6;2008;1.549,7
Jornada a tiempo parcial;13 Madrid, Comunidad de;6;2007;1.494,5
Jornada a tiempo parcial;13 Madrid, Comunidad de;6;2006;1.461,5
Jornada a tiempo parcial;13 Madrid, Comunidad de;7;2024;2.342,2
Jornada a tiempo parcial;13 Madrid, Comunidad de;7;2023;2.399,5
Jornada a tiempo parcial;13 Madrid, Comunidad de;7;2022;2.135,2
Jornada a tiempo parcial;13 Madrid, Comunidad de;7;2021;2.099,1
Jornada a tiempo parcial;13 Madrid, Comunidad de;7;2020;2.170,2
Jornada a tiempo parcial;13 Madrid, Comunidad de;7;2019;2.060,3
Jornada a tiempo parcial;13 Madrid, Comunidad de;7;2018;2.084,0
Jornada a tiempo parcial;13 Madrid, Comunidad de;7;2017;1.996,5
Jornada a tiempo parcial;13 Madrid, Comunidad de;7;2016;1.924,9
Jornada a tiempo parcial;13 Madrid, Comunidad de;7;2015;1.913,2
Jornada a tiempo parcial;13 Madrid, Comunidad de;7;2014;1.924,7
Jornada a tiempo parcial;13 Madrid, Comunidad de;7;2013;1.904,8
Jornada a tiempo parcial;13 Madrid, Comunidad de;7;2012;1.886,9
Jornada a tiempo parcial;13 Madrid, Comunidad de;7;2011;1.924,6
Jornada a tiempo parcial;13 Madrid, Comunidad de;7;2010;1.949,7
Jornada a tiempo parcial;13 Madrid, Comunidad de;7;2009;1.840,4
Jornada a tiempo parcial;13 Madrid, Comunidad de;7;2008;1.861,1
Jornada a tiempo parcial;13 Madrid, Comunidad de;7;2007;1.715,8
Jornada a tiempo parcial;13 Madrid, Comunidad de;7;2006;1.732,4
Jornada a tiempo parcial;13 Madrid, Comunidad de;8;2024;2.844,2
Jornada a tiempo parcial;13 Madrid, Comunidad de;8;2023;2.825,2
Jornada a tiempo parcial;13 Madrid, Comunidad de;8;2022;2.566,4
Jornada a tiempo parcial;13 Madrid, Comunidad de;8;2021;2.523,3
Jornada a tiempo parcial;13 Madrid, Comunidad de;8;2020;2.564,7
Jornada a tiempo parcial;13 Madrid, Comunidad de;8;2019;2.568,1
Jornada a tiempo parcial;13 Madrid, Comunidad de;8;2018;2.505,8
Jornada a tiempo parcial;13 Madrid, Comunidad de;8;2017;..
Jornada a tiempo parcial;13 Madrid, Comunidad de;8;2016;2.430,6
Jornada a tiempo parcial;13 Madrid, Comunidad de;8;2015;2.354,6
Jornada a tiempo parcial;13 Madrid, Comunidad de;8;2014;2.364,3
Jornada a tiempo parcial;13 Madrid, Comunidad de;8;2013;2.492,5
Jornada a tiempo parcial;13 Madrid, Comunidad de;8;2012;2.192,7
Jornada a tiempo parcial;13 Madrid, Comunidad de;8;2011;2.287,7
Jornada a tiempo parcial;13 Madrid, Comunidad de;8;2010;2.165,2
Jornada a tiempo parcial;13 Madrid, Comunidad de;8;2009;2.082,8
Jornada a tiempo parcial;13 Madrid, Comunidad de;8;2008;2.234,8
Jornada a tiempo parcial;13 Madrid, Comunidad de;8;2007;..
Jornada a tiempo parcial;13 Madrid, Comunidad de;8;2006;..
Jornada a tiempo parcial;13 Madrid, Comunidad de;9;2024;3.365,7
Jornada a tiempo parcial;13 Madrid, Comunidad de;9;2023;3.050,5
Jornada a tiempo parcial;13 Madrid, Comunidad de;9;2022;3.017,6
Jornada a tiempo parcial;13 Madrid, Comunidad de;9;2021;2.831,5
Jornada a tiempo parcial;13 Madrid, Comunidad de;9;2020;3.244,7
Jornada a tiempo parcial;13 Madrid, Comunidad de;9;2019;2.860,4
Jornada a tiempo parcial;13 Madrid, Comunidad de;9;2018;2.743,2
Jornada a tiempo parcial;13 Madrid, Comunidad de;9;2017;3.041,4
Jornada a tiempo parcial;13 Madrid, Comunidad de;9;2016;2.686,9
Jornada a tiempo parcial;13 Madrid, Comunidad de;9;2015;..
Jornada a tiempo parcial;13 Madrid, Comunidad de;9;2014;2.935,9
Jornada a tiempo parcial;13 Madrid, Comunidad de;9;2013;2.688,8
Jornada a tiempo parcial;13 Madrid, Comunidad de;9;2012;..
Jornada a tiempo parcial;13 Madrid, Comunidad de;9;2011;2.523,2
Jornada a tiempo parcial;13 Madrid, Comunidad de;9;2010;3.059,6
Jornada a tiempo parcial;13 Madrid, Comunidad de;9;2009;2.908,8
Jornada a tiempo parcial;13 Madrid, Comunidad de;9;2008;2.688,1
Jornada a tiempo parcial;13 Madrid, Comunidad de;9;2007;2.563,7
Jornada a tiempo parcial;13 Madrid, Comunidad de;9;2006;2.207,5
Jornada a tiempo parcial;13 Madrid, Comunidad de;10;2024;..
Jornada a tiempo parcial;13 Madrid, Comunidad de;10;2023;..
Jornada a tiempo parcial;13 Madrid, Comunidad de;10;2022;4.104,9
Jornada a tiempo parcial;13 Madrid, Comunidad de;10;2021;..
Jornada a tiempo parcial;13 Madrid, Comunidad de;10;2020;..
Jornada a tiempo parcial;13 Madrid, Comunidad de;10;2019;..
Jornada a tiempo parcial;13 Madrid, Comunidad de;10;2018;..
Jornada a tiempo parcial;13 Madrid, Comunidad de;10;2017;..
Jornada a tiempo parcial;13 Madrid, Comunidad de;10;2016;..
Jornada a tiempo parcial;13 Madrid, Comunidad de;10;2015;3.487,5
Jornada a tiempo parcial;13 Madrid, Comunidad de;10;2014;..
Jornada a tiempo parcial;13 Madrid, Comunidad de;10;2013;..
Jornada a tiempo parcial;13 Madrid, Comunidad de;10;2012;..
Jornada a tiempo parcial;13 Madrid, Comunidad de;10;2011;..
Jornada a tiempo parcial;13 Madrid, Comunidad de;10;2010;..
Jornada a tiempo parcial;13 Madrid, Comunidad de;10;2009;..
Jornada a tiempo parcial;13 Madrid, Comunidad de;10;2008;..
Jornada a tiempo parcial;13 Madrid, Comunidad de;10;2007;..
Jornada a tiempo parcial;13 Madrid, Comunidad de;10;2006;..
Jornada a tiempo parcial;14 Murcia, Región de;Total;2024;943,7
Jornada a tiempo parcial;14 Murcia, Región de;Total;2023;954,5
Jornada a tiempo parcial;14 Murcia, Región de;Total;2022;805,7
Jornada a tiempo parcial;14 Murcia, Región de;Total;2021;843,0
Jornada a tiempo parcial;14 Murcia, Región de;Total;2020;828,6
Jornada a tiempo parcial;14 Murcia, Región de;Total;2019;669,6
Jornada a tiempo parcial;14 Murcia, Región de;Total;2018;739,5
Jornada a tiempo parcial;14 Murcia, Región de;Total;2017;716,0
Jornada a tiempo parcial;14 Murcia, Región de;Total;2016;755,1
Jornada a tiempo parcial;14 Murcia, Región de;Total;2015;612,2
Jornada a tiempo parcial;14 Murcia, Región de;Total;2014;676,4
Jornada a tiempo parcial;14 Murcia, Región de;Total;2013;607,8
Jornada a tiempo parcial;14 Murcia, Región de;Total;2012;594,6
Jornada a tiempo parcial;14 Murcia, Región de;Total;2011;620,8
Jornada a tiempo parcial;14 Murcia, Región de;Total;2010;638,4
Jornada a tiempo parcial;14 Murcia, Región de;Total;2009;640,1
Jornada a tiempo parcial;14 Murcia, Región de;Total;2008;647,0
Jornada a tiempo parcial;14 Murcia, Región de;Total;2007;606,1
Jornada a tiempo parcial;14 Murcia, Región de;Total;2006;603,5
Jornada a tiempo parcial;14 Murcia, Región de;1;2024;693,9
Jornada a tiempo parcial;14 Murcia, Región de;1;2023;625,2
Jornada a tiempo parcial;14 Murcia, Región de;1;2022;578,7
Jornada a tiempo parcial;14 Murcia, Región de;1;2021;564,8
Jornada a tiempo parcial;14 Murcia, Región de;1;2020;495,6
Jornada a tiempo parcial;14 Murcia, Región de;1;2019;488,1
Jornada a tiempo parcial;14 Murcia, Región de;1;2018;430,6
Jornada a tiempo parcial;14 Murcia, Región de;1;2017;455,8
Jornada a tiempo parcial;14 Murcia, Región de;1;2016;466,5
Jornada a tiempo parcial;14 Murcia, Región de;1;2015;365,0
Jornada a tiempo parcial;14 Murcia, Región de;1;2014;386,6
Jornada a tiempo parcial;14 Murcia, Región de;1;2013;390,3
Jornada a tiempo parcial;14 Murcia, Región de;1;2012;396,6
Jornada a tiempo parcial;14 Murcia, Región de;1;2011;404,8
Jornada a tiempo parcial;14 Murcia, Región de;1;2010;438,8
Jornada a tiempo parcial;14 Murcia, Región de;1;2009;463,3
Jornada a tiempo parcial;14 Murcia, Región de;1;2008;462,6
Jornada a tiempo parcial;14 Murcia, Región de;1;2007;449,8
Jornada a tiempo parcial;14 Murcia, Región de;1;2006;452,8
Jornada a tiempo parcial;14 Murcia, Región de;2;2024;1.250,5
Jornada a tiempo parcial;14 Murcia, Región de;2;2023;1.155,1
Jornada a tiempo parcial;14 Murcia, Región de;2;2022;1.073,2
Jornada a tiempo parcial;14 Murcia, Región de;2;2021;1.023,8
Jornada a tiempo parcial;14 Murcia, Región de;2;2020;956,0
Jornada a tiempo parcial;14 Murcia, Región de;2;2019;925,2
Jornada a tiempo parcial;14 Murcia, Región de;2;2018;873,9
Jornada a tiempo parcial;14 Murcia, Región de;2;2017;852,3
Jornada a tiempo parcial;14 Murcia, Región de;2;2016;835,2
Jornada a tiempo parcial;14 Murcia, Región de;2;2015;805,9
Jornada a tiempo parcial;14 Murcia, Región de;2;2014;793,2
Jornada a tiempo parcial;14 Murcia, Región de;2;2013;769,8
Jornada a tiempo parcial;14 Murcia, Región de;2;2012;778,7
Jornada a tiempo parcial;14 Murcia, Región de;2;2011;846,0
Jornada a tiempo parcial;14 Murcia, Región de;2;2010;859,0
Jornada a tiempo parcial;14 Murcia, Región de;2;2009;813,0
Jornada a tiempo parcial;14 Murcia, Región de;2;2008;821,2
Jornada a tiempo parcial;14 Murcia, Región de;2;2007;817,5
Jornada a tiempo parcial;14 Murcia, Región de;2;2006;726,0
Jornada a tiempo parcial;14 Murcia, Región de;3;2024;1.486,2
Jornada a tiempo parcial;14 Murcia, Región de;3;2023;1.418,2
Jornada a tiempo parcial;14 Murcia, Región de;3;2022;1.327,3
Jornada a tiempo parcial;14 Murcia, Región de;3;2021;1.262,1
Jornada a tiempo parcial;14 Murcia, Región de;3;2020;1.227,1
Jornada a tiempo parcial;14 Murcia, Región de;3;2019;1.229,6
Jornada a tiempo parcial;14 Murcia, Región de;3;2018;1.134,4
Jornada a tiempo parcial;14 Murcia, Región de;3;2017;1.082,2
Jornada a tiempo parcial;14 Murcia, Región de;3;2016;1.112,4
Jornada a tiempo parcial;14 Murcia, Región de;3;2015;1.110,1
Jornada a tiempo parcial;14 Murcia, Región de;3;2014;1.090,0
Jornada a tiempo parcial;14 Murcia, Región de;3;2013;1.063,0
Jornada a tiempo parcial;14 Murcia, Región de;3;2012;1.130,5
Jornada a tiempo parcial;14 Murcia, Región de;3;2011;1.117,8
Jornada a tiempo parcial;14 Murcia, Región de;3;2010;1.139,3
Jornada a tiempo parcial;14 Murcia, Región de;3;2009;1.132,5
Jornada a tiempo parcial;14 Murcia, Región de;3;2008;1.107,6
Jornada a tiempo parcial;14 Murcia, Región de;3;2007;1.009,0
Jornada a tiempo parcial;14 Murcia, Región de;3;2006;969,4
Jornada a tiempo parcial;14 Murcia, Región de;4;2024;1.690,1
Jornada a tiempo parcial;14 Murcia, Región de;4;2023;1.618,4
Jornada a tiempo parcial;14 Murcia, Región de;4;2022;1.542,1
Jornada a tiempo parcial;14 Murcia, Región de;4;2021;1.469,4
Jornada a tiempo parcial;14 Murcia, Región de;4;2020;1.434,3
Jornada a tiempo parcial;14 Murcia, Región de;4;2019;1.418,1
Jornada a tiempo parcial;14 Murcia, Región de;4;2018;1.357,5
Jornada a tiempo parcial;14 Murcia, Región de;4;2017;1.339,3
Jornada a tiempo parcial;14 Murcia, Región de;4;2016;1.333,3
Jornada a tiempo parcial;14 Murcia, Región de;4;2015;1.320,7
Jornada a tiempo parcial;14 Murcia, Región de;4;2014;1.290,0
Jornada a tiempo parcial;14 Murcia, Región de;4;2013;1.308,0
Jornada a tiempo parcial;14 Murcia, Región de;4;2012;1.358,0
Jornada a tiempo parcial;14 Murcia, Región de;4;2011;1.276,6
Jornada a tiempo parcial;14 Murcia, Región de;4;2010;1.351,7
Jornada a tiempo parcial;14 Murcia, Región de;4;2009;1.332,7
Jornada a tiempo parcial;14 Murcia, Región de;4;2008;1.266,9
Jornada a tiempo parcial;14 Murcia, Región de;4;2007;1.208,0
Jornada a tiempo parcial;14 Murcia, Región de;4;2006;1.146,0
Jornada a tiempo parcial;14 Murcia, Región de;5;2024;1.890,3
Jornada a tiempo parcial;14 Murcia, Región de;5;2023;1.782,1
Jornada a tiempo parcial;14 Murcia, Región de;5;2022;1.699,6
Jornada a tiempo parcial;14 Murcia, Región de;5;2021;1.636,0
Jornada a tiempo parcial;14 Murcia, Región de;5;2020;1.585,1
Jornada a tiempo parcial;14 Murcia, Región de;5;2019;1.530,7
Jornada a tiempo parcial;14 Murcia, Región de;5;2018;1.581,2
Jornada a tiempo parcial;14 Murcia, Región de;5;2017;1.533,3
Jornada a tiempo parcial;14 Murcia, Región de;5;2016;..
Jornada a tiempo parcial;14 Murcia, Región de;5;2015;1.466,6
Jornada a tiempo parcial;14 Murcia, Región de;5;2014;1.501,8
Jornada a tiempo parcial;14 Murcia, Región de;5;2013;1.445,6
Jornada a tiempo parcial;14 Murcia, Región de;5;2012;1.470,6
Jornada a tiempo parcial;14 Murcia, Región de;5;2011;1.458,6
Jornada a tiempo parcial;14 Murcia, Región de;5;2010;1.498,0
Jornada a tiempo parcial;14 Murcia, Región de;5;2009;..
Jornada a tiempo parcial;14 Murcia, Región de;5;2008;1.482,3
Jornada a tiempo parcial;14 Murcia, Región de;5;2007;..
Jornada a tiempo parcial;14 Murcia, Región de;5;2006;1.273,1
Jornada a tiempo parcial;14 Murcia, Región de;6;2024;2.096,7
Jornada a tiempo parcial;14 Murcia, Región de;6;2023;2.022,8
Jornada a tiempo parcial;14 Murcia, Región de;6;2022;1.947,0
Jornada a tiempo parcial;14 Murcia, Región de;6;2021;1.911,6
Jornada a tiempo parcial;14 Murcia, Región de;6;2020;1.788,3
Jornada a tiempo parcial;14 Murcia, Región de;6;2019;..
Jornada a tiempo parcial;14 Murcia, Región de;6;2018;1.734,9
Jornada a tiempo parcial;14 Murcia, Región de;6;2017;1.728,0
Jornada a tiempo parcial;14 Murcia, Región de;6;2016;1.743,6
Jornada a tiempo parcial;14 Murcia, Región de;6;2015;1.708,4
Jornada a tiempo parcial;14 Murcia, Región de;6;2014;1.753,8
Jornada a tiempo parcial;14 Murcia, Región de;6;2013;1.685,8
Jornada a tiempo parcial;14 Murcia, Región de;6;2012;..
Jornada a tiempo parcial;14 Murcia, Región de;6;2011;..
Jornada a tiempo parcial;14 Murcia, Región de;6;2010;..
Jornada a tiempo parcial;14 Murcia, Región de;6;2009;1.548,2
Jornada a tiempo parcial;14 Murcia, Región de;6;2008;1.589,2
Jornada a tiempo parcial;14 Murcia, Región de;6;2007;1.495,2
Jornada a tiempo parcial;14 Murcia, Región de;6;2006;1.423,1
Jornada a tiempo parcial;14 Murcia, Región de;7;2024;2.371,4
Jornada a tiempo parcial;14 Murcia, Región de;7;2023;2.446,8
Jornada a tiempo parcial;14 Murcia, Región de;7;2022;2.155,5
Jornada a tiempo parcial;14 Murcia, Región de;7;2021;2.060,9
Jornada a tiempo parcial;14 Murcia, Región de;7;2020;2.053,4
Jornada a tiempo parcial;14 Murcia, Región de;7;2019;..
Jornada a tiempo parcial;14 Murcia, Región de;7;2018;2.040,2
Jornada a tiempo parcial;14 Murcia, Región de;7;2017;2.105,0
Jornada a tiempo parcial;14 Murcia, Región de;7;2016;1.900,6
Jornada a tiempo parcial;14 Murcia, Región de;7;2015;1.913,4
Jornada a tiempo parcial;14 Murcia, Región de;7;2014;..
Jornada a tiempo parcial;14 Murcia, Región de;7;2013;1.874,7
Jornada a tiempo parcial;14 Murcia, Región de;7;2012;1.948,2
Jornada a tiempo parcial;14 Murcia, Región de;7;2011;1.814,0
Jornada a tiempo parcial;14 Murcia, Región de;7;2010;1.975,1
Jornada a tiempo parcial;14 Murcia, Región de;7;2009;..
Jornada a tiempo parcial;14 Murcia, Región de;7;2008;1.710,4
Jornada a tiempo parcial;14 Murcia, Región de;7;2007;..
Jornada a tiempo parcial;14 Murcia, Región de;7;2006;1.727,6
Jornada a tiempo parcial;14 Murcia, Región de;8;2024;..
Jornada a tiempo parcial;14 Murcia, Región de;8;2023;2.681,5
Jornada a tiempo parcial;14 Murcia, Región de;8;2022;2.466,9
Jornada a tiempo parcial;14 Murcia, Región de;8;2021;2.487,2
Jornada a tiempo parcial;14 Murcia, Región de;8;2020;2.425,9
Jornada a tiempo parcial;14 Murcia, Región de;8;2019;2.329,4
Jornada a tiempo parcial;14 Murcia, Región de;8;2018;..
Jornada a tiempo parcial;14 Murcia, Región de;8;2017;..
Jornada a tiempo parcial;14 Murcia, Región de;8;2016;2.481,7
Jornada a tiempo parcial;14 Murcia, Región de;8;2015;2.273,8
Jornada a tiempo parcial;14 Murcia, Región de;8;2014;..
Jornada a tiempo parcial;14 Murcia, Región de;8;2013;..
Jornada a tiempo parcial;14 Murcia, Región de;8;2012;2.398,1
Jornada a tiempo parcial;14 Murcia, Región de;8;2011;..
Jornada a tiempo parcial;14 Murcia, Región de;8;2010;2.316,4
Jornada a tiempo parcial;14 Murcia, Región de;8;2009;2.157,3
Jornada a tiempo parcial;14 Murcia, Región de;8;2008;..
Jornada a tiempo parcial;14 Murcia, Región de;8;2007;2.217,8
Jornada a tiempo parcial;14 Murcia, Región de;8;2006;1.899,6
Jornada a tiempo parcial;14 Murcia, Región de;9;2024;3.609,1
Jornada a tiempo parcial;14 Murcia, Región de;9;2023;3.190,6
Jornada a tiempo parcial;14 Murcia, Región de;9;2022;..
Jornada a tiempo parcial;14 Murcia, Región de;9;2021;..
Jornada a tiempo parcial;14 Murcia, Región de;9;2020;3.134,9
Jornada a tiempo parcial;14 Murcia, Región de;9;2019;2.859,3
Jornada a tiempo parcial;14 Murcia, Región de;9;2018;2.738,1
Jornada a tiempo parcial;14 Murcia, Región de;9;2017;2.972,4
Jornada a tiempo parcial;14 Murcia, Región de;9;2016;2.758,5
Jornada a tiempo parcial;14 Murcia, Región de;9;2015;..
Jornada a tiempo parcial;14 Murcia, Región de;9;2014;2.781,5
Jornada a tiempo parcial;14 Murcia, Región de;9;2013;2.894,4
Jornada a tiempo parcial;14 Murcia, Región de;9;2012;2.646,5
Jornada a tiempo parcial;14 Murcia, Región de;9;2011;..
Jornada a tiempo parcial;14 Murcia, Región de;9;2010;..
Jornada a tiempo parcial;14 Murcia, Región de;9;2009;2.733,7
Jornada a tiempo parcial;14 Murcia, Región de;9;2008;2.507,5
Jornada a tiempo parcial;14 Murcia, Región de;9;2007;2.601,9
Jornada a tiempo parcial;14 Murcia, Región de;9;2006;..
Jornada a tiempo parcial;14 Murcia, Región de;10;2024;..
Jornada a tiempo parcial;14 Murcia, Región de;10;2023;..
Jornada a tiempo parcial;14 Murcia, Región de;10;2022;..
Jornada a tiempo parcial;14 Murcia, Región de;10;2021;..
Jornada a tiempo parcial;14 Murcia, Región de;10;2020;..
Jornada a tiempo parcial;14 Murcia, Región de;10;2019;..
Jornada a tiempo parcial;14 Murcia, Región de;10;2018;..
Jornada a tiempo parcial;14 Murcia, Región de;10;2017;..
Jornada a tiempo parcial;14 Murcia, Región de;10;2016;..
Jornada a tiempo parcial;14 Murcia, Región de;10;2015;..
Jornada a tiempo parcial;14 Murcia, Región de;10;2014;..
Jornada a tiempo parcial;14 Murcia, Región de;10;2013;..
Jornada a tiempo parcial;14 Murcia, Región de;10;2012;..
Jornada a tiempo parcial;14 Murcia, Región de;10;2011;..
Jornada a tiempo parcial;14 Murcia, Región de;10;2010;..
Jornada a tiempo parcial;14 Murcia, Región de;10;2009;..
Jornada a tiempo parcial;14 Murcia, Región de;10;2008;..
Jornada a tiempo parcial;14 Murcia, Región de;10;2007;..
Jornada a tiempo parcial;14 Murcia, Región de;10;2006;..
Jornada a tiempo parcial;15 Navarra, Comunidad Foral de;Total;2024;1.144,1
Jornada a tiempo parcial;15 Navarra, Comunidad Foral de;Total;2023;1.139,9
Jornada a tiempo parcial;15 Navarra, Comunidad Foral de;Total;2022;1.104,8
Jornada a tiempo parcial;15 Navarra, Comunidad Foral de;Total;2021;1.114,0
Jornada a tiempo parcial;15 Navarra, Comunidad Foral de;Total;2020;873,0
Jornada a tiempo parcial;15 Navarra, Comunidad Foral de;Total;2019;1.035,2
Jornada a tiempo parcial;15 Navarra, Comunidad Foral de;Total;2018;826,0
Jornada a tiempo parcial;15 Navarra, Comunidad Foral de;Total;2017;937,8
Jornada a tiempo parcial;15 Navarra, Comunidad Foral de;Total;2016;843,4
Jornada a tiempo parcial;15 Navarra, Comunidad Foral de;Total;2015;878,8
Jornada a tiempo parcial;15 Navarra, Comunidad Foral de;Total;2014;820,6
Jornada a tiempo parcial;15 Navarra, Comunidad Foral de;Total;2013;888,6
Jornada a tiempo parcial;15 Navarra, Comunidad Foral de;Total;2012;823,3
Jornada a tiempo parcial;15 Navarra, Comunidad Foral de;Total;2011;818,0
Jornada a tiempo parcial;15 Navarra, Comunidad Foral de;Total;2010;807,7
Jornada a tiempo parcial;15 Navarra, Comunidad Foral de;Total;2009;730,2
Jornada a tiempo parcial;15 Navarra, Comunidad Foral de;Total;2008;716,4
Jornada a tiempo parcial;15 Navarra, Comunidad Foral de;Total;2007;716,1
Jornada a tiempo parcial;15 Navarra, Comunidad Foral de;Total;2006;726,0
Jornada a tiempo parcial;15 Navarra, Comunidad Foral de;1;2024;641,7
Jornada a tiempo parcial;15 Navarra, Comunidad Foral de;1;2023;660,5
Jornada a tiempo parcial;15 Navarra, Comunidad Foral de;1;2022;636,6
Jornada a tiempo parcial;15 Navarra, Comunidad Foral de;1;2021;573,9
Jornada a tiempo parcial;15 Navarra, Comunidad Foral de;1;2020;457,1
Jornada a tiempo parcial;15 Navarra, Comunidad Foral de;1;2019;489,6
Jornada a tiempo parcial;15 Navarra, Comunidad Foral de;1;2018;441,3
Jornada a tiempo parcial;15 Navarra, Comunidad Foral de;1;2017;448,4
Jornada a tiempo parcial;15 Navarra, Comunidad Foral de;1;2016;433,7
Jornada a tiempo parcial;15 Navarra, Comunidad Foral de;1;2015;411,2
Jornada a tiempo parcial;15 Navarra, Comunidad Foral de;1;2014;400,3
Jornada a tiempo parcial;15 Navarra, Comunidad Foral de;1;2013;391,4
Jornada a tiempo parcial;15 Navarra, Comunidad Foral de;1;2012;433,7
Jornada a tiempo parcial;15 Navarra, Comunidad Foral de;1;2011;454,0
Jornada a tiempo parcial;15 Navarra, Comunidad Foral de;1;2010;498,5
Jornada a tiempo parcial;15 Navarra, Comunidad Foral de;1;2009;414,7
Jornada a tiempo parcial;15 Navarra, Comunidad Foral de;1;2008;447,4
Jornada a tiempo parcial;15 Navarra, Comunidad Foral de;1;2007;485,3
Jornada a tiempo parcial;15 Navarra, Comunidad Foral de;1;2006;436,8
Jornada a tiempo parcial;15 Navarra, Comunidad Foral de;2;2024;1.246,4
Jornada a tiempo parcial;15 Navarra, Comunidad Foral de;2;2023;1.186,7
Jornada a tiempo parcial;15 Navarra, Comunidad Foral de;2;2022;1.060,7
Jornada a tiempo parcial;15 Navarra, Comunidad Foral de;2;2021;986,7
Jornada a tiempo parcial;15 Navarra, Comunidad Foral de;2;2020;997,7
Jornada a tiempo parcial;15 Navarra, Comunidad Foral de;2;2019;975,3
Jornada a tiempo parcial;15 Navarra, Comunidad Foral de;2;2018;895,6
Jornada a tiempo parcial;15 Navarra, Comunidad Foral de;2;2017;877,4
Jornada a tiempo parcial;15 Navarra, Comunidad Foral de;2;2016;832,4
Jornada a tiempo parcial;15 Navarra, Comunidad Foral de;2;2015;799,1
Jornada a tiempo parcial;15 Navarra, Comunidad Foral de;2;2014;807,1
Jornada a tiempo parcial;15 Navarra, Comunidad Foral de;2;2013;798,7
Jornada a tiempo parcial;15 Navarra, Comunidad Foral de;2;2012;834,9
Jornada a tiempo parcial;15 Navarra, Comunidad Foral de;2;2011;843,6
Jornada a tiempo parcial;15 Navarra, Comunidad Foral de;2;2010;863,5
Jornada a tiempo parcial;15 Navarra, Comunidad Foral de;2;2009;838,4
Jornada a tiempo parcial;15 Navarra, Comunidad Foral de;2;2008;868,6
Jornada a tiempo parcial;15 Navarra, Comunidad Foral de;2;2007;821,3
Jornada a tiempo parcial;15 Navarra, Comunidad Foral de;2;2006;774,6
Jornada a tiempo parcial;15 Navarra, Comunidad Foral de;3;2024;1.490,6
Jornada a tiempo parcial;15 Navarra, Comunidad Foral de;3;2023;1.473,0
Jornada a tiempo parcial;15 Navarra, Comunidad Foral de;3;2022;1.325,3
Jornada a tiempo parcial;15 Navarra, Comunidad Foral de;3;2021;1.295,7
Jornada a tiempo parcial;15 Navarra, Comunidad Foral de;3;2020;1.200,3
Jornada a tiempo parcial;15 Navarra, Comunidad Foral de;3;2019;1.232,9
Jornada a tiempo parcial;15 Navarra, Comunidad Foral de;3;2018;1.157,7
Jornada a tiempo parcial;15 Navarra, Comunidad Foral de;3;2017;1.081,4
Jornada a tiempo parcial;15 Navarra, Comunidad Foral de;3;2016;1.092,0
Jornada a tiempo parcial;15 Navarra, Comunidad Foral de;3;2015;1.091,2
Jornada a tiempo parcial;15 Navarra, Comunidad Foral de;3;2014;1.063,9
Jornada a tiempo parcial;15 Navarra, Comunidad Foral de;3;2013;1.065,2
Jornada a tiempo parcial;15 Navarra, Comunidad Foral de;3;2012;1.137,6
Jornada a tiempo parcial;15 Navarra, Comunidad Foral de;3;2011;1.116,2
Jornada a tiempo parcial;15 Navarra, Comunidad Foral de;3;2010;1.140,3
Jornada a tiempo parcial;15 Navarra, Comunidad Foral de;3;2009;1.126,5
Jornada a tiempo parcial;15 Navarra, Comunidad Foral de;3;2008;1.117,2
Jornada a tiempo parcial;15 Navarra, Comunidad Foral de;3;2007;996,8
Jornada a tiempo parcial;15 Navarra, Comunidad Foral de;3;2006;989,6
Jornada a tiempo parcial;15 Navarra, Comunidad Foral de;4;2024;1.668,6
Jornada a tiempo parcial;15 Navarra, Comunidad Foral de;4;2023;1.645,1
Jornada a tiempo parcial;15 Navarra, Comunidad Foral de;4;2022;1.514,9
Jornada a tiempo parcial;15 Navarra, Comunidad Foral de;4;2021;1.472,1
Jornada a tiempo parcial;15 Navarra, Comunidad Foral de;4;2020;1.415,5
Jornada a tiempo parcial;15 Navarra, Comunidad Foral de;4;2019;1.422,1
Jornada a tiempo parcial;15 Navarra, Comunidad Foral de;4;2018;1.350,7
Jornada a tiempo parcial;15 Navarra, Comunidad Foral de;4;2017;1.328,4
Jornada a tiempo parcial;15 Navarra, Comunidad Foral de;4;2016;1.338,5
Jornada a tiempo parcial;15 Navarra, Comunidad Foral de;4;2015;1.314,2
Jornada a tiempo parcial;15 Navarra, Comunidad Foral de;4;2014;1.321,2
Jornada a tiempo parcial;15 Navarra, Comunidad Foral de;4;2013;1.302,4
Jornada a tiempo parcial;15 Navarra, Comunidad Foral de;4;2012;1.335,9
Jornada a tiempo parcial;15 Navarra, Comunidad Foral de;4;2011;1.243,5
Jornada a tiempo parcial;15 Navarra, Comunidad Foral de;4;2010;1.336,2
Jornada a tiempo parcial;15 Navarra, Comunidad Foral de;4;2009;1.287,7
Jornada a tiempo parcial;15 Navarra, Comunidad Foral de;4;2008;1.270,5
Jornada a tiempo parcial;15 Navarra, Comunidad Foral de;4;2007;1.203,3
Jornada a tiempo parcial;15 Navarra, Comunidad Foral de;4;2006;1.120,3
Jornada a tiempo parcial;15 Navarra, Comunidad Foral de;5;2024;1.848,1
Jornada a tiempo parcial;15 Navarra, Comunidad Foral de;5;2023;1.815,6
Jornada a tiempo parcial;15 Navarra, Comunidad Foral de;5;2022;1.719,3
Jornada a tiempo parcial;15 Navarra, Comunidad Foral de;5;2021;1.643,5
Jornada a tiempo parcial;15 Navarra, Comunidad Foral de;5;2020;1.571,4
Jornada a tiempo parcial;15 Navarra, Comunidad Foral de;5;2019;1.569,8
Jornada a tiempo parcial;15 Navarra, Comunidad Foral de;5;2018;1.544,5
Jornada a tiempo parcial;15 Navarra, Comunidad Foral de;5;2017;1.489,3
Jornada a tiempo parcial;15 Navarra, Comunidad Foral de;5;2016;1.511,9
Jornada a tiempo parcial;15 Navarra, Comunidad Foral de;5;2015;1.497,9
Jornada a tiempo parcial;15 Navarra, Comunidad Foral de;5;2014;1.477,8
Jornada a tiempo parcial;15 Navarra, Comunidad Foral de;5;2013;1.531,6
Jornada a tiempo parcial;15 Navarra, Comunidad Foral de;5;2012;1.492,1
Jornada a tiempo parcial;15 Navarra, Comunidad Foral de;5;2011;1.499,6
Jornada a tiempo parcial;15 Navarra, Comunidad Foral de;5;2010;1.402,2
Jornada a tiempo parcial;15 Navarra, Comunidad Foral de;5;2009;1.455,0
Jornada a tiempo parcial;15 Navarra, Comunidad Foral de;5;2008;1.404,0
Jornada a tiempo parcial;15 Navarra, Comunidad Foral de;5;2007;1.301,6
Jornada a tiempo parcial;15 Navarra, Comunidad Foral de;5;2006;1.279,5
Jornada a tiempo parcial;15 Navarra, Comunidad Foral de;6;2024;2.142,0
Jornada a tiempo parcial;15 Navarra, Comunidad Foral de;6;2023;2.088,6
Jornada a tiempo parcial;15 Navarra, Comunidad Foral de;6;2022;1.902,8
Jornada a tiempo parcial;15 Navarra, Comunidad Foral de;6;2021;1.854,3
Jornada a tiempo parcial;15 Navarra, Comunidad Foral de;6;2020;1.836,3
Jornada a tiempo parcial;15 Navarra, Comunidad Foral de;6;2019;1.756,9
Jornada a tiempo parcial;15 Navarra, Comunidad Foral de;6;2018;1.749,9
Jornada a tiempo parcial;15 Navarra, Comunidad Foral de;6;2017;1.615,9
Jornada a tiempo parcial;15 Navarra, Comunidad Foral de;6;2016;1.706,8
Jornada a tiempo parcial;15 Navarra, Comunidad Foral de;6;2015;1.659,5
Jornada a tiempo parcial;15 Navarra, Comunidad Foral de;6;2014;1.648,5
Jornada a tiempo parcial;15 Navarra, Comunidad Foral de;6;2013;1.761,1
Jornada a tiempo parcial;15 Navarra, Comunidad Foral de;6;2012;1.740,0
Jornada a tiempo parcial;15 Navarra, Comunidad Foral de;6;2011;1.727,7
Jornada a tiempo parcial;15 Navarra, Comunidad Foral de;6;2010;1.690,0
Jornada a tiempo parcial;15 Navarra, Comunidad Foral de;6;2009;1.547,3
Jornada a tiempo parcial;15 Navarra, Comunidad Foral de;6;2008;1.569,9
Jornada a tiempo parcial;15 Navarra, Comunidad Foral de;6;2007;1.469,6
Jornada a tiempo parcial;15 Navarra, Comunidad Foral de;6;2006;1.457,8
Jornada a tiempo parcial;15 Navarra, Comunidad Foral de;7;2024;..
Jornada a tiempo parcial;15 Navarra, Comunidad Foral de;7;2023;2.419,6
Jornada a tiempo parcial;15 Navarra, Comunidad Foral de;7;2022;2.251,0
Jornada a tiempo parcial;15 Navarra, Comunidad Foral de;7;2021;2.066,4
Jornada a tiempo parcial;15 Navarra, Comunidad Foral de;7;2020;2.104,2
Jornada a tiempo parcial;15 Navarra, Comunidad Foral de;7;2019;2.104,5
Jornada a tiempo parcial;15 Navarra, Comunidad Foral de;7;2018;2.056,5
Jornada a tiempo parcial;15 Navarra, Comunidad Foral de;7;2017;1.956,9
Jornada a tiempo parcial;15 Navarra, Comunidad Foral de;7;2016;1.966,6
Jornada a tiempo parcial;15 Navarra, Comunidad Foral de;7;2015;1.925,8
Jornada a tiempo parcial;15 Navarra, Comunidad Foral de;7;2014;2.016,2
Jornada a tiempo parcial;15 Navarra, Comunidad Foral de;7;2013;1.880,2
Jornada a tiempo parcial;15 Navarra, Comunidad Foral de;7;2012;1.941,8
Jornada a tiempo parcial;15 Navarra, Comunidad Foral de;7;2011;1.831,8
Jornada a tiempo parcial;15 Navarra, Comunidad Foral de;7;2010;1.893,9
Jornada a tiempo parcial;15 Navarra, Comunidad Foral de;7;2009;1.787,9
Jornada a tiempo parcial;15 Navarra, Comunidad Foral de;7;2008;1.907,1
Jornada a tiempo parcial;15 Navarra, Comunidad Foral de;7;2007;1.695,7
Jornada a tiempo parcial;15 Navarra, Comunidad Foral de;7;2006;1.612,9
Jornada a tiempo parcial;15 Navarra, Comunidad Foral de;8;2024;3.061,0
Jornada a tiempo parcial;15 Navarra, Comunidad Foral de;8;2023;2.703,2
Jornada a tiempo parcial;15 Navarra, Comunidad Foral de;8;2022;2.440,1
Jornada a tiempo parcial;15 Navarra, Comunidad Foral de;8;2021;2.522,2
Jornada a tiempo parcial;15 Navarra, Comunidad Foral de;8;2020;2.496,1
Jornada a tiempo parcial;15 Navarra, Comunidad Foral de;8;2019;2.414,7
Jornada a tiempo parcial;15 Navarra, Comunidad Foral de;8;2018;2.455,2
Jornada a tiempo parcial;15 Navarra, Comunidad Foral de;8;2017;2.285,4
Jornada a tiempo parcial;15 Navarra, Comunidad Foral de;8;2016;2.421,6
Jornada a tiempo parcial;15 Navarra, Comunidad Foral de;8;2015;..
Jornada a tiempo parcial;15 Navarra, Comunidad Foral de;8;2014;2.294,0
Jornada a tiempo parcial;15 Navarra, Comunidad Foral de;8;2013;2.182,8
Jornada a tiempo parcial;15 Navarra, Comunidad Foral de;8;2012;2.144,8
Jornada a tiempo parcial;15 Navarra, Comunidad Foral de;8;2011;2.184,6
Jornada a tiempo parcial;15 Navarra, Comunidad Foral de;8;2010;..
Jornada a tiempo parcial;15 Navarra, Comunidad Foral de;8;2009;2.041,6
Jornada a tiempo parcial;15 Navarra, Comunidad Foral de;8;2008;1.945,5
Jornada a tiempo parcial;15 Navarra, Comunidad Foral de;8;2007;1.924,0
Jornada a tiempo parcial;15 Navarra, Comunidad Foral de;8;2006;2.024,6
Jornada a tiempo parcial;15 Navarra, Comunidad Foral de;9;2024;3.609,1
Jornada a tiempo parcial;15 Navarra, Comunidad Foral de;9;2023;3.215,5
Jornada a tiempo parcial;15 Navarra, Comunidad Foral de;9;2022;3.296,4
Jornada a tiempo parcial;15 Navarra, Comunidad Foral de;9;2021;2.818,9
Jornada a tiempo parcial;15 Navarra, Comunidad Foral de;9;2020;..
Jornada a tiempo parcial;15 Navarra, Comunidad Foral de;9;2019;2.731,5
Jornada a tiempo parcial;15 Navarra, Comunidad Foral de;9;2018;2.743,2
Jornada a tiempo parcial;15 Navarra, Comunidad Foral de;9;2017;..
Jornada a tiempo parcial;15 Navarra, Comunidad Foral de;9;2016;2.953,3
Jornada a tiempo parcial;15 Navarra, Comunidad Foral de;9;2015;2.674,8
Jornada a tiempo parcial;15 Navarra, Comunidad Foral de;9;2014;..
Jornada a tiempo parcial;15 Navarra, Comunidad Foral de;9;2013;2.770,1
Jornada a tiempo parcial;15 Navarra, Comunidad Foral de;9;2012;..
Jornada a tiempo parcial;15 Navarra, Comunidad Foral de;9;2011;..
Jornada a tiempo parcial;15 Navarra, Comunidad Foral de;9;2010;2.864,6
Jornada a tiempo parcial;15 Navarra, Comunidad Foral de;9;2009;..
Jornada a tiempo parcial;15 Navarra, Comunidad Foral de;9;2008;..
Jornada a tiempo parcial;15 Navarra, Comunidad Foral de;9;2007;..
Jornada a tiempo parcial;15 Navarra, Comunidad Foral de;9;2006;2.413,4
Jornada a tiempo parcial;15 Navarra, Comunidad Foral de;10;2024;..
Jornada a tiempo parcial;15 Navarra, Comunidad Foral de;10;2023;..
Jornada a tiempo parcial;15 Navarra, Comunidad Foral de;10;2022;..
Jornada a tiempo parcial;15 Navarra, Comunidad Foral de;10;2021;..
Jornada a tiempo parcial;15 Navarra, Comunidad Foral de;10;2020;..
Jornada a tiempo parcial;15 Navarra, Comunidad Foral de;10;2019;..
Jornada a tiempo parcial;15 Navarra, Comunidad Foral de;10;2018;..
Jornada a tiempo parcial;15 Navarra, Comunidad Foral de;10;2017;..
Jornada a tiempo parcial;15 Navarra, Comunidad Foral de;10;2016;..
Jornada a tiempo parcial;15 Navarra, Comunidad Foral de;10;2015;..
Jornada a tiempo parcial;15 Navarra, Comunidad Foral de;10;2014;..
Jornada a tiempo parcial;15 Navarra, Comunidad Foral de;10;2013;..
Jornada a tiempo parcial;15 Navarra, Comunidad Foral de;10;2012;..
Jornada a tiempo parcial;15 Navarra, Comunidad Foral de;10;2011;..
Jornada a tiempo parcial;15 Navarra, Comunidad Foral de;10;2010;..
Jornada a tiempo parcial;15 Navarra, Comunidad Foral de;10;2009;..
Jornada a tiempo parcial;15 Navarra, Comunidad Foral de;10;2008;..
Jornada a tiempo parcial;15 Navarra, Comunidad Foral de;10;2007;..
Jornada a tiempo parcial;15 Navarra, Comunidad Foral de;10;2006;..
Jornada a tiempo parcial;16 País Vasco;Total;2024;1.178,6
Jornada a tiempo parcial;16 País Vasco;Total;2023;1.062,4
Jornada a tiempo parcial;16 País Vasco;Total;2022;1.045,6
Jornada a tiempo parcial;16 País Vasco;Total;2021;943,1
Jornada a tiempo parcial;16 País Vasco;Total;2020;888,0
Jornada a tiempo parcial;16 País Vasco;Total;2019;942,8
Jornada a tiempo parcial;16 País Vasco;Total;2018;872,0
Jornada a tiempo parcial;16 País Vasco;Total;2017;884,1
Jornada a tiempo parcial;16 País Vasco;Total;2016;857,8
Jornada a tiempo parcial;16 País Vasco;Total;2015;866,7
Jornada a tiempo parcial;16 País Vasco;Total;2014;785,6
Jornada a tiempo parcial;16 País Vasco;Total;2013;832,3
Jornada a tiempo parcial;16 País Vasco;Total;2012;816,6
Jornada a tiempo parcial;16 País Vasco;Total;2011;800,5
Jornada a tiempo parcial;16 País Vasco;Total;2010;822,7
Jornada a tiempo parcial;16 País Vasco;Total;2009;779,9
Jornada a tiempo parcial;16 País Vasco;Total;2008;783,3
Jornada a tiempo parcial;16 País Vasco;Total;2007;708,2
Jornada a tiempo parcial;16 País Vasco;Total;2006;715,4
Jornada a tiempo parcial;16 País Vasco;1;2024;676,3
Jornada a tiempo parcial;16 País Vasco;1;2023;674,4
Jornada a tiempo parcial;16 País Vasco;1;2022;586,7
Jornada a tiempo parcial;16 País Vasco;1;2021;515,3
Jornada a tiempo parcial;16 País Vasco;1;2020;487,8
Jornada a tiempo parcial;16 País Vasco;1;2019;496,0
Jornada a tiempo parcial;16 País Vasco;1;2018;445,0
Jornada a tiempo parcial;16 País Vasco;1;2017;419,5
Jornada a tiempo parcial;16 País Vasco;1;2016;440,7
Jornada a tiempo parcial;16 País Vasco;1;2015;446,0
Jornada a tiempo parcial;16 País Vasco;1;2014;398,5
Jornada a tiempo parcial;16 País Vasco;1;2013;370,4
Jornada a tiempo parcial;16 País Vasco;1;2012;461,4
Jornada a tiempo parcial;16 País Vasco;1;2011;432,5
Jornada a tiempo parcial;16 País Vasco;1;2010;474,7
Jornada a tiempo parcial;16 País Vasco;1;2009;453,1
Jornada a tiempo parcial;16 País Vasco;1;2008;461,5
Jornada a tiempo parcial;16 País Vasco;1;2007;489,5
Jornada a tiempo parcial;16 País Vasco;1;2006;458,5
Jornada a tiempo parcial;16 País Vasco;2;2024;1.212,9
Jornada a tiempo parcial;16 País Vasco;2;2023;1.152,2
Jornada a tiempo parcial;16 País Vasco;2;2022;1.072,9
Jornada a tiempo parcial;16 País Vasco;2;2021;1.014,2
Jornada a tiempo parcial;16 País Vasco;2;2020;984,9
Jornada a tiempo parcial;16 País Vasco;2;2019;951,7
Jornada a tiempo parcial;16 País Vasco;2;2018;890,3
Jornada a tiempo parcial;16 País Vasco;2;2017;852,6
Jornada a tiempo parcial;16 País Vasco;2;2016;836,6
Jornada a tiempo parcial;16 País Vasco;2;2015;816,5
Jornada a tiempo parcial;16 País Vasco;2;2014;806,5
Jornada a tiempo parcial;16 País Vasco;2;2013;833,3
Jornada a tiempo parcial;16 País Vasco;2;2012;808,8
Jornada a tiempo parcial;16 País Vasco;2;2011;843,4
Jornada a tiempo parcial;16 País Vasco;2;2010;857,0
Jornada a tiempo parcial;16 País Vasco;2;2009;854,4
Jornada a tiempo parcial;16 País Vasco;2;2008;859,5
Jornada a tiempo parcial;16 País Vasco;2;2007;816,2
Jornada a tiempo parcial;16 País Vasco;2;2006;778,5
Jornada a tiempo parcial;16 País Vasco;3;2024;1.499,9
Jornada a tiempo parcial;16 País Vasco;3;2023;1.433,5
Jornada a tiempo parcial;16 País Vasco;3;2022;1.355,9
Jornada a tiempo parcial;16 País Vasco;3;2021;1.260,2
Jornada a tiempo parcial;16 País Vasco;3;2020;1.241,0
Jornada a tiempo parcial;16 País Vasco;3;2019;1.211,6
Jornada a tiempo parcial;16 País Vasco;3;2018;1.126,9
Jornada a tiempo parcial;16 País Vasco;3;2017;1.132,6
Jornada a tiempo parcial;16 País Vasco;3;2016;1.104,4
Jornada a tiempo parcial;16 País Vasco;3;2015;1.076,4
Jornada a tiempo parcial;16 País Vasco;3;2014;1.091,9
Jornada a tiempo parcial;16 País Vasco;3;2013;1.075,8
Jornada a tiempo parcial;16 País Vasco;3;2012;1.127,5
Jornada a tiempo parcial;16 País Vasco;3;2011;1.118,2
Jornada a tiempo parcial;16 País Vasco;3;2010;1.134,6
Jornada a tiempo parcial;16 País Vasco;3;2009;1.141,0
Jornada a tiempo parcial;16 País Vasco;3;2008;1.131,7
Jornada a tiempo parcial;16 País Vasco;3;2007;1.024,0
Jornada a tiempo parcial;16 País Vasco;3;2006;993,7
Jornada a tiempo parcial;16 País Vasco;4;2024;1.699,6
Jornada a tiempo parcial;16 País Vasco;4;2023;1.644,3
Jornada a tiempo parcial;16 País Vasco;4;2022;1.531,4
Jornada a tiempo parcial;16 País Vasco;4;2021;1.430,4
Jornada a tiempo parcial;16 País Vasco;4;2020;1.427,2
Jornada a tiempo parcial;16 País Vasco;4;2019;1.403,7
Jornada a tiempo parcial;16 País Vasco;4;2018;1.355,6
Jornada a tiempo parcial;16 País Vasco;4;2017;1.328,5
Jornada a tiempo parcial;16 País Vasco;4;2016;1.337,4
Jornada a tiempo parcial;16 País Vasco;4;2015;1.304,5
Jornada a tiempo parcial;16 País Vasco;4;2014;1.320,9
Jornada a tiempo parcial;16 País Vasco;4;2013;1.300,6
Jornada a tiempo parcial;16 País Vasco;4;2012;1.307,7
Jornada a tiempo parcial;16 País Vasco;4;2011;1.279,0
Jornada a tiempo parcial;16 País Vasco;4;2010;1.293,1
Jornada a tiempo parcial;16 País Vasco;4;2009;1.300,6
Jornada a tiempo parcial;16 País Vasco;4;2008;1.262,4
Jornada a tiempo parcial;16 País Vasco;4;2007;1.205,0
Jornada a tiempo parcial;16 País Vasco;4;2006;1.151,8
Jornada a tiempo parcial;16 País Vasco;5;2024;1.844,7
Jornada a tiempo parcial;16 País Vasco;5;2023;1.829,3
Jornada a tiempo parcial;16 País Vasco;5;2022;1.732,6
Jornada a tiempo parcial;16 País Vasco;5;2021;1.650,2
Jornada a tiempo parcial;16 País Vasco;5;2020;1.623,9
Jornada a tiempo parcial;16 País Vasco;5;2019;1.596,2
Jornada a tiempo parcial;16 País Vasco;5;2018;1.581,4
Jornada a tiempo parcial;16 País Vasco;5;2017;1.497,4
Jornada a tiempo parcial;16 País Vasco;5;2016;1.530,4
Jornada a tiempo parcial;16 País Vasco;5;2015;1.512,1
Jornada a tiempo parcial;16 País Vasco;5;2014;1.479,1
Jornada a tiempo parcial;16 País Vasco;5;2013;1.527,8
Jornada a tiempo parcial;16 País Vasco;5;2012;1.499,3
Jornada a tiempo parcial;16 País Vasco;5;2011;1.499,7
Jornada a tiempo parcial;16 País Vasco;5;2010;1.487,1
Jornada a tiempo parcial;16 País Vasco;5;2009;1.445,3
Jornada a tiempo parcial;16 País Vasco;5;2008;1.439,5
Jornada a tiempo parcial;16 País Vasco;5;2007;1.308,7
Jornada a tiempo parcial;16 País Vasco;5;2006;..
Jornada a tiempo parcial;16 País Vasco;6;2024;2.142,5
Jornada a tiempo parcial;16 País Vasco;6;2023;1.992,2
Jornada a tiempo parcial;16 País Vasco;6;2022;1.902,6
Jornada a tiempo parcial;16 País Vasco;6;2021;1.865,1
Jornada a tiempo parcial;16 País Vasco;6;2020;1.861,6
Jornada a tiempo parcial;16 País Vasco;6;2019;1.789,7
Jornada a tiempo parcial;16 País Vasco;6;2018;1.772,0
Jornada a tiempo parcial;16 País Vasco;6;2017;1.659,8
Jornada a tiempo parcial;16 País Vasco;6;2016;1.668,0
Jornada a tiempo parcial;16 País Vasco;6;2015;1.679,9
Jornada a tiempo parcial;16 País Vasco;6;2014;1.665,5
Jornada a tiempo parcial;16 País Vasco;6;2013;1.720,3
Jornada a tiempo parcial;16 País Vasco;6;2012;1.752,0
Jornada a tiempo parcial;16 País Vasco;6;2011;1.651,8
Jornada a tiempo parcial;16 País Vasco;6;2010;1.690,9
Jornada a tiempo parcial;16 País Vasco;6;2009;1.673,0
Jornada a tiempo parcial;16 País Vasco;6;2008;1.601,1
Jornada a tiempo parcial;16 País Vasco;6;2007;1.487,5
Jornada a tiempo parcial;16 País Vasco;6;2006;1.434,0
Jornada a tiempo parcial;16 País Vasco;7;2024;2.543,3
Jornada a tiempo parcial;16 País Vasco;7;2023;2.347,9
Jornada a tiempo parcial;16 País Vasco;7;2022;2.236,8
Jornada a tiempo parcial;16 País Vasco;7;2021;2.158,9
Jornada a tiempo parcial;16 País Vasco;7;2020;2.021,9
Jornada a tiempo parcial;16 País Vasco;7;2019;1.988,6
Jornada a tiempo parcial;16 País Vasco;7;2018;1.978,2
Jornada a tiempo parcial;16 País Vasco;7;2017;2.026,8
Jornada a tiempo parcial;16 País Vasco;7;2016;1.917,8
Jornada a tiempo parcial;16 País Vasco;7;2015;1.885,6
Jornada a tiempo parcial;16 País Vasco;7;2014;1.984,5
Jornada a tiempo parcial;16 País Vasco;7;2013;1.959,5
Jornada a tiempo parcial;16 País Vasco;7;2012;1.918,9
Jornada a tiempo parcial;16 País Vasco;7;2011;1.902,3
Jornada a tiempo parcial;16 País Vasco;7;2010;1.910,1
Jornada a tiempo parcial;16 País Vasco;7;2009;1.820,7
Jornada a tiempo parcial;16 País Vasco;7;2008;1.811,0
Jornada a tiempo parcial;16 País Vasco;7;2007;1.626,3
Jornada a tiempo parcial;16 País Vasco;7;2006;1.664,2
Jornada a tiempo parcial;16 País Vasco;8;2024;2.991,7
Jornada a tiempo parcial;16 País Vasco;8;2023;2.959,0
Jornada a tiempo parcial;16 País Vasco;8;2022;2.565,9
Jornada a tiempo parcial;16 País Vasco;8;2021;2.594,5
Jornada a tiempo parcial;16 País Vasco;8;2020;2.544,4
Jornada a tiempo parcial;16 País Vasco;8;2019;2.409,4
Jornada a tiempo parcial;16 País Vasco;8;2018;2.522,6
Jornada a tiempo parcial;16 País Vasco;8;2017;2.300,1
Jornada a tiempo parcial;16 País Vasco;8;2016;2.371,1
Jornada a tiempo parcial;16 País Vasco;8;2015;2.262,6
Jornada a tiempo parcial;16 País Vasco;8;2014;2.357,7
Jornada a tiempo parcial;16 País Vasco;8;2013;2.316,1
Jornada a tiempo parcial;16 País Vasco;8;2012;2.221,3
Jornada a tiempo parcial;16 País Vasco;8;2011;2.227,2
Jornada a tiempo parcial;16 País Vasco;8;2010;2.211,7
Jornada a tiempo parcial;16 País Vasco;8;2009;2.283,9
Jornada a tiempo parcial;16 País Vasco;8;2008;2.154,3
Jornada a tiempo parcial;16 País Vasco;8;2007;2.077,2
Jornada a tiempo parcial;16 País Vasco;8;2006;1.891,3
Jornada a tiempo parcial;16 País Vasco;9;2024;3.349,1
Jornada a tiempo parcial;16 País Vasco;9;2023;..
Jornada a tiempo parcial;16 País Vasco;9;2022;3.124,7
Jornada a tiempo parcial;16 País Vasco;9;2021;2.867,1
Jornada a tiempo parcial;16 País Vasco;9;2020;3.116,4
Jornada a tiempo parcial;16 País Vasco;9;2019;2.860,4
Jornada a tiempo parcial;16 País Vasco;9;2018;2.752,7
Jornada a tiempo parcial;16 País Vasco;9;2017;2.846,1
Jornada a tiempo parcial;16 País Vasco;9;2016;2.806,5
Jornada a tiempo parcial;16 País Vasco;9;2015;2.702,5
Jornada a tiempo parcial;16 País Vasco;9;2014;2.799,1
Jornada a tiempo parcial;16 País Vasco;9;2013;2.706,0
Jornada a tiempo parcial;16 País Vasco;9;2012;2.656,1
Jornada a tiempo parcial;16 País Vasco;9;2011;2.536,1
Jornada a tiempo parcial;16 País Vasco;9;2010;2.730,5
Jornada a tiempo parcial;16 País Vasco;9;2009;..
Jornada a tiempo parcial;16 País Vasco;9;2008;3.002,5
Jornada a tiempo parcial;16 País Vasco;9;2007;2.602,5
Jornada a tiempo parcial;16 País Vasco;9;2006;2.454,6
Jornada a tiempo parcial;16 País Vasco;10;2024;..
Jornada a tiempo parcial;16 País Vasco;10;2023;..
Jornada a tiempo parcial;16 País Vasco;10;2022;..
Jornada a tiempo parcial;16 País Vasco;10;2021;..
Jornada a tiempo parcial;16 País Vasco;10;2020;..
Jornada a tiempo parcial;16 País Vasco;10;2019;..
Jornada a tiempo parcial;16 País Vasco;10;2018;..
Jornada a tiempo parcial;16 País Vasco;10;2017;..
Jornada a tiempo parcial;16 País Vasco;10;2016;..
Jornada a tiempo parcial;16 País Vasco;10;2015;..
Jornada a tiempo parcial;16 País Vasco;10;2014;..
Jornada a tiempo parcial;16 País Vasco;10;2013;..
Jornada a tiempo parcial;16 País Vasco;10;2012;..
Jornada a tiempo parcial;16 País Vasco;10;2011;..
Jornada a tiempo parcial;16 País Vasco;10;2010;..
Jornada a tiempo parcial;16 País Vasco;10;2009;..
Jornada a tiempo parcial;16 País Vasco;10;2008;..
Jornada a tiempo parcial;16 País Vasco;10;2007;..
Jornada a tiempo parcial;16 País Vasco;10;2006;..
Jornada a tiempo parcial;17 Rioja, La;Total;2024;1.064,3
Jornada a tiempo parcial;17 Rioja, La;Total;2023;1.033,1
Jornada a tiempo parcial;17 Rioja, La;Total;2022;1.042,3
Jornada a tiempo parcial;17 Rioja, La;Total;2021;865,1
Jornada a tiempo parcial;17 Rioja, La;Total;2020;902,8
Jornada a tiempo parcial;17 Rioja, La;Total;2019;846,7
Jornada a tiempo parcial;17 Rioja, La;Total;2018;748,8
Jornada a tiempo parcial;17 Rioja, La;Total;2017;818,4
Jornada a tiempo parcial;17 Rioja, La;Total;2016;899,3
Jornada a tiempo parcial;17 Rioja, La;Total;2015;741,5
Jornada a tiempo parcial;17 Rioja, La;Total;2014;754,3
Jornada a tiempo parcial;17 Rioja, La;Total;2013;738,2
Jornada a tiempo parcial;17 Rioja, La;Total;2012;755,9
Jornada a tiempo parcial;17 Rioja, La;Total;2011;724,4
Jornada a tiempo parcial;17 Rioja, La;Total;2010;710,6
Jornada a tiempo parcial;17 Rioja, La;Total;2009;826,7
Jornada a tiempo parcial;17 Rioja, La;Total;2008;741,7
Jornada a tiempo parcial;17 Rioja, La;Total;2007;757,0
Jornada a tiempo parcial;17 Rioja, La;Total;2006;618,7
Jornada a tiempo parcial;17 Rioja, La;1;2024;704,1
Jornada a tiempo parcial;17 Rioja, La;1;2023;639,9
Jornada a tiempo parcial;17 Rioja, La;1;2022;669,3
Jornada a tiempo parcial;17 Rioja, La;1;2021;549,1
Jornada a tiempo parcial;17 Rioja, La;1;2020;526,2
Jornada a tiempo parcial;17 Rioja, La;1;2019;519,9
Jornada a tiempo parcial;17 Rioja, La;1;2018;419,4
Jornada a tiempo parcial;17 Rioja, La;1;2017;493,3
Jornada a tiempo parcial;17 Rioja, La;1;2016;481,4
Jornada a tiempo parcial;17 Rioja, La;1;2015;497,7
Jornada a tiempo parcial;17 Rioja, La;1;2014;435,5
Jornada a tiempo parcial;17 Rioja, La;1;2013;404,6
Jornada a tiempo parcial;17 Rioja, La;1;2012;416,7
Jornada a tiempo parcial;17 Rioja, La;1;2011;476,7
Jornada a tiempo parcial;17 Rioja, La;1;2010;516,3
Jornada a tiempo parcial;17 Rioja, La;1;2009;517,2
Jornada a tiempo parcial;17 Rioja, La;1;2008;451,1
Jornada a tiempo parcial;17 Rioja, La;1;2007;502,0
Jornada a tiempo parcial;17 Rioja, La;1;2006;446,2
Jornada a tiempo parcial;17 Rioja, La;2;2024;1.225,0
Jornada a tiempo parcial;17 Rioja, La;2;2023;1.163,8
Jornada a tiempo parcial;17 Rioja, La;2;2022;1.066,4
Jornada a tiempo parcial;17 Rioja, La;2;2021;976,1
Jornada a tiempo parcial;17 Rioja, La;2;2020;949,0
Jornada a tiempo parcial;17 Rioja, La;2;2019;921,9
Jornada a tiempo parcial;17 Rioja, La;2;2018;879,8
Jornada a tiempo parcial;17 Rioja, La;2;2017;838,6
Jornada a tiempo parcial;17 Rioja, La;2;2016;815,6
Jornada a tiempo parcial;17 Rioja, La;2;2015;806,0
Jornada a tiempo parcial;17 Rioja, La;2;2014;812,5
Jornada a tiempo parcial;17 Rioja, La;2;2013;774,5
Jornada a tiempo parcial;17 Rioja, La;2;2012;794,3
Jornada a tiempo parcial;17 Rioja, La;2;2011;813,9
Jornada a tiempo parcial;17 Rioja, La;2;2010;853,1
Jornada a tiempo parcial;17 Rioja, La;2;2009;837,7
Jornada a tiempo parcial;17 Rioja, La;2;2008;884,9
Jornada a tiempo parcial;17 Rioja, La;2;2007;799,8
Jornada a tiempo parcial;17 Rioja, La;2;2006;813,7
Jornada a tiempo parcial;17 Rioja, La;3;2024;1.464,5
Jornada a tiempo parcial;17 Rioja, La;3;2023;1.385,9
Jornada a tiempo parcial;17 Rioja, La;3;2022;1.286,8
Jornada a tiempo parcial;17 Rioja, La;3;2021;1.246,5
Jornada a tiempo parcial;17 Rioja, La;3;2020;1.191,5
Jornada a tiempo parcial;17 Rioja, La;3;2019;1.228,1
Jornada a tiempo parcial;17 Rioja, La;3;2018;1.130,1
Jornada a tiempo parcial;17 Rioja, La;3;2017;1.073,6
Jornada a tiempo parcial;17 Rioja, La;3;2016;1.090,5
Jornada a tiempo parcial;17 Rioja, La;3;2015;1.106,7
Jornada a tiempo parcial;17 Rioja, La;3;2014;1.027,9
Jornada a tiempo parcial;17 Rioja, La;3;2013;1.046,8
Jornada a tiempo parcial;17 Rioja, La;3;2012;1.081,9
Jornada a tiempo parcial;17 Rioja, La;3;2011;1.096,7
Jornada a tiempo parcial;17 Rioja, La;3;2010;1.099,6
Jornada a tiempo parcial;17 Rioja, La;3;2009;1.146,3
Jornada a tiempo parcial;17 Rioja, La;3;2008;1.171,0
Jornada a tiempo parcial;17 Rioja, La;3;2007;1.045,6
Jornada a tiempo parcial;17 Rioja, La;3;2006;..
Jornada a tiempo parcial;17 Rioja, La;4;2024;1.656,8
Jornada a tiempo parcial;17 Rioja, La;4;2023;1.692,6
Jornada a tiempo parcial;17 Rioja, La;4;2022;1.502,6
Jornada a tiempo parcial;17 Rioja, La;4;2021;1.399,8
Jornada a tiempo parcial;17 Rioja, La;4;2020;1.404,3
Jornada a tiempo parcial;17 Rioja, La;4;2019;1.449,5
Jornada a tiempo parcial;17 Rioja, La;4;2018;1.356,9
Jornada a tiempo parcial;17 Rioja, La;4;2017;1.288,9
Jornada a tiempo parcial;17 Rioja, La;4;2016;1.292,9
Jornada a tiempo parcial;17 Rioja, La;4;2015;1.300,1
Jornada a tiempo parcial;17 Rioja, La;4;2014;1.342,6
Jornada a tiempo parcial;17 Rioja, La;4;2013;1.319,2
Jornada a tiempo parcial;17 Rioja, La;4;2012;1.308,5
Jornada a tiempo parcial;17 Rioja, La;4;2011;1.307,6
Jornada a tiempo parcial;17 Rioja, La;4;2010;1.298,5
Jornada a tiempo parcial;17 Rioja, La;4;2009;1.298,0
Jornada a tiempo parcial;17 Rioja, La;4;2008;1.267,2
Jornada a tiempo parcial;17 Rioja, La;4;2007;1.212,1
Jornada a tiempo parcial;17 Rioja, La;4;2006;1.124,4
Jornada a tiempo parcial;17 Rioja, La;5;2024;1.846,4
Jornada a tiempo parcial;17 Rioja, La;5;2023;1.857,4
Jornada a tiempo parcial;17 Rioja, La;5;2022;1.724,6
Jornada a tiempo parcial;17 Rioja, La;5;2021;1.693,3
Jornada a tiempo parcial;17 Rioja, La;5;2020;1.569,8
Jornada a tiempo parcial;17 Rioja, La;5;2019;1.554,7
Jornada a tiempo parcial;17 Rioja, La;5;2018;1.601,2
Jornada a tiempo parcial;17 Rioja, La;5;2017;1.545,6
Jornada a tiempo parcial;17 Rioja, La;5;2016;1.504,4
Jornada a tiempo parcial;17 Rioja, La;5;2015;1.451,0
Jornada a tiempo parcial;17 Rioja, La;5;2014;1.447,5
Jornada a tiempo parcial;17 Rioja, La;5;2013;1.480,7
Jornada a tiempo parcial;17 Rioja, La;5;2012;1.498,3
Jornada a tiempo parcial;17 Rioja, La;5;2011;..
Jornada a tiempo parcial;17 Rioja, La;5;2010;1.460,5
Jornada a tiempo parcial;17 Rioja, La;5;2009;1.414,9
Jornada a tiempo parcial;17 Rioja, La;5;2008;..
Jornada a tiempo parcial;17 Rioja, La;5;2007;1.343,6
Jornada a tiempo parcial;17 Rioja, La;5;2006;1.328,9
Jornada a tiempo parcial;17 Rioja, La;6;2024;2.185,1
Jornada a tiempo parcial;17 Rioja, La;6;2023;2.029,4
Jornada a tiempo parcial;17 Rioja, La;6;2022;1.866,6
Jornada a tiempo parcial;17 Rioja, La;6;2021;1.849,3
Jornada a tiempo parcial;17 Rioja, La;6;2020;1.760,8
Jornada a tiempo parcial;17 Rioja, La;6;2019;..
Jornada a tiempo parcial;17 Rioja, La;6;2018;1.785,7
Jornada a tiempo parcial;17 Rioja, La;6;2017;1.678,2
Jornada a tiempo parcial;17 Rioja, La;6;2016;1.706,3
Jornada a tiempo parcial;17 Rioja, La;6;2015;..
Jornada a tiempo parcial;17 Rioja, La;6;2014;1.730,0
Jornada a tiempo parcial;17 Rioja, La;6;2013;1.702,6
Jornada a tiempo parcial;17 Rioja, La;6;2012;1.720,6
Jornada a tiempo parcial;17 Rioja, La;6;2011;..
Jornada a tiempo parcial;17 Rioja, La;6;2010;1.756,2
Jornada a tiempo parcial;17 Rioja, La;6;2009;1.642,4
Jornada a tiempo parcial;17 Rioja, La;6;2008;1.603,3
Jornada a tiempo parcial;17 Rioja, La;6;2007;..
Jornada a tiempo parcial;17 Rioja, La;6;2006;1.445,5
Jornada a tiempo parcial;17 Rioja, La;7;2024;..
Jornada a tiempo parcial;17 Rioja, La;7;2023;2.432,2
Jornada a tiempo parcial;17 Rioja, La;7;2022;..
Jornada a tiempo parcial;17 Rioja, La;7;2021;..
Jornada a tiempo parcial;17 Rioja, La;7;2020;2.146,7
Jornada a tiempo parcial;17 Rioja, La;7;2019;2.174,4
Jornada a tiempo parcial;17 Rioja, La;7;2018;..
Jornada a tiempo parcial;17 Rioja, La;7;2017;1.884,7
Jornada a tiempo parcial;17 Rioja, La;7;2016;1.963,4
Jornada a tiempo parcial;17 Rioja, La;7;2015;1.999,9
Jornada a tiempo parcial;17 Rioja, La;7;2014;2.097,0
Jornada a tiempo parcial;17 Rioja, La;7;2013;1.915,8
Jornada a tiempo parcial;17 Rioja, La;7;2012;2.065,4
Jornada a tiempo parcial;17 Rioja, La;7;2011;1.842,2
Jornada a tiempo parcial;17 Rioja, La;7;2010;1.953,5
Jornada a tiempo parcial;17 Rioja, La;7;2009;1.894,3
Jornada a tiempo parcial;17 Rioja, La;7;2008;1.805,0
Jornada a tiempo parcial;17 Rioja, La;7;2007;1.740,0
Jornada a tiempo parcial;17 Rioja, La;7;2006;1.638,4
Jornada a tiempo parcial;17 Rioja, La;8;2024;2.735,4
Jornada a tiempo parcial;17 Rioja, La;8;2023;2.838,9
Jornada a tiempo parcial;17 Rioja, La;8;2022;2.584,8
Jornada a tiempo parcial;17 Rioja, La;8;2021;2.495,0
Jornada a tiempo parcial;17 Rioja, La;8;2020;2.634,3
Jornada a tiempo parcial;17 Rioja, La;8;2019;2.392,0
Jornada a tiempo parcial;17 Rioja, La;8;2018;2.541,4
Jornada a tiempo parcial;17 Rioja, La;8;2017;2.313,2
Jornada a tiempo parcial;17 Rioja, La;8;2016;2.412,7
Jornada a tiempo parcial;17 Rioja, La;8;2015;2.306,9
Jornada a tiempo parcial;17 Rioja, La;8;2014;2.530,8
Jornada a tiempo parcial;17 Rioja, La;8;2013;2.225,3
Jornada a tiempo parcial;17 Rioja, La;8;2012;2.334,3
Jornada a tiempo parcial;17 Rioja, La;8;2011;..
Jornada a tiempo parcial;17 Rioja, La;8;2010;2.242,9
Jornada a tiempo parcial;17 Rioja, La;8;2009;2.315,0
Jornada a tiempo parcial;17 Rioja, La;8;2008;2.265,5
Jornada a tiempo parcial;17 Rioja, La;8;2007;2.107,6
Jornada a tiempo parcial;17 Rioja, La;8;2006;..
Jornada a tiempo parcial;17 Rioja, La;9;2024;..
Jornada a tiempo parcial;17 Rioja, La;9;2023;..
Jornada a tiempo parcial;17 Rioja, La;9;2022;3.567,3
Jornada a tiempo parcial;17 Rioja, La;9;2021;..
Jornada a tiempo parcial;17 Rioja, La;9;2020;3.315,1
Jornada a tiempo parcial;17 Rioja, La;9;2019;..
Jornada a tiempo parcial;17 Rioja, La;9;2018;..
Jornada a tiempo parcial;17 Rioja, La;9;2017;2.663,0
Jornada a tiempo parcial;17 Rioja, La;9;2016;..
Jornada a tiempo parcial;17 Rioja, La;9;2015;..
Jornada a tiempo parcial;17 Rioja, La;9;2014;3.019,4
Jornada a tiempo parcial;17 Rioja, La;9;2013;..
Jornada a tiempo parcial;17 Rioja, La;9;2012;..
Jornada a tiempo parcial;17 Rioja, La;9;2011;2.533,1
Jornada a tiempo parcial;17 Rioja, La;9;2010;..
Jornada a tiempo parcial;17 Rioja, La;9;2009;2.733,7
Jornada a tiempo parcial;17 Rioja, La;9;2008;2.915,0
Jornada a tiempo parcial;17 Rioja, La;9;2007;..
Jornada a tiempo parcial;17 Rioja, La;9;2006;..
Jornada a tiempo parcial;17 Rioja, La;10;2024;..
Jornada a tiempo parcial;17 Rioja, La;10;2023;..
Jornada a tiempo parcial;17 Rioja, La;10;2022;..
Jornada a tiempo parcial;17 Rioja, La;10;2021;..
Jornada a tiempo parcial;17 Rioja, La;10;2020;..
Jornada a tiempo parcial;17 Rioja, La;10;2019;..
Jornada a tiempo parcial;17 Rioja, La;10;2018;..
Jornada a tiempo parcial;17 Rioja, La;10;2017;..
Jornada a tiempo parcial;17 Rioja, La;10;2016;..
Jornada a tiempo parcial;17 Rioja, La;10;2015;..
Jornada a tiempo parcial;17 Rioja, La;10;2014;..
Jornada a tiempo parcial;17 Rioja, La;10;2013;..
Jornada a tiempo parcial;17 Rioja, La;10;2012;..
Jornada a tiempo parcial;17 Rioja, La;10;2011;..
Jornada a tiempo parcial;17 Rioja, La;10;2010;..
Jornada a tiempo parcial;17 Rioja, La;10;2009;..
Jornada a tiempo parcial;17 Rioja, La;10;2008;..
Jornada a tiempo parcial;17 Rioja, La;10;2007;..
Jornada a tiempo parcial;17 Rioja, La;10;2006;..
Jornada a tiempo parcial;18 Ceuta;Total;2024;1.140,7
Jornada a tiempo parcial;18 Ceuta;Total;2023;753,3
Jornada a tiempo parcial;18 Ceuta;Total;2022;883,4
Jornada a tiempo parcial;18 Ceuta;Total;2021;885,1
Jornada a tiempo parcial;18 Ceuta;Total;2020;899,1
Jornada a tiempo parcial;18 Ceuta;Total;2019;871,3
Jornada a tiempo parcial;18 Ceuta;Total;2018;739,0
Jornada a tiempo parcial;18 Ceuta;Total;2017;820,6
Jornada a tiempo parcial;18 Ceuta;Total;2016;804,1
Jornada a tiempo parcial;18 Ceuta;Total;2015;597,3
Jornada a tiempo parcial;18 Ceuta;Total;2014;728,9
Jornada a tiempo parcial;18 Ceuta;Total;2013;757,6
Jornada a tiempo parcial;18 Ceuta;Total;2012;726,7
Jornada a tiempo parcial;18 Ceuta;Total;2011;798,4
Jornada a tiempo parcial;18 Ceuta;Total;2010;683,6
Jornada a tiempo parcial;18 Ceuta;Total;2009;682,4
Jornada a tiempo parcial;18 Ceuta;Total;2008;443,9
Jornada a tiempo parcial;18 Ceuta;Total;2007;595,9
Jornada a tiempo parcial;18 Ceuta;Total;2006;1.075,8
Jornada a tiempo parcial;18 Ceuta;1;2024;817,6
Jornada a tiempo parcial;18 Ceuta;1;2023;661,0
Jornada a tiempo parcial;18 Ceuta;1;2022;696,7
Jornada a tiempo parcial;18 Ceuta;1;2021;757,0
Jornada a tiempo parcial;18 Ceuta;1;2020;602,3
Jornada a tiempo parcial;18 Ceuta;1;2019;602,6
Jornada a tiempo parcial;18 Ceuta;1;2018;626,1
Jornada a tiempo parcial;18 Ceuta;1;2017;594,0
Jornada a tiempo parcial;18 Ceuta;1;2016;530,2
Jornada a tiempo parcial;18 Ceuta;1;2015;392,8
Jornada a tiempo parcial;18 Ceuta;1;2014;451,4
Jornada a tiempo parcial;18 Ceuta;1;2013;371,0
Jornada a tiempo parcial;18 Ceuta;1;2012;512,3
Jornada a tiempo parcial;18 Ceuta;1;2011;549,5
Jornada a tiempo parcial;18 Ceuta;1;2010;409,8
Jornada a tiempo parcial;18 Ceuta;1;2009;247,1
Jornada a tiempo parcial;18 Ceuta;1;2008;355,0
Jornada a tiempo parcial;18 Ceuta;1;2007;404,9
Jornada a tiempo parcial;18 Ceuta;1;2006;577,3
Jornada a tiempo parcial;18 Ceuta;2;2024;1.115,7
Jornada a tiempo parcial;18 Ceuta;2;2023;1.293,8
Jornada a tiempo parcial;18 Ceuta;2;2022;1.071,7
Jornada a tiempo parcial;18 Ceuta;2;2021;1.012,7
Jornada a tiempo parcial;18 Ceuta;2;2020;975,7
Jornada a tiempo parcial;18 Ceuta;2;2019;975,8
Jornada a tiempo parcial;18 Ceuta;2;2018;884,9
Jornada a tiempo parcial;18 Ceuta;2;2017;865,4
Jornada a tiempo parcial;18 Ceuta;2;2016;798,3
Jornada a tiempo parcial;18 Ceuta;2;2015;765,2
Jornada a tiempo parcial;18 Ceuta;2;2014;813,8
Jornada a tiempo parcial;18 Ceuta;2;2013;748,9
Jornada a tiempo parcial;18 Ceuta;2;2012;909,5
Jornada a tiempo parcial;18 Ceuta;2;2011;895,2
Jornada a tiempo parcial;18 Ceuta;2;2010;825,0
Jornada a tiempo parcial;18 Ceuta;2;2009;..
Jornada a tiempo parcial;18 Ceuta;2;2008;786,7
Jornada a tiempo parcial;18 Ceuta;2;2007;910,8
Jornada a tiempo parcial;18 Ceuta;2;2006;687,3
Jornada a tiempo parcial;18 Ceuta;3;2024;1.477,3
Jornada a tiempo parcial;18 Ceuta;3;2023;1.366,0
Jornada a tiempo parcial;18 Ceuta;3;2022;1.422,0
Jornada a tiempo parcial;18 Ceuta;3;2021;1.351,0
Jornada a tiempo parcial;18 Ceuta;3;2020;..
Jornada a tiempo parcial;18 Ceuta;3;2019;1.252,3
Jornada a tiempo parcial;18 Ceuta;3;2018;1.071,5
Jornada a tiempo parcial;18 Ceuta;3;2017;1.216,9
Jornada a tiempo parcial;18 Ceuta;3;2016;1.114,0
Jornada a tiempo parcial;18 Ceuta;3;2015;..
Jornada a tiempo parcial;18 Ceuta;3;2014;1.118,2
Jornada a tiempo parcial;18 Ceuta;3;2013;1.118,6
Jornada a tiempo parcial;18 Ceuta;3;2012;1.217,9
Jornada a tiempo parcial;18 Ceuta;3;2011;1.160,3
Jornada a tiempo parcial;18 Ceuta;3;2010;1.073,5
Jornada a tiempo parcial;18 Ceuta;3;2009;1.048,5
Jornada a tiempo parcial;18 Ceuta;3;2008;..
Jornada a tiempo parcial;18 Ceuta;3;2007;..
Jornada a tiempo parcial;18 Ceuta;3;2006;944,6
Jornada a tiempo parcial;18 Ceuta;4;2024;..
Jornada a tiempo parcial;18 Ceuta;4;2023;1.545,0
Jornada a tiempo parcial;18 Ceuta;4;2022;..
Jornada a tiempo parcial;18 Ceuta;4;2021;..
Jornada a tiempo parcial;18 Ceuta;4;2020;1.452,7
Jornada a tiempo parcial;18 Ceuta;4;2019;..
Jornada a tiempo parcial;18 Ceuta;4;2018;..
Jornada a tiempo parcial;18 Ceuta;4;2017;..
Jornada a tiempo parcial;18 Ceuta;4;2016;1.347,5
Jornada a tiempo parcial;18 Ceuta;4;2015;1.282,2
Jornada a tiempo parcial;18 Ceuta;4;2014;1.298,5
Jornada a tiempo parcial;18 Ceuta;4;2013;1.284,4
Jornada a tiempo parcial;18 Ceuta;4;2012;..
Jornada a tiempo parcial;18 Ceuta;4;2011;1.275,6
Jornada a tiempo parcial;18 Ceuta;4;2010;..
Jornada a tiempo parcial;18 Ceuta;4;2009;..
Jornada a tiempo parcial;18 Ceuta;4;2008;..
Jornada a tiempo parcial;18 Ceuta;4;2007;..
Jornada a tiempo parcial;18 Ceuta;4;2006;1.173,6
Jornada a tiempo parcial;18 Ceuta;5;2024;..
Jornada a tiempo parcial;18 Ceuta;5;2023;..
Jornada a tiempo parcial;18 Ceuta;5;2022;..
Jornada a tiempo parcial;18 Ceuta;5;2021;..
Jornada a tiempo parcial;18 Ceuta;5;2020;..
Jornada a tiempo parcial;18 Ceuta;5;2019;..
Jornada a tiempo parcial;18 Ceuta;5;2018;..
Jornada a tiempo parcial;18 Ceuta;5;2017;1.496,5
Jornada a tiempo parcial;18 Ceuta;5;2016;1.498,6
Jornada a tiempo parcial;18 Ceuta;5;2015;..
Jornada a tiempo parcial;18 Ceuta;5;2014;..
Jornada a tiempo parcial;18 Ceuta;5;2013;..
Jornada a tiempo parcial;18 Ceuta;5;2012;..
Jornada a tiempo parcial;18 Ceuta;5;2011;..
Jornada a tiempo parcial;18 Ceuta;5;2010;..
Jornada a tiempo parcial;18 Ceuta;5;2009;..
Jornada a tiempo parcial;18 Ceuta;5;2008;..
Jornada a tiempo parcial;18 Ceuta;5;2007;..
Jornada a tiempo parcial;18 Ceuta;5;2006;1.223,2
Jornada a tiempo parcial;18 Ceuta;6;2024;2.138,3
Jornada a tiempo parcial;18 Ceuta;6;2023;..
Jornada a tiempo parcial;18 Ceuta;6;2022;..
Jornada a tiempo parcial;18 Ceuta;6;2021;..
Jornada a tiempo parcial;18 Ceuta;6;2020;..
Jornada a tiempo parcial;18 Ceuta;6;2019;..
Jornada a tiempo parcial;18 Ceuta;6;2018;..
Jornada a tiempo parcial;18 Ceuta;6;2017;1.748,0
Jornada a tiempo parcial;18 Ceuta;6;2016;..
Jornada a tiempo parcial;18 Ceuta;6;2015;..
Jornada a tiempo parcial;18 Ceuta;6;2014;..
Jornada a tiempo parcial;18 Ceuta;6;2013;..
Jornada a tiempo parcial;18 Ceuta;6;2012;..
Jornada a tiempo parcial;18 Ceuta;6;2011;..
Jornada a tiempo parcial;18 Ceuta;6;2010;..
Jornada a tiempo parcial;18 Ceuta;6;2009;..
Jornada a tiempo parcial;18 Ceuta;6;2008;..
Jornada a tiempo parcial;18 Ceuta;6;2007;..
Jornada a tiempo parcial;18 Ceuta;6;2006;1.381,2
Jornada a tiempo parcial;18 Ceuta;7;2024;..
Jornada a tiempo parcial;18 Ceuta;7;2023;..
Jornada a tiempo parcial;18 Ceuta;7;2022;..
Jornada a tiempo parcial;18 Ceuta;7;2021;..
Jornada a tiempo parcial;18 Ceuta;7;2020;..
Jornada a tiempo parcial;18 Ceuta;7;2019;..
Jornada a tiempo parcial;18 Ceuta;7;2018;..
Jornada a tiempo parcial;18 Ceuta;7;2017;..
Jornada a tiempo parcial;18 Ceuta;7;2016;..
Jornada a tiempo parcial;18 Ceuta;7;2015;..
Jornada a tiempo parcial;18 Ceuta;7;2014;..
Jornada a tiempo parcial;18 Ceuta;7;2013;..
Jornada a tiempo parcial;18 Ceuta;7;2012;..
Jornada a tiempo parcial;18 Ceuta;7;2011;..
Jornada a tiempo parcial;18 Ceuta;7;2010;..
Jornada a tiempo parcial;18 Ceuta;7;2009;..
Jornada a tiempo parcial;18 Ceuta;7;2008;..
Jornada a tiempo parcial;18 Ceuta;7;2007;..
Jornada a tiempo parcial;18 Ceuta;7;2006;..
Jornada a tiempo parcial;18 Ceuta;8;2024;..
Jornada a tiempo parcial;18 Ceuta;8;2023;..
Jornada a tiempo parcial;18 Ceuta;8;2022;..
Jornada a tiempo parcial;18 Ceuta;8;2021;..
Jornada a tiempo parcial;18 Ceuta;8;2020;..
Jornada a tiempo parcial;18 Ceuta;8;2019;..
Jornada a tiempo parcial;18 Ceuta;8;2018;..
Jornada a tiempo parcial;18 Ceuta;8;2017;..
Jornada a tiempo parcial;18 Ceuta;8;2016;..
Jornada a tiempo parcial;18 Ceuta;8;2015;..
Jornada a tiempo parcial;18 Ceuta;8;2014;..
Jornada a tiempo parcial;18 Ceuta;8;2013;..
Jornada a tiempo parcial;18 Ceuta;8;2012;..
Jornada a tiempo parcial;18 Ceuta;8;2011;..
Jornada a tiempo parcial;18 Ceuta;8;2010;..
Jornada a tiempo parcial;18 Ceuta;8;2009;..
Jornada a tiempo parcial;18 Ceuta;8;2008;..
Jornada a tiempo parcial;18 Ceuta;8;2007;..
Jornada a tiempo parcial;18 Ceuta;8;2006;..
Jornada a tiempo parcial;18 Ceuta;9;2024;..
Jornada a tiempo parcial;18 Ceuta;9;2023;..
Jornada a tiempo parcial;18 Ceuta;9;2022;..
Jornada a tiempo parcial;18 Ceuta;9;2021;..
Jornada a tiempo parcial;18 Ceuta;9;2020;..
Jornada a tiempo parcial;18 Ceuta;9;2019;..
Jornada a tiempo parcial;18 Ceuta;9;2018;..
Jornada a tiempo parcial;18 Ceuta;9;2017;..
Jornada a tiempo parcial;18 Ceuta;9;2016;..
Jornada a tiempo parcial;18 Ceuta;9;2015;..
Jornada a tiempo parcial;18 Ceuta;9;2014;..
Jornada a tiempo parcial;18 Ceuta;9;2013;..
Jornada a tiempo parcial;18 Ceuta;9;2012;..
Jornada a tiempo parcial;18 Ceuta;9;2011;..
Jornada a tiempo parcial;18 Ceuta;9;2010;..
Jornada a tiempo parcial;18 Ceuta;9;2009;..
Jornada a tiempo parcial;18 Ceuta;9;2008;..
Jornada a tiempo parcial;18 Ceuta;9;2007;..
Jornada a tiempo parcial;18 Ceuta;9;2006;2.537,3
Jornada a tiempo parcial;18 Ceuta;10;2024;..
Jornada a tiempo parcial;18 Ceuta;10;2023;..
Jornada a tiempo parcial;18 Ceuta;10;2022;..
Jornada a tiempo parcial;18 Ceuta;10;2021;..
Jornada a tiempo parcial;18 Ceuta;10;2020;..
Jornada a tiempo parcial;18 Ceuta;10;2019;..
Jornada a tiempo parcial;18 Ceuta;10;2018;..
Jornada a tiempo parcial;18 Ceuta;10;2017;..
Jornada a tiempo parcial;18 Ceuta;10;2016;..
Jornada a tiempo parcial;18 Ceuta;10;2015;..
Jornada a tiempo parcial;18 Ceuta;10;2014;..
Jornada a tiempo parcial;18 Ceuta;10;2013;..
Jornada a tiempo parcial;18 Ceuta;10;2012;..
Jornada a tiempo parcial;18 Ceuta;10;2011;..
Jornada a tiempo parcial;18 Ceuta;10;2010;..
Jornada a tiempo parcial;18 Ceuta;10;2009;..
Jornada a tiempo parcial;18 Ceuta;10;2008;..
Jornada a tiempo parcial;18 Ceuta;10;2007;..
Jornada a tiempo parcial;18 Ceuta;10;2006;..
Jornada a tiempo parcial;19 Melilla;Total;2024;740,5
Jornada a tiempo parcial;19 Melilla;Total;2023;1.056,0
Jornada a tiempo parcial;19 Melilla;Total;2022;1.028,9
Jornada a tiempo parcial;19 Melilla;Total;2021;910,5
Jornada a tiempo parcial;19 Melilla;Total;2020;876,0
Jornada a tiempo parcial;19 Melilla;Total;2019;939,6
Jornada a tiempo parcial;19 Melilla;Total;2018;791,1
Jornada a tiempo parcial;19 Melilla;Total;2017;739,2
Jornada a tiempo parcial;19 Melilla;Total;2016;944,8
Jornada a tiempo parcial;19 Melilla;Total;2015;760,2
Jornada a tiempo parcial;19 Melilla;Total;2014;737,2
Jornada a tiempo parcial;19 Melilla;Total;2013;613,3
Jornada a tiempo parcial;19 Melilla;Total;2012;715,3
Jornada a tiempo parcial;19 Melilla;Total;2011;874,7
Jornada a tiempo parcial;19 Melilla;Total;2010;513,2
Jornada a tiempo parcial;19 Melilla;Total;2009;628,2
Jornada a tiempo parcial;19 Melilla;Total;2008;597,6
Jornada a tiempo parcial;19 Melilla;Total;2007;816,0
Jornada a tiempo parcial;19 Melilla;Total;2006;645,9
Jornada a tiempo parcial;19 Melilla;1;2024;671,6
Jornada a tiempo parcial;19 Melilla;1;2023;612,3
Jornada a tiempo parcial;19 Melilla;1;2022;344,0
Jornada a tiempo parcial;19 Melilla;1;2021;696,5
Jornada a tiempo parcial;19 Melilla;1;2020;592,8
Jornada a tiempo parcial;19 Melilla;1;2019;515,7
Jornada a tiempo parcial;19 Melilla;1;2018;512,7
Jornada a tiempo parcial;19 Melilla;1;2017;586,5
Jornada a tiempo parcial;19 Melilla;1;2016;516,7
Jornada a tiempo parcial;19 Melilla;1;2015;556,2
Jornada a tiempo parcial;19 Melilla;1;2014;484,5
Jornada a tiempo parcial;19 Melilla;1;2013;393,0
Jornada a tiempo parcial;19 Melilla;1;2012;408,0
Jornada a tiempo parcial;19 Melilla;1;2011;461,5
Jornada a tiempo parcial;19 Melilla;1;2010;366,3
Jornada a tiempo parcial;19 Melilla;1;2009;484,8
Jornada a tiempo parcial;19 Melilla;1;2008;505,7
Jornada a tiempo parcial;19 Melilla;1;2007;527,8
Jornada a tiempo parcial;19 Melilla;1;2006;492,9
Jornada a tiempo parcial;19 Melilla;2;2024;1.291,3
Jornada a tiempo parcial;19 Melilla;2;2023;1.074,0
Jornada a tiempo parcial;19 Melilla;2;2022;1.162,0
Jornada a tiempo parcial;19 Melilla;2;2021;1.014,2
Jornada a tiempo parcial;19 Melilla;2;2020;949,8
Jornada a tiempo parcial;19 Melilla;2;2019;917,7
Jornada a tiempo parcial;19 Melilla;2;2018;824,9
Jornada a tiempo parcial;19 Melilla;2;2017;803,2
Jornada a tiempo parcial;19 Melilla;2;2016;867,1
Jornada a tiempo parcial;19 Melilla;2;2015;800,1
Jornada a tiempo parcial;19 Melilla;2;2014;787,2
Jornada a tiempo parcial;19 Melilla;2;2013;865,8
Jornada a tiempo parcial;19 Melilla;2;2012;760,7
Jornada a tiempo parcial;19 Melilla;2;2011;873,8
Jornada a tiempo parcial;19 Melilla;2;2010;..
Jornada a tiempo parcial;19 Melilla;2;2009;1.001,3
Jornada a tiempo parcial;19 Melilla;2;2008;..
Jornada a tiempo parcial;19 Melilla;2;2007;819,8
Jornada a tiempo parcial;19 Melilla;2;2006;739,1
Jornada a tiempo parcial;19 Melilla;3;2024;..
Jornada a tiempo parcial;19 Melilla;3;2023;1.474,9
Jornada a tiempo parcial;19 Melilla;3;2022;1.358,9
Jornada a tiempo parcial;19 Melilla;3;2021;1.184,9
Jornada a tiempo parcial;19 Melilla;3;2020;..
Jornada a tiempo parcial;19 Melilla;3;2019;1.203,6
Jornada a tiempo parcial;19 Melilla;3;2018;1.101,1
Jornada a tiempo parcial;19 Melilla;3;2017;..
Jornada a tiempo parcial;19 Melilla;3;2016;1.124,7
Jornada a tiempo parcial;19 Melilla;3;2015;1.015,5
Jornada a tiempo parcial;19 Melilla;3;2014;989,2
Jornada a tiempo parcial;19 Melilla;3;2013;..
Jornada a tiempo parcial;19 Melilla;3;2012;1.111,8
Jornada a tiempo parcial;19 Melilla;3;2011;..
Jornada a tiempo parcial;19 Melilla;3;2010;1.178,9
Jornada a tiempo parcial;19 Melilla;3;2009;1.115,4
Jornada a tiempo parcial;19 Melilla;3;2008;1.123,9
Jornada a tiempo parcial;19 Melilla;3;2007;..
Jornada a tiempo parcial;19 Melilla;3;2006;1.043,4
Jornada a tiempo parcial;19 Melilla;4;2024;..
Jornada a tiempo parcial;19 Melilla;4;2023;..
Jornada a tiempo parcial;19 Melilla;4;2022;1.553,7
Jornada a tiempo parcial;19 Melilla;4;2021;1.549,6
Jornada a tiempo parcial;19 Melilla;4;2020;1.485,7
Jornada a tiempo parcial;19 Melilla;4;2019;1.441,1
Jornada a tiempo parcial;19 Melilla;4;2018;1.326,0
Jornada a tiempo parcial;19 Melilla;4;2017;..
Jornada a tiempo parcial;19 Melilla;4;2016;..
Jornada a tiempo parcial;19 Melilla;4;2015;..
Jornada a tiempo parcial;19 Melilla;4;2014;..
Jornada a tiempo parcial;19 Melilla;4;2013;..
Jornada a tiempo parcial;19 Melilla;4;2012;..
Jornada a tiempo parcial;19 Melilla;4;2011;..
Jornada a tiempo parcial;19 Melilla;4;2010;..
Jornada a tiempo parcial;19 Melilla;4;2009;..
Jornada a tiempo parcial;19 Melilla;4;2008;1.221,8
Jornada a tiempo parcial;19 Melilla;4;2007;..
Jornada a tiempo parcial;19 Melilla;4;2006;..
Jornada a tiempo parcial;19 Melilla;5;2024;..
Jornada a tiempo parcial;19 Melilla;5;2023;..
Jornada a tiempo parcial;19 Melilla;5;2022;..
Jornada a tiempo parcial;19 Melilla;5;2021;..
Jornada a tiempo parcial;19 Melilla;5;2020;..
Jornada a tiempo parcial;19 Melilla;5;2019;1.541,6
Jornada a tiempo parcial;19 Melilla;5;2018;1.471,5
Jornada a tiempo parcial;19 Melilla;5;2017;..
Jornada a tiempo parcial;19 Melilla;5;2016;..
Jornada a tiempo parcial;19 Melilla;5;2015;..
Jornada a tiempo parcial;19 Melilla;5;2014;..
Jornada a tiempo parcial;19 Melilla;5;2013;..
Jornada a tiempo parcial;19 Melilla;5;2012;..
Jornada a tiempo parcial;19 Melilla;5;2011;..
Jornada a tiempo parcial;19 Melilla;5;2010;..
Jornada a tiempo parcial;19 Melilla;5;2009;..
Jornada a tiempo parcial;19 Melilla;5;2008;..
Jornada a tiempo parcial;19 Melilla;5;2007;1.376,5
Jornada a tiempo parcial;19 Melilla;5;2006;1.290,0
Jornada a tiempo parcial;19 Melilla;6;2024;..
Jornada a tiempo parcial;19 Melilla;6;2023;..
Jornada a tiempo parcial;19 Melilla;6;2022;1.855,1
Jornada a tiempo parcial;19 Melilla;6;2021;..
Jornada a tiempo parcial;19 Melilla;6;2020;..
Jornada a tiempo parcial;19 Melilla;6;2019;..
Jornada a tiempo parcial;19 Melilla;6;2018;..
Jornada a tiempo parcial;19 Melilla;6;2017;1.789,2
Jornada a tiempo parcial;19 Melilla;6;2016;..
Jornada a tiempo parcial;19 Melilla;6;2015;..
Jornada a tiempo parcial;19 Melilla;6;2014;..
Jornada a tiempo parcial;19 Melilla;6;2013;..
Jornada a tiempo parcial;19 Melilla;6;2012;..
Jornada a tiempo parcial;19 Melilla;6;2011;..
Jornada a tiempo parcial;19 Melilla;6;2010;..
Jornada a tiempo parcial;19 Melilla;6;2009;..
Jornada a tiempo parcial;19 Melilla;6;2008;..
Jornada a tiempo parcial;19 Melilla;6;2007;..
Jornada a tiempo parcial;19 Melilla;6;2006;..
Jornada a tiempo parcial;19 Melilla;7;2024;..
Jornada a tiempo parcial;19 Melilla;7;2023;..
Jornada a tiempo parcial;19 Melilla;7;2022;..
Jornada a tiempo parcial;19 Melilla;7;2021;..
Jornada a tiempo parcial;19 Melilla;7;2020;..
Jornada a tiempo parcial;19 Melilla;7;2019;..
Jornada a tiempo parcial;19 Melilla;7;2018;2.028,9
Jornada a tiempo parcial;19 Melilla;7;2017;..
Jornada a tiempo parcial;19 Melilla;7;2016;..
Jornada a tiempo parcial;19 Melilla;7;2015;..
Jornada a tiempo parcial;19 Melilla;7;2014;..
Jornada a tiempo parcial;19 Melilla;7;2013;..
Jornada a tiempo parcial;19 Melilla;7;2012;..
Jornada a tiempo parcial;19 Melilla;7;2011;..
Jornada a tiempo parcial;19 Melilla;7;2010;..
Jornada a tiempo parcial;19 Melilla;7;2009;..
Jornada a tiempo parcial;19 Melilla;7;2008;..
Jornada a tiempo parcial;19 Melilla;7;2007;1.627,8
Jornada a tiempo parcial;19 Melilla;7;2006;..
Jornada a tiempo parcial;19 Melilla;8;2024;..
Jornada a tiempo parcial;19 Melilla;8;2023;..
Jornada a tiempo parcial;19 Melilla;8;2022;..
Jornada a tiempo parcial;19 Melilla;8;2021;..
Jornada a tiempo parcial;19 Melilla;8;2020;..
Jornada a tiempo parcial;19 Melilla;8;2019;2.298,3
Jornada a tiempo parcial;19 Melilla;8;2018;..
Jornada a tiempo parcial;19 Melilla;8;2017;..
Jornada a tiempo parcial;19 Melilla;8;2016;..
Jornada a tiempo parcial;19 Melilla;8;2015;..
Jornada a tiempo parcial;19 Melilla;8;2014;..
Jornada a tiempo parcial;19 Melilla;8;2013;..
Jornada a tiempo parcial;19 Melilla;8;2012;..
Jornada a tiempo parcial;19 Melilla;8;2011;2.516,2
Jornada a tiempo parcial;19 Melilla;8;2010;..
Jornada a tiempo parcial;19 Melilla;8;2009;..
Jornada a tiempo parcial;19 Melilla;8;2008;..
Jornada a tiempo parcial;19 Melilla;8;2007;..
Jornada a tiempo parcial;19 Melilla;8;2006;..
Jornada a tiempo parcial;19 Melilla;9;2024;..
Jornada a tiempo parcial;19 Melilla;9;2023;..
Jornada a tiempo parcial;19 Melilla;9;2022;..
Jornada a tiempo parcial;19 Melilla;9;2021;..
Jornada a tiempo parcial;19 Melilla;9;2020;3.315,1
Jornada a tiempo parcial;19 Melilla;9;2019;..
Jornada a tiempo parcial;19 Melilla;9;2018;..
Jornada a tiempo parcial;19 Melilla;9;2017;..
Jornada a tiempo parcial;19 Melilla;9;2016;2.758,5
Jornada a tiempo parcial;19 Melilla;9;2015;..
Jornada a tiempo parcial;19 Melilla;9;2014;..
Jornada a tiempo parcial;19 Melilla;9;2013;..
Jornada a tiempo parcial;19 Melilla;9;2012;..
Jornada a tiempo parcial;19 Melilla;9;2011;..
Jornada a tiempo parcial;19 Melilla;9;2010;..
Jornada a tiempo parcial;19 Melilla;9;2009;..
Jornada a tiempo parcial;19 Melilla;9;2008;..
Jornada a tiempo parcial;19 Melilla;9;2007;..
Jornada a tiempo parcial;19 Melilla;9;2006;..
Jornada a tiempo parcial;19 Melilla;10;2024;..
Jornada a tiempo parcial;19 Melilla;10;2023;..
Jornada a tiempo parcial;19 Melilla;10;2022;..
Jornada a tiempo parcial;19 Melilla;10;2021;..
Jornada a tiempo parcial;19 Melilla;10;2020;..
Jornada a tiempo parcial;19 Melilla;10;2019;..
Jornada a tiempo parcial;19 Melilla;10;2018;..
Jornada a tiempo parcial;19 Melilla;10;2017;..
Jornada a tiempo parcial;19 Melilla;10;2016;..
Jornada a tiempo parcial;19 Melilla;10;2015;..
Jornada a tiempo parcial;19 Melilla;10;2014;..
Jornada a tiempo parcial;19 Melilla;10;2013;..
Jornada a tiempo parcial;19 Melilla;10;2012;..
Jornada a tiempo parcial;19 Melilla;10;2011;..
Jornada a tiempo parcial;19 Melilla;10;2010;..
Jornada a tiempo parcial;19 Melilla;10;2009;..
Jornada a tiempo parcial;19 Melilla;10;2008;..
Jornada a tiempo parcial;19 Melilla;10;2007;..
Jornada a tiempo parcial;19 Melilla;10;2006;..
